STARTFONT 2.1
COMMENT
COMMENT Converted from OpenType font "NotoSansMono-Regular.ttf" by "otf2bdf 3.0".
COMMENT
FONT -FreeType-Noto Sans Mono-Medium-R-Normal--17-120-100-100-C-82-ISO10646-1
SIZE 12 100 100
FONTBOUNDINGBOX 40 28 -10 -7
STARTPROPERTIES 19
FOUNDRY "FreeType"
FAMILY_NAME "Noto Sans Mono"
WEIGHT_NAME "Medium"
SLANT "R"
SETWIDTH_NAME "Normal"
ADD_STYLE_NAME ""
PIXEL_SIZE 17
POINT_SIZE 120
RESOLUTION_X 100
RESOLUTION_Y 100
SPACING "C"
AVERAGE_WIDTH 82
CHARSET_REGISTRY "ISO10646"
CHARSET_ENCODING "1"
FONT_ASCENT 18
FONT_DESCENT 4
COPYRIGHT "Copyright 2022 The Noto Project Authors (https://github.com/notofonts/latin-greek-cyrillic)"
_OTF_FONTFILE "NotoSansMono-Regular.ttf"
_OTF_PSNAME "NotoSansMono-Regular"
ENDPROPERTIES
CHARS 3398
STARTCHAR 0000
ENCODING 0
SWIDTH 0 0
DWIDTH 0 0
BBX 0 0 0 0
BITMAP
ENDCHAR
STARTCHAR 000D
ENCODING 13
SWIDTH 600 0
DWIDTH 10 0
BBX 0 0 0 0
BITMAP
ENDCHAR
STARTCHAR 0020
ENCODING 32
SWIDTH 600 0
DWIDTH 10 0
BBX 0 0 0 0
BITMAP
ENDCHAR
STARTCHAR 0021
ENCODING 33
SWIDTH 600 0
DWIDTH 10 0
BBX 2 12 4 0
BITMAP
C0
C0
C0
C0
C0
C0
C0
C0
00
00
C0
C0
ENDCHAR
STARTCHAR 0022
ENCODING 34
SWIDTH 600 0
DWIDTH 10 0
BBX 4 4 3 8
BITMAP
90
90
90
90
ENDCHAR
STARTCHAR 0023
ENCODING 35
SWIDTH 600 0
DWIDTH 10 0
BBX 10 12 0 0
BITMAP
0900
0900
0900
1900
7FC0
1200
1200
FF80
2600
2400
2400
2400
ENDCHAR
STARTCHAR 0024
ENCODING 36
SWIDTH 600 0
DWIDTH 10 0
BBX 8 13 1 0
BITMAP
10
3C
7E
D0
D0
50
38
1E
13
13
92
FC
10
ENDCHAR
STARTCHAR 0025
ENCODING 37
SWIDTH 600 0
DWIDTH 10 0
BBX 10 12 0 0
BITMAP
7180
D900
9A00
8A00
DC00
7400
0B80
0EC0
1440
1440
26C0
6380
ENDCHAR
STARTCHAR 0026
ENCODING 38
SWIDTH 600 0
DWIDTH 10 0
BBX 9 12 1 0
BITMAP
7800
4C00
4C00
4800
7800
3000
5100
9B00
8E00
8600
CF00
7980
ENDCHAR
STARTCHAR 0027
ENCODING 39
SWIDTH 600 0
DWIDTH 10 0
BBX 2 4 4 8
BITMAP
C0
C0
C0
80
ENDCHAR
STARTCHAR 0028
ENCODING 40
SWIDTH 600 0
DWIDTH 10 0
BBX 4 14 3 -2
BITMAP
30
20
60
40
40
C0
C0
C0
C0
40
40
60
60
30
ENDCHAR
STARTCHAR 0029
ENCODING 41
SWIDTH 600 0
DWIDTH 10 0
BBX 4 14 3 -2
BITMAP
C0
40
60
20
20
30
30
30
30
20
20
60
60
C0
ENDCHAR
STARTCHAR 002A
ENCODING 42
SWIDTH 600 0
DWIDTH 10 0
BBX 8 7 1 6
BITMAP
18
18
52
FF
18
66
24
ENDCHAR
STARTCHAR 002B
ENCODING 43
SWIDTH 600 0
DWIDTH 10 0
BBX 8 8 1 2
BITMAP
18
18
18
18
FF
18
18
18
ENDCHAR
STARTCHAR 002C
ENCODING 44
SWIDTH 600 0
DWIDTH 10 0
BBX 2 4 4 -2
BITMAP
C0
C0
80
80
ENDCHAR
STARTCHAR 002D
ENCODING 45
SWIDTH 600 0
DWIDTH 10 0
BBX 6 1 2 4
BITMAP
FC
ENDCHAR
STARTCHAR 002E
ENCODING 46
SWIDTH 600 0
DWIDTH 10 0
BBX 2 2 4 0
BITMAP
C0
C0
ENDCHAR
STARTCHAR 002F
ENCODING 47
SWIDTH 600 0
DWIDTH 10 0
BBX 6 12 2 0
BITMAP
0C
08
08
18
10
30
30
20
60
40
40
C0
ENDCHAR
STARTCHAR 0030
ENCODING 48
SWIDTH 600 0
DWIDTH 10 0
BBX 8 12 1 0
BITMAP
3C
66
C6
C7
8D
99
91
B1
E3
63
66
3C
ENDCHAR
STARTCHAR 0031
ENCODING 49
SWIDTH 600 0
DWIDTH 10 0
BBX 7 12 2 0
BITMAP
30
F0
90
10
10
10
10
10
10
10
10
FE
ENDCHAR
STARTCHAR 0032
ENCODING 50
SWIDTH 600 0
DWIDTH 10 0
BBX 8 12 1 0
BITMAP
3C
E6
02
02
02
06
0C
08
10
20
40
FF
ENDCHAR
STARTCHAR 0033
ENCODING 51
SWIDTH 600 0
DWIDTH 10 0
BBX 8 12 1 0
BITMAP
7C
C6
02
02
06
38
06
03
03
03
C6
FC
ENDCHAR
STARTCHAR 0034
ENCODING 52
SWIDTH 600 0
DWIDTH 10 0
BBX 8 12 1 0
BITMAP
0C
0C
1C
14
24
64
44
C4
FF
04
04
04
ENDCHAR
STARTCHAR 0035
ENCODING 53
SWIDTH 600 0
DWIDTH 10 0
BBX 8 12 1 0
BITMAP
7E
40
40
40
40
7C
06
03
03
03
86
7C
ENDCHAR
STARTCHAR 0036
ENCODING 54
SWIDTH 600 0
DWIDTH 10 0
BBX 8 12 1 0
BITMAP
1E
30
40
C0
DC
A6
C3
81
C1
C3
66
3C
ENDCHAR
STARTCHAR 0037
ENCODING 55
SWIDTH 600 0
DWIDTH 10 0
BBX 8 12 1 0
BITMAP
FF
03
02
02
06
04
0C
08
18
18
10
30
ENDCHAR
STARTCHAR 0038
ENCODING 56
SWIDTH 600 0
DWIDTH 10 0
BBX 8 12 1 0
BITMAP
3C
66
42
42
66
3C
6E
C2
C3
C3
66
3C
ENDCHAR
STARTCHAR 0039
ENCODING 57
SWIDTH 600 0
DWIDTH 10 0
BBX 8 12 1 0
BITMAP
3C
66
C3
83
C3
C3
7F
03
03
06
0C
78
ENDCHAR
STARTCHAR 003A
ENCODING 58
SWIDTH 600 0
DWIDTH 10 0
BBX 2 9 4 0
BITMAP
C0
C0
00
00
00
00
00
C0
C0
ENDCHAR
STARTCHAR 003B
ENCODING 59
SWIDTH 600 0
DWIDTH 10 0
BBX 2 11 4 -2
BITMAP
C0
C0
00
00
00
00
00
C0
C0
80
80
ENDCHAR
STARTCHAR 003C
ENCODING 60
SWIDTH 600 0
DWIDTH 10 0
BBX 8 8 1 2
BITMAP
03
06
18
60
E0
38
0E
03
ENDCHAR
STARTCHAR 003D
ENCODING 61
SWIDTH 600 0
DWIDTH 10 0
BBX 8 4 1 4
BITMAP
FF
00
00
FF
ENDCHAR
STARTCHAR 003E
ENCODING 62
SWIDTH 600 0
DWIDTH 10 0
BBX 8 8 1 2
BITMAP
C0
60
18
06
07
1C
70
C0
ENDCHAR
STARTCHAR 003F
ENCODING 63
SWIDTH 600 0
DWIDTH 10 0
BBX 8 12 1 0
BITMAP
FC
46
03
02
02
0C
18
10
10
00
18
10
ENDCHAR
STARTCHAR 0040
ENCODING 64
SWIDTH 600 0
DWIDTH 10 0
BBX 10 13 0 -1
BITMAP
1E00
3100
6080
4E80
DA40
9240
B240
9240
D280
5D80
4000
2080
1F00
ENDCHAR
STARTCHAR 0041
ENCODING 65
SWIDTH 600 0
DWIDTH 10 0
BBX 10 12 0 0
BITMAP
0C00
0C00
1E00
1200
1200
3300
3300
3F00
6180
6180
4080
C0C0
ENDCHAR
STARTCHAR 0042
ENCODING 66
SWIDTH 600 0
DWIDTH 10 0
BBX 7 12 2 0
BITMAP
F8
8C
86
86
84
F8
84
86
82
86
86
F8
ENDCHAR
STARTCHAR 0043
ENCODING 67
SWIDTH 600 0
DWIDTH 10 0
BBX 8 12 1 0
BITMAP
1F
31
60
C0
C0
C0
C0
C0
C0
40
71
1F
ENDCHAR
STARTCHAR 0044
ENCODING 68
SWIDTH 600 0
DWIDTH 10 0
BBX 8 12 1 0
BITMAP
F8
CE
C3
C3
C1
C1
C1
C1
C3
C2
CE
F8
ENDCHAR
STARTCHAR 0045
ENCODING 69
SWIDTH 600 0
DWIDTH 10 0
BBX 7 12 2 0
BITMAP
FE
80
80
80
80
FC
80
80
80
80
80
FE
ENDCHAR
STARTCHAR 0046
ENCODING 70
SWIDTH 600 0
DWIDTH 10 0
BBX 7 12 2 0
BITMAP
FE
80
80
80
80
80
FC
80
80
80
80
80
ENDCHAR
STARTCHAR 0047
ENCODING 71
SWIDTH 600 0
DWIDTH 10 0
BBX 8 12 1 0
BITMAP
3F
62
C0
C0
80
80
8F
83
C3
C3
63
3F
ENDCHAR
STARTCHAR 0048
ENCODING 72
SWIDTH 600 0
DWIDTH 10 0
BBX 8 12 1 0
BITMAP
C3
C3
C3
C3
C3
FF
C3
C3
C3
C3
C3
C3
ENDCHAR
STARTCHAR 0049
ENCODING 73
SWIDTH 600 0
DWIDTH 10 0
BBX 6 12 2 0
BITMAP
FC
30
30
30
30
30
30
30
30
30
30
FC
ENDCHAR
STARTCHAR 004A
ENCODING 74
SWIDTH 600 0
DWIDTH 10 0
BBX 6 12 2 0
BITMAP
0C
0C
0C
0C
0C
0C
0C
0C
0C
0C
98
F0
ENDCHAR
STARTCHAR 004B
ENCODING 75
SWIDTH 600 0
DWIDTH 10 0
BBX 8 12 1 0
BITMAP
C3
C6
CC
C8
D8
F0
F8
C8
CC
C6
C2
C3
ENDCHAR
STARTCHAR 004C
ENCODING 76
SWIDTH 600 0
DWIDTH 10 0
BBX 7 12 2 0
BITMAP
80
80
80
80
80
80
80
80
80
80
80
FE
ENDCHAR
STARTCHAR 004D
ENCODING 77
SWIDTH 600 0
DWIDTH 10 0
BBX 8 12 1 0
BITMAP
C3
C3
E7
A5
A5
BD
99
99
99
81
81
81
ENDCHAR
STARTCHAR 004E
ENCODING 78
SWIDTH 600 0
DWIDTH 10 0
BBX 8 12 1 0
BITMAP
C3
E3
A3
F3
D3
DB
CB
CB
CF
C7
C7
C3
ENDCHAR
STARTCHAR 004F
ENCODING 79
SWIDTH 600 0
DWIDTH 10 0
BBX 8 12 1 0
BITMAP
3C
66
C3
C3
81
81
81
81
C3
C3
66
3C
ENDCHAR
STARTCHAR 0050
ENCODING 80
SWIDTH 600 0
DWIDTH 10 0
BBX 7 12 2 0
BITMAP
FC
8E
86
82
86
86
FC
80
80
80
80
80
ENDCHAR
STARTCHAR 0051
ENCODING 81
SWIDTH 600 0
DWIDTH 10 0
BBX 8 15 1 -3
BITMAP
3C
66
C3
C3
81
81
81
81
C3
C3
66
3C
06
02
03
ENDCHAR
STARTCHAR 0052
ENCODING 82
SWIDTH 600 0
DWIDTH 10 0
BBX 7 12 2 0
BITMAP
F8
8C
84
86
84
8C
F8
98
88
8C
86
82
ENDCHAR
STARTCHAR 0053
ENCODING 83
SWIDTH 600 0
DWIDTH 10 0
BBX 8 12 1 0
BITMAP
3F
62
40
40
60
38
0E
03
03
03
C6
7C
ENDCHAR
STARTCHAR 0054
ENCODING 84
SWIDTH 600 0
DWIDTH 10 0
BBX 8 12 1 0
BITMAP
FF
18
18
18
18
18
18
18
18
18
18
18
ENDCHAR
STARTCHAR 0055
ENCODING 85
SWIDTH 600 0
DWIDTH 10 0
BBX 8 12 1 0
BITMAP
C3
C3
C3
C3
C3
C3
C3
C3
C3
C3
66
3C
ENDCHAR
STARTCHAR 0056
ENCODING 86
SWIDTH 600 0
DWIDTH 10 0
BBX 10 12 0 0
BITMAP
C0C0
4080
6180
2100
2100
3300
3300
1200
1A00
1E00
0C00
0C00
ENDCHAR
STARTCHAR 0057
ENCODING 87
SWIDTH 600 0
DWIDTH 10 0
BBX 10 12 0 0
BITMAP
C0C0
4080
4080
4C80
4C80
4C80
5E80
5280
7280
7380
3380
2100
ENDCHAR
STARTCHAR 0058
ENCODING 88
SWIDTH 600 0
DWIDTH 10 0
BBX 8 12 1 0
BITMAP
C3
42
66
24
1C
18
18
3C
24
66
C3
81
ENDCHAR
STARTCHAR 0059
ENCODING 89
SWIDTH 600 0
DWIDTH 10 0
BBX 8 12 1 0
BITMAP
81
C3
42
66
24
3C
18
18
18
18
18
18
ENDCHAR
STARTCHAR 005A
ENCODING 90
SWIDTH 600 0
DWIDTH 10 0
BBX 6 12 2 0
BITMAP
FC
04
0C
08
18
10
30
60
40
C0
80
FC
ENDCHAR
STARTCHAR 005B
ENCODING 91
SWIDTH 600 0
DWIDTH 10 0
BBX 4 14 4 -2
BITMAP
F0
80
80
80
80
80
80
80
80
80
80
80
80
F0
ENDCHAR
STARTCHAR 005C
ENCODING 92
SWIDTH 600 0
DWIDTH 10 0
BBX 6 12 2 0
BITMAP
C0
40
40
60
20
30
30
10
18
08
08
0C
ENDCHAR
STARTCHAR 005D
ENCODING 93
SWIDTH 600 0
DWIDTH 10 0
BBX 4 14 2 -2
BITMAP
F0
10
10
10
10
10
10
10
10
10
10
10
10
F0
ENDCHAR
STARTCHAR 005E
ENCODING 94
SWIDTH 600 0
DWIDTH 10 0
BBX 8 8 1 4
BITMAP
10
18
38
24
64
42
42
81
ENDCHAR
STARTCHAR 005F
ENCODING 95
SWIDTH 600 0
DWIDTH 10 0
BBX 10 1 0 -2
BITMAP
FFC0
ENDCHAR
STARTCHAR 0060
ENCODING 96
SWIDTH 600 0
DWIDTH 10 0
BBX 4 3 3 10
BITMAP
C0
60
30
ENDCHAR
STARTCHAR 0061
ENCODING 97
SWIDTH 600 0
DWIDTH 10 0
BBX 8 9 1 0
BITMAP
7C
46
02
3F
63
C3
C3
C7
7B
ENDCHAR
STARTCHAR 0062
ENCODING 98
SWIDTH 600 0
DWIDTH 10 0
BBX 8 13 1 0
BITMAP
C0
C0
C0
C0
DC
E6
C3
C3
C1
C3
C3
E6
DC
ENDCHAR
STARTCHAR 0063
ENCODING 99
SWIDTH 600 0
DWIDTH 10 0
BBX 7 9 1 0
BITMAP
3E
62
40
C0
C0
C0
40
62
3E
ENDCHAR
STARTCHAR 0064
ENCODING 100
SWIDTH 600 0
DWIDTH 10 0
BBX 8 13 1 0
BITMAP
03
03
03
03
3B
67
C3
C3
83
C3
C3
67
3B
ENDCHAR
STARTCHAR 0065
ENCODING 101
SWIDTH 600 0
DWIDTH 10 0
BBX 8 9 1 0
BITMAP
3C
66
C3
C3
FF
C0
C0
61
3E
ENDCHAR
STARTCHAR 0066
ENCODING 102
SWIDTH 600 0
DWIDTH 10 0
BBX 9 13 1 0
BITMAP
0F80
1880
1800
1800
FF00
1800
1800
1800
1800
1800
1800
1800
1800
ENDCHAR
STARTCHAR 0067
ENCODING 103
SWIDTH 600 0
DWIDTH 10 0
BBX 8 13 1 -4
BITMAP
3B
67
C3
C3
83
C3
C3
67
3F
03
03
C6
7C
ENDCHAR
STARTCHAR 0068
ENCODING 104
SWIDTH 600 0
DWIDTH 10 0
BBX 8 13 1 0
BITMAP
C0
C0
C0
C0
DE
E6
C3
C3
C3
C3
C3
C3
C3
ENDCHAR
STARTCHAR 0069
ENCODING 105
SWIDTH 600 0
DWIDTH 10 0
BBX 8 13 1 0
BITMAP
18
18
00
00
78
08
08
08
08
08
08
08
FF
ENDCHAR
STARTCHAR 006A
ENCODING 106
SWIDTH 600 0
DWIDTH 10 0
BBX 6 17 1 -4
BITMAP
0C
0C
00
00
7C
0C
0C
0C
0C
0C
0C
0C
0C
0C
0C
98
F0
ENDCHAR
STARTCHAR 006B
ENCODING 107
SWIDTH 600 0
DWIDTH 10 0
BBX 8 13 2 0
BITMAP
80
80
80
80
86
8C
98
B0
B0
D8
8C
84
87
ENDCHAR
STARTCHAR 006C
ENCODING 108
SWIDTH 600 0
DWIDTH 10 0
BBX 8 13 1 0
BITMAP
F8
08
08
08
08
08
08
08
08
08
08
08
FF
ENDCHAR
STARTCHAR 006D
ENCODING 109
SWIDTH 600 0
DWIDTH 10 0
BBX 8 9 1 0
BITMAP
B7
D9
99
99
99
99
99
99
99
ENDCHAR
STARTCHAR 006E
ENCODING 110
SWIDTH 600 0
DWIDTH 10 0
BBX 8 9 1 0
BITMAP
DE
E2
C3
C3
C3
C3
C3
C3
C3
ENDCHAR
STARTCHAR 006F
ENCODING 111
SWIDTH 600 0
DWIDTH 10 0
BBX 8 9 1 0
BITMAP
3C
66
C3
83
81
83
C3
66
3C
ENDCHAR
STARTCHAR 0070
ENCODING 112
SWIDTH 600 0
DWIDTH 10 0
BBX 8 13 1 -4
BITMAP
DC
E6
C3
C3
C1
C3
C3
E6
DC
C0
C0
C0
C0
ENDCHAR
STARTCHAR 0071
ENCODING 113
SWIDTH 600 0
DWIDTH 10 0
BBX 8 13 1 -4
BITMAP
3B
67
C3
C3
83
C3
C3
67
3B
03
03
03
03
ENDCHAR
STARTCHAR 0072
ENCODING 114
SWIDTH 600 0
DWIDTH 10 0
BBX 9 9 1 0
BITMAP
F780
1C80
1800
1000
1000
1000
1000
1000
FE00
ENDCHAR
STARTCHAR 0073
ENCODING 115
SWIDTH 600 0
DWIDTH 10 0
BBX 6 9 2 0
BITMAP
7C
C4
80
E0
38
0C
04
8C
F8
ENDCHAR
STARTCHAR 0074
ENCODING 116
SWIDTH 600 0
DWIDTH 10 0
BBX 8 12 1 0
BITMAP
10
10
30
FE
30
30
30
30
30
30
18
1F
ENDCHAR
STARTCHAR 0075
ENCODING 117
SWIDTH 600 0
DWIDTH 10 0
BBX 8 9 1 0
BITMAP
C3
C3
C3
C3
C3
C3
C3
47
7B
ENDCHAR
STARTCHAR 0076
ENCODING 118
SWIDTH 600 0
DWIDTH 10 0
BBX 8 9 1 0
BITMAP
81
C3
42
66
66
24
3C
38
18
ENDCHAR
STARTCHAR 0077
ENCODING 119
SWIDTH 600 0
DWIDTH 10 0
BBX 10 9 0 0
BITMAP
C0C0
40C0
4C80
4C80
5E80
5280
7380
7380
3300
ENDCHAR
STARTCHAR 0078
ENCODING 120
SWIDTH 600 0
DWIDTH 10 0
BBX 8 9 1 0
BITMAP
C3
66
24
3C
18
3C
24
66
C3
ENDCHAR
STARTCHAR 0079
ENCODING 121
SWIDTH 600 0
DWIDTH 10 0
BBX 8 13 1 -4
BITMAP
81
C3
42
62
26
24
34
18
18
18
10
30
E0
ENDCHAR
STARTCHAR 007A
ENCODING 122
SWIDTH 600 0
DWIDTH 10 0
BBX 8 9 1 0
BITMAP
7E
02
04
0C
18
30
20
60
FF
ENDCHAR
STARTCHAR 007B
ENCODING 123
SWIDTH 600 0
DWIDTH 10 0
BBX 6 14 2 -2
BITMAP
0C
10
30
30
30
30
30
C0
30
30
30
30
30
1C
ENDCHAR
STARTCHAR 007C
ENCODING 124
SWIDTH 600 0
DWIDTH 10 0
BBX 2 17 4 -4
BITMAP
C0
C0
C0
C0
C0
C0
C0
C0
C0
C0
C0
C0
C0
C0
C0
C0
C0
ENDCHAR
STARTCHAR 007D
ENCODING 125
SWIDTH 600 0
DWIDTH 10 0
BBX 6 14 2 -2
BITMAP
C0
20
30
30
30
30
30
0C
30
30
30
30
30
E0
ENDCHAR
STARTCHAR 007E
ENCODING 126
SWIDTH 600 0
DWIDTH 10 0
BBX 8 3 1 5
BITMAP
71
5A
8E
ENDCHAR
STARTCHAR 00A0
ENCODING 160
SWIDTH 600 0
DWIDTH 10 0
BBX 0 0 0 0
BITMAP
ENDCHAR
STARTCHAR 00A1
ENCODING 161
SWIDTH 600 0
DWIDTH 10 0
BBX 2 12 4 -3
BITMAP
C0
C0
00
00
C0
C0
C0
C0
C0
C0
C0
C0
ENDCHAR
STARTCHAR 00A2
ENCODING 162
SWIDTH 600 0
DWIDTH 10 0
BBX 8 12 1 0
BITMAP
08
3F
62
40
40
C0
40
40
61
3E
08
08
ENDCHAR
STARTCHAR 00A3
ENCODING 163
SWIDTH 600 0
DWIDTH 10 0
BBX 8 12 1 0
BITMAP
1F
32
30
30
30
30
7C
30
30
20
60
FF
ENDCHAR
STARTCHAR 00A4
ENCODING 164
SWIDTH 600 0
DWIDTH 10 0
BBX 8 8 1 1
BITMAP
FF
66
42
42
42
66
7E
81
ENDCHAR
STARTCHAR 00A5
ENCODING 165
SWIDTH 600 0
DWIDTH 10 0
BBX 8 12 1 0
BITMAP
81
C3
42
66
24
18
7E
18
18
7E
18
18
ENDCHAR
STARTCHAR 00A6
ENCODING 166
SWIDTH 600 0
DWIDTH 10 0
BBX 2 17 4 -4
BITMAP
C0
C0
C0
C0
C0
C0
00
00
00
00
00
C0
C0
C0
C0
C0
C0
ENDCHAR
STARTCHAR 00A7
ENCODING 167
SWIDTH 600 0
DWIDTH 10 0
BBX 6 13 2 0
BITMAP
7C
C4
80
E0
78
8C
84
C4
38
0C
04
8C
F8
ENDCHAR
STARTCHAR 00A8
ENCODING 168
SWIDTH 600 0
DWIDTH 10 0
BBX 6 2 2 10
BITMAP
CC
CC
ENDCHAR
STARTCHAR 00A9
ENCODING 169
SWIDTH 600 0
DWIDTH 10 0
BBX 8 8 1 2
BITMAP
3C
5E
A5
A1
A1
A1
DB
7E
ENDCHAR
STARTCHAR 00AA
ENCODING 170
SWIDTH 600 0
DWIDTH 10 0
BBX 4 5 3 7
BITMAP
F0
10
F0
90
F0
ENDCHAR
STARTCHAR 00AB
ENCODING 171
SWIDTH 600 0
DWIDTH 10 0
BBX 8 7 1 1
BITMAP
13
36
64
C8
6C
36
13
ENDCHAR
STARTCHAR 00AC
ENCODING 172
SWIDTH 600 0
DWIDTH 10 0
BBX 8 4 1 2
BITMAP
FF
03
03
03
ENDCHAR
STARTCHAR 00AE
ENCODING 174
SWIDTH 600 0
DWIDTH 10 0
BBX 8 8 1 2
BITMAP
3C
7A
A5
A5
B9
AD
C3
7E
ENDCHAR
STARTCHAR 00AF
ENCODING 175
SWIDTH 600 0
DWIDTH 10 0
BBX 4 1 3 10
BITMAP
F0
ENDCHAR
STARTCHAR 00B0
ENCODING 176
SWIDTH 600 0
DWIDTH 10 0
BBX 6 5 2 7
BITMAP
78
48
C4
48
78
ENDCHAR
STARTCHAR 00B1
ENCODING 177
SWIDTH 600 0
DWIDTH 10 0
BBX 8 10 1 0
BITMAP
18
18
18
18
FF
18
18
18
00
FF
ENDCHAR
STARTCHAR 00B2
ENCODING 178
SWIDTH 600 0
DWIDTH 10 0
BBX 5 7 3 7
BITMAP
F0
90
10
30
60
C0
F8
ENDCHAR
STARTCHAR 00B3
ENCODING 179
SWIDTH 600 0
DWIDTH 10 0
BBX 4 7 3 7
BITMAP
F0
90
10
60
10
10
F0
ENDCHAR
STARTCHAR 00B4
ENCODING 180
SWIDTH 600 0
DWIDTH 10 0
BBX 3 3 4 10
BITMAP
20
60
C0
ENDCHAR
STARTCHAR 00B5
ENCODING 181
SWIDTH 600 0
DWIDTH 10 0
BBX 8 13 1 -4
BITMAP
C3
C3
C3
C3
C3
C3
C3
C7
FB
C0
C0
C0
C0
ENDCHAR
STARTCHAR 00B6
ENCODING 182
SWIDTH 600 0
DWIDTH 10 0
BBX 8 15 1 -2
BITMAP
7F
F9
F9
F9
F9
F9
F9
79
09
09
09
09
09
09
09
ENDCHAR
STARTCHAR 00B7
ENCODING 183
SWIDTH 600 0
DWIDTH 10 0
BBX 2 2 4 5
BITMAP
C0
C0
ENDCHAR
STARTCHAR 00B8
ENCODING 184
SWIDTH 600 0
DWIDTH 10 0
BBX 4 4 3 -4
BITMAP
60
60
30
E0
ENDCHAR
STARTCHAR 00B9
ENCODING 185
SWIDTH 600 0
DWIDTH 10 0
BBX 6 7 2 7
BITMAP
30
D0
10
10
10
10
7C
ENDCHAR
STARTCHAR 00BA
ENCODING 186
SWIDTH 600 0
DWIDTH 10 0
BBX 4 5 3 7
BITMAP
F0
90
90
90
60
ENDCHAR
STARTCHAR 00BB
ENCODING 187
SWIDTH 600 0
DWIDTH 10 0
BBX 8 7 1 1
BITMAP
C8
6C
26
13
36
6C
C8
ENDCHAR
STARTCHAR 00BC
ENCODING 188
SWIDTH 600 0
DWIDTH 10 0
BBX 10 12 0 0
BITMAP
6180
A100
2300
2200
2600
7400
0D80
0980
1A80
1680
37C0
6080
ENDCHAR
STARTCHAR 00BD
ENCODING 189
SWIDTH 600 0
DWIDTH 10 0
BBX 10 12 0 0
BITMAP
6180
A100
2300
2200
2600
7400
0F80
0A80
1880
1180
3300
63C0
ENDCHAR
STARTCHAR 00BE
ENCODING 190
SWIDTH 600 0
DWIDTH 10 0
BBX 10 12 0 0
BITMAP
7180
9100
1300
7200
1600
F400
0D80
0980
1A80
1680
37C0
6080
ENDCHAR
STARTCHAR 00BF
ENCODING 191
SWIDTH 600 0
DWIDTH 10 0
BBX 7 12 1 -3
BITMAP
18
18
00
18
18
10
60
C0
C0
C0
C2
7E
ENDCHAR
STARTCHAR 00C0
ENCODING 192
SWIDTH 600 0
DWIDTH 10 0
BBX 10 16 0 0
BITMAP
1800
0800
0400
0000
0C00
0C00
1E00
1200
1200
3300
3300
3F00
6180
6180
4080
C0C0
ENDCHAR
STARTCHAR 00C1
ENCODING 193
SWIDTH 600 0
DWIDTH 10 0
BBX 10 16 0 0
BITMAP
0300
0600
0C00
0000
0C00
0C00
1E00
1200
1200
3300
3300
3F00
6180
6180
4080
C0C0
ENDCHAR
STARTCHAR 00C2
ENCODING 194
SWIDTH 600 0
DWIDTH 10 0
BBX 10 16 0 0
BITMAP
0C00
1E00
3300
0000
0C00
0C00
1E00
1200
1200
3300
3300
3F00
6180
6180
4080
C0C0
ENDCHAR
STARTCHAR 00C3
ENCODING 195
SWIDTH 600 0
DWIDTH 10 0
BBX 10 15 0 0
BITMAP
1900
2700
0000
0C00
0C00
1E00
1200
1200
3300
3300
3F00
6180
6180
4080
C0C0
ENDCHAR
STARTCHAR 00C4
ENCODING 196
SWIDTH 600 0
DWIDTH 10 0
BBX 10 15 0 0
BITMAP
3300
3300
0000
0C00
0C00
1E00
1200
1200
3300
3300
3F00
6180
6180
4080
C0C0
ENDCHAR
STARTCHAR 00C5
ENCODING 197
SWIDTH 600 0
DWIDTH 10 0
BBX 10 16 0 0
BITMAP
0C00
1200
1E00
0000
0C00
0C00
1E00
1200
1200
3300
3300
3F00
6180
6180
4080
C0C0
ENDCHAR
STARTCHAR 00C6
ENCODING 198
SWIDTH 600 0
DWIDTH 10 0
BBX 9 12 0 0
BITMAP
1F80
1400
3400
3400
2400
2780
2400
7C00
6400
4400
4400
C780
ENDCHAR
STARTCHAR 00C7
ENCODING 199
SWIDTH 600 0
DWIDTH 10 0
BBX 8 16 1 -4
BITMAP
1F
31
60
C0
C0
C0
C0
C0
C0
40
71
1F
08
0C
04
1C
ENDCHAR
STARTCHAR 00C8
ENCODING 200
SWIDTH 600 0
DWIDTH 10 0
BBX 7 16 2 0
BITMAP
60
20
10
00
FE
80
80
80
80
FC
80
80
80
80
80
FE
ENDCHAR
STARTCHAR 00C9
ENCODING 201
SWIDTH 600 0
DWIDTH 10 0
BBX 7 16 2 0
BITMAP
0C
18
30
00
FE
80
80
80
80
FC
80
80
80
80
80
FE
ENDCHAR
STARTCHAR 00CA
ENCODING 202
SWIDTH 600 0
DWIDTH 10 0
BBX 7 16 2 0
BITMAP
30
38
CC
00
FE
80
80
80
80
FC
80
80
80
80
80
FE
ENDCHAR
STARTCHAR 00CB
ENCODING 203
SWIDTH 600 0
DWIDTH 10 0
BBX 7 15 2 0
BITMAP
CC
CC
00
FE
80
80
80
80
FC
80
80
80
80
80
FE
ENDCHAR
STARTCHAR 00CC
ENCODING 204
SWIDTH 600 0
DWIDTH 10 0
BBX 6 16 2 0
BITMAP
60
20
10
00
FC
30
30
30
30
30
30
30
30
30
30
FC
ENDCHAR
STARTCHAR 00CD
ENCODING 205
SWIDTH 600 0
DWIDTH 10 0
BBX 6 16 2 0
BITMAP
0C
18
30
00
FC
30
30
30
30
30
30
30
30
30
30
FC
ENDCHAR
STARTCHAR 00CE
ENCODING 206
SWIDTH 600 0
DWIDTH 10 0
BBX 6 16 2 0
BITMAP
30
78
CC
00
FC
30
30
30
30
30
30
30
30
30
30
FC
ENDCHAR
STARTCHAR 00CF
ENCODING 207
SWIDTH 600 0
DWIDTH 10 0
BBX 6 15 2 0
BITMAP
CC
CC
00
FC
30
30
30
30
30
30
30
30
30
30
FC
ENDCHAR
STARTCHAR 00D0
ENCODING 208
SWIDTH 600 0
DWIDTH 10 0
BBX 9 12 0 0
BITMAP
7E00
6300
6180
6080
6080
6080
F880
6080
6180
6180
6300
7C00
ENDCHAR
STARTCHAR 00D1
ENCODING 209
SWIDTH 600 0
DWIDTH 10 0
BBX 8 15 1 0
BITMAP
32
4E
00
C3
E3
A3
F3
D3
DB
CB
CB
CF
C7
C7
C3
ENDCHAR
STARTCHAR 00D2
ENCODING 210
SWIDTH 600 0
DWIDTH 10 0
BBX 8 16 1 0
BITMAP
30
10
08
00
3C
66
C3
C3
81
81
81
81
C3
C3
66
3C
ENDCHAR
STARTCHAR 00D3
ENCODING 211
SWIDTH 600 0
DWIDTH 10 0
BBX 8 16 1 0
BITMAP
06
0C
18
00
3C
66
C3
C3
81
81
81
81
C3
C3
66
3C
ENDCHAR
STARTCHAR 00D4
ENCODING 212
SWIDTH 600 0
DWIDTH 10 0
BBX 8 16 1 0
BITMAP
18
3C
66
00
3C
66
C3
C3
81
81
81
81
C3
C3
66
3C
ENDCHAR
STARTCHAR 00D5
ENCODING 213
SWIDTH 600 0
DWIDTH 10 0
BBX 8 15 1 0
BITMAP
32
4E
00
3C
66
C3
C3
81
81
81
81
C3
C3
66
3C
ENDCHAR
STARTCHAR 00D6
ENCODING 214
SWIDTH 600 0
DWIDTH 10 0
BBX 8 15 1 0
BITMAP
66
66
00
3C
66
C3
C3
81
81
81
81
C3
C3
66
3C
ENDCHAR
STARTCHAR 00D7
ENCODING 215
SWIDTH 600 0
DWIDTH 10 0
BBX 8 7 1 2
BITMAP
C3
24
18
18
24
C3
42
ENDCHAR
STARTCHAR 00D8
ENCODING 216
SWIDTH 600 0
DWIDTH 10 0
BBX 8 13 1 -1
BITMAP
3D
66
C7
C7
8D
89
99
91
E3
E3
66
FC
40
ENDCHAR
STARTCHAR 00D9
ENCODING 217
SWIDTH 600 0
DWIDTH 10 0
BBX 8 16 1 0
BITMAP
30
10
08
00
C3
C3
C3
C3
C3
C3
C3
C3
C3
C3
66
3C
ENDCHAR
STARTCHAR 00DA
ENCODING 218
SWIDTH 600 0
DWIDTH 10 0
BBX 8 16 1 0
BITMAP
06
0C
18
00
C3
C3
C3
C3
C3
C3
C3
C3
C3
C3
66
3C
ENDCHAR
STARTCHAR 00DB
ENCODING 219
SWIDTH 600 0
DWIDTH 10 0
BBX 8 16 1 0
BITMAP
18
3C
66
00
C3
C3
C3
C3
C3
C3
C3
C3
C3
C3
66
3C
ENDCHAR
STARTCHAR 00DC
ENCODING 220
SWIDTH 600 0
DWIDTH 10 0
BBX 8 15 1 0
BITMAP
66
66
00
C3
C3
C3
C3
C3
C3
C3
C3
C3
C3
66
3C
ENDCHAR
STARTCHAR 00DD
ENCODING 221
SWIDTH 600 0
DWIDTH 10 0
BBX 8 16 1 0
BITMAP
06
0C
18
00
81
C3
42
66
24
3C
18
18
18
18
18
18
ENDCHAR
STARTCHAR 00DE
ENCODING 222
SWIDTH 600 0
DWIDTH 10 0
BBX 7 12 2 0
BITMAP
80
80
FC
8E
86
82
86
86
FC
80
80
80
ENDCHAR
STARTCHAR 00DF
ENCODING 223
SWIDTH 600 0
DWIDTH 10 0
BBX 9 13 1 0
BITMAP
3C00
6600
C300
C200
CC00
C800
C800
CE00
C300
C180
C180
D100
DF00
ENDCHAR
STARTCHAR 00E0
ENCODING 224
SWIDTH 600 0
DWIDTH 10 0
BBX 8 13 1 0
BITMAP
30
10
08
00
7C
46
02
3F
63
C3
C3
C7
7B
ENDCHAR
STARTCHAR 00E1
ENCODING 225
SWIDTH 600 0
DWIDTH 10 0
BBX 8 13 1 0
BITMAP
06
0C
18
00
7C
46
02
3F
63
C3
C3
C7
7B
ENDCHAR
STARTCHAR 00E2
ENCODING 226
SWIDTH 600 0
DWIDTH 10 0
BBX 8 13 1 0
BITMAP
18
1C
66
00
7C
46
02
3F
63
C3
C3
C7
7B
ENDCHAR
STARTCHAR 00E3
ENCODING 227
SWIDTH 600 0
DWIDTH 10 0
BBX 8 12 1 0
BITMAP
32
4E
00
7C
46
02
3F
63
C3
C3
C7
7B
ENDCHAR
STARTCHAR 00E4
ENCODING 228
SWIDTH 600 0
DWIDTH 10 0
BBX 8 12 1 0
BITMAP
66
66
00
7C
46
02
3F
63
C3
C3
C7
7B
ENDCHAR
STARTCHAR 00E5
ENCODING 229
SWIDTH 600 0
DWIDTH 10 0
BBX 8 13 1 0
BITMAP
18
24
1C
00
7C
46
02
3F
63
C3
C3
C7
7B
ENDCHAR
STARTCHAR 00E6
ENCODING 230
SWIDTH 600 0
DWIDTH 10 0
BBX 10 9 0 0
BITMAP
7B80
4C80
0CC0
0CC0
7FC0
CC00
CC00
CE40
7380
ENDCHAR
STARTCHAR 00E7
ENCODING 231
SWIDTH 600 0
DWIDTH 10 0
BBX 7 13 1 -4
BITMAP
3E
62
40
C0
C0
C0
40
62
3E
08
1C
04
1C
ENDCHAR
STARTCHAR 00E8
ENCODING 232
SWIDTH 600 0
DWIDTH 10 0
BBX 8 13 1 0
BITMAP
30
10
08
00
3C
66
C3
C3
FF
C0
C0
61
3E
ENDCHAR
STARTCHAR 00E9
ENCODING 233
SWIDTH 600 0
DWIDTH 10 0
BBX 8 13 1 0
BITMAP
06
0C
18
00
3C
66
C3
C3
FF
C0
C0
61
3E
ENDCHAR
STARTCHAR 00EA
ENCODING 234
SWIDTH 600 0
DWIDTH 10 0
BBX 8 13 1 0
BITMAP
18
1C
66
00
3C
66
C3
C3
FF
C0
C0
61
3E
ENDCHAR
STARTCHAR 00EB
ENCODING 235
SWIDTH 600 0
DWIDTH 10 0
BBX 8 12 1 0
BITMAP
66
66
00
3C
66
C3
C3
FF
C0
C0
61
3E
ENDCHAR
STARTCHAR 00EC
ENCODING 236
SWIDTH 600 0
DWIDTH 10 0
BBX 8 13 1 0
BITMAP
30
10
08
00
78
08
08
08
08
08
08
08
FF
ENDCHAR
STARTCHAR 00ED
ENCODING 237
SWIDTH 600 0
DWIDTH 10 0
BBX 8 13 1 0
BITMAP
06
0C
18
00
78
08
08
08
08
08
08
08
FF
ENDCHAR
STARTCHAR 00EE
ENCODING 238
SWIDTH 600 0
DWIDTH 10 0
BBX 8 13 1 0
BITMAP
18
3C
66
00
78
08
08
08
08
08
08
08
FF
ENDCHAR
STARTCHAR 00EF
ENCODING 239
SWIDTH 600 0
DWIDTH 10 0
BBX 8 12 1 0
BITMAP
66
66
00
78
08
08
08
08
08
08
08
FF
ENDCHAR
STARTCHAR 00F0
ENCODING 240
SWIDTH 600 0
DWIDTH 10 0
BBX 8 13 1 0
BITMAP
22
1E
1C
26
02
3F
67
C3
81
81
C3
66
3C
ENDCHAR
STARTCHAR 00F1
ENCODING 241
SWIDTH 600 0
DWIDTH 10 0
BBX 8 12 1 0
BITMAP
32
4E
00
DE
E2
C3
C3
C3
C3
C3
C3
C3
ENDCHAR
STARTCHAR 00F2
ENCODING 242
SWIDTH 600 0
DWIDTH 10 0
BBX 8 13 1 0
BITMAP
30
10
08
00
3C
66
C3
83
81
83
C3
66
3C
ENDCHAR
STARTCHAR 00F3
ENCODING 243
SWIDTH 600 0
DWIDTH 10 0
BBX 8 13 1 0
BITMAP
06
0C
18
00
3C
66
C3
83
81
83
C3
66
3C
ENDCHAR
STARTCHAR 00F4
ENCODING 244
SWIDTH 600 0
DWIDTH 10 0
BBX 8 13 1 0
BITMAP
18
3C
66
00
3C
66
C3
83
81
83
C3
66
3C
ENDCHAR
STARTCHAR 00F5
ENCODING 245
SWIDTH 600 0
DWIDTH 10 0
BBX 8 12 1 0
BITMAP
32
4E
00
3C
66
C3
83
81
83
C3
66
3C
ENDCHAR
STARTCHAR 00F6
ENCODING 246
SWIDTH 600 0
DWIDTH 10 0
BBX 8 12 1 0
BITMAP
66
66
00
3C
66
C3
83
81
83
C3
66
3C
ENDCHAR
STARTCHAR 00F7
ENCODING 247
SWIDTH 600 0
DWIDTH 10 0
BBX 8 8 1 2
BITMAP
18
18
00
00
FF
00
18
18
ENDCHAR
STARTCHAR 00F8
ENCODING 248
SWIDTH 600 0
DWIDTH 10 0
BBX 8 9 1 0
BITMAP
3F
66
C7
8F
99
93
E3
66
FC
ENDCHAR
STARTCHAR 00F9
ENCODING 249
SWIDTH 600 0
DWIDTH 10 0
BBX 8 13 1 0
BITMAP
30
10
08
00
C3
C3
C3
C3
C3
C3
C3
47
7B
ENDCHAR
STARTCHAR 00FA
ENCODING 250
SWIDTH 600 0
DWIDTH 10 0
BBX 8 13 1 0
BITMAP
06
0C
18
00
C3
C3
C3
C3
C3
C3
C3
47
7B
ENDCHAR
STARTCHAR 00FB
ENCODING 251
SWIDTH 600 0
DWIDTH 10 0
BBX 8 13 1 0
BITMAP
18
3C
66
00
C3
C3
C3
C3
C3
C3
C3
47
7B
ENDCHAR
STARTCHAR 00FC
ENCODING 252
SWIDTH 600 0
DWIDTH 10 0
BBX 8 12 1 0
BITMAP
66
66
00
C3
C3
C3
C3
C3
C3
C3
47
7B
ENDCHAR
STARTCHAR 00FD
ENCODING 253
SWIDTH 600 0
DWIDTH 10 0
BBX 8 17 1 -4
BITMAP
06
0C
18
00
81
C3
42
62
26
24
34
18
18
18
10
30
E0
ENDCHAR
STARTCHAR 00FE
ENCODING 254
SWIDTH 600 0
DWIDTH 10 0
BBX 8 17 1 -4
BITMAP
C0
C0
C0
C0
DC
E6
C3
C3
C1
C3
C3
E6
DC
C0
C0
C0
C0
ENDCHAR
STARTCHAR 00FF
ENCODING 255
SWIDTH 600 0
DWIDTH 10 0
BBX 8 16 1 -4
BITMAP
66
66
00
81
C3
42
62
26
24
34
18
18
18
10
30
E0
ENDCHAR
STARTCHAR 0100
ENCODING 256
SWIDTH 600 0
DWIDTH 10 0
BBX 10 14 0 0
BITMAP
1E00
0000
0C00
0C00
1E00
1200
1200
3300
3300
3F00
6180
6180
4080
C0C0
ENDCHAR
STARTCHAR 0101
ENCODING 257
SWIDTH 600 0
DWIDTH 10 0
BBX 8 11 1 0
BITMAP
3E
00
7C
46
02
3F
63
C3
C3
C7
7B
ENDCHAR
STARTCHAR 0102
ENCODING 258
SWIDTH 600 0
DWIDTH 10 0
BBX 10 15 0 0
BITMAP
3300
1E00
0000
0C00
0C00
1E00
1200
1200
3300
3300
3F00
6180
6180
4080
C0C0
ENDCHAR
STARTCHAR 0103
ENCODING 259
SWIDTH 600 0
DWIDTH 10 0
BBX 8 12 1 0
BITMAP
62
3C
00
7C
46
02
3F
63
C3
C3
C7
7B
ENDCHAR
STARTCHAR 0104
ENCODING 260
SWIDTH 600 0
DWIDTH 10 0
BBX 10 16 0 -4
BITMAP
0C00
0C00
1E00
1200
1200
3300
3300
3F00
6180
6180
4080
C0C0
00C0
0080
0180
00C0
ENDCHAR
STARTCHAR 0105
ENCODING 261
SWIDTH 600 0
DWIDTH 10 0
BBX 8 13 1 -4
BITMAP
7C
46
02
3F
63
C3
C3
C7
7B
02
04
04
07
ENDCHAR
STARTCHAR 0106
ENCODING 262
SWIDTH 600 0
DWIDTH 10 0
BBX 8 16 1 0
BITMAP
03
06
0C
00
1F
31
60
C0
C0
C0
C0
C0
C0
40
71
1F
ENDCHAR
STARTCHAR 0107
ENCODING 263
SWIDTH 600 0
DWIDTH 10 0
BBX 7 13 1 0
BITMAP
06
04
08
00
3E
62
40
C0
C0
C0
40
62
3E
ENDCHAR
STARTCHAR 0108
ENCODING 264
SWIDTH 600 0
DWIDTH 10 0
BBX 8 16 1 0
BITMAP
0C
1C
33
00
1F
31
60
C0
C0
C0
C0
C0
C0
40
71
1F
ENDCHAR
STARTCHAR 0109
ENCODING 265
SWIDTH 600 0
DWIDTH 10 0
BBX 7 13 1 0
BITMAP
08
1C
22
00
3E
62
40
C0
C0
C0
40
62
3E
ENDCHAR
STARTCHAR 010A
ENCODING 266
SWIDTH 600 0
DWIDTH 10 0
BBX 8 15 1 0
BITMAP
0C
0C
00
1F
31
60
C0
C0
C0
C0
C0
C0
40
71
1F
ENDCHAR
STARTCHAR 010B
ENCODING 267
SWIDTH 600 0
DWIDTH 10 0
BBX 7 12 1 0
BITMAP
1C
08
00
3E
62
40
C0
C0
C0
40
62
3E
ENDCHAR
STARTCHAR 010C
ENCODING 268
SWIDTH 600 0
DWIDTH 10 0
BBX 8 16 1 0
BITMAP
21
16
0C
00
1F
31
60
C0
C0
C0
C0
C0
C0
40
71
1F
ENDCHAR
STARTCHAR 010D
ENCODING 269
SWIDTH 600 0
DWIDTH 10 0
BBX 7 13 1 0
BITMAP
22
36
1C
00
3E
62
40
C0
C0
C0
40
62
3E
ENDCHAR
STARTCHAR 010E
ENCODING 270
SWIDTH 600 0
DWIDTH 10 0
BBX 8 16 1 0
BITMAP
44
2C
38
00
F8
CE
C3
C3
C1
C1
C1
C1
C3
C2
CE
F8
ENDCHAR
STARTCHAR 010F
ENCODING 271
SWIDTH 600 0
DWIDTH 10 0
BBX 10 13 1 0
BITMAP
02C0
0280
0280
0200
7A00
CE00
C600
8600
8200
8600
C600
CE00
7A00
ENDCHAR
STARTCHAR 0110
ENCODING 272
SWIDTH 600 0
DWIDTH 10 0
BBX 9 12 0 0
BITMAP
7E00
6300
6180
6080
6080
6080
F880
6080
6180
6180
6300
7C00
ENDCHAR
STARTCHAR 0111
ENCODING 273
SWIDTH 600 0
DWIDTH 10 0
BBX 9 13 1 0
BITMAP
0300
0300
1F80
0300
3B00
6700
C300
C300
8300
C300
C300
6700
3B00
ENDCHAR
STARTCHAR 0112
ENCODING 274
SWIDTH 600 0
DWIDTH 10 0
BBX 7 14 2 0
BITMAP
7C
00
FE
80
80
80
80
FC
80
80
80
80
80
FE
ENDCHAR
STARTCHAR 0113
ENCODING 275
SWIDTH 600 0
DWIDTH 10 0
BBX 8 11 1 0
BITMAP
3E
00
3C
66
C3
C3
FF
C0
C0
61
3E
ENDCHAR
STARTCHAR 0114
ENCODING 276
SWIDTH 600 0
DWIDTH 10 0
BBX 7 15 2 0
BITMAP
C4
78
00
FE
80
80
80
80
FC
80
80
80
80
80
FE
ENDCHAR
STARTCHAR 0115
ENCODING 277
SWIDTH 600 0
DWIDTH 10 0
BBX 8 12 1 0
BITMAP
62
3C
00
3C
66
C3
C3
FF
C0
C0
61
3E
ENDCHAR
STARTCHAR 0116
ENCODING 278
SWIDTH 600 0
DWIDTH 10 0
BBX 7 15 2 0
BITMAP
30
30
00
FE
80
80
80
80
FC
80
80
80
80
80
FE
ENDCHAR
STARTCHAR 0117
ENCODING 279
SWIDTH 600 0
DWIDTH 10 0
BBX 8 12 1 0
BITMAP
18
18
00
3C
66
C3
C3
FF
C0
C0
61
3E
ENDCHAR
STARTCHAR 0118
ENCODING 280
SWIDTH 600 0
DWIDTH 10 0
BBX 7 16 2 -4
BITMAP
FE
80
80
80
80
FC
80
80
80
80
80
FE
0C
08
18
0C
ENDCHAR
STARTCHAR 0119
ENCODING 281
SWIDTH 600 0
DWIDTH 10 0
BBX 8 13 1 -4
BITMAP
3C
66
C3
C3
FF
C0
C0
61
3E
04
04
04
06
ENDCHAR
STARTCHAR 011A
ENCODING 282
SWIDTH 600 0
DWIDTH 10 0
BBX 7 16 2 0
BITMAP
84
68
30
00
FE
80
80
80
80
FC
80
80
80
80
80
FE
ENDCHAR
STARTCHAR 011B
ENCODING 283
SWIDTH 600 0
DWIDTH 10 0
BBX 8 13 1 0
BITMAP
42
34
18
00
3C
66
C3
C3
FF
C0
C0
61
3E
ENDCHAR
STARTCHAR 011C
ENCODING 284
SWIDTH 600 0
DWIDTH 10 0
BBX 8 16 1 0
BITMAP
08
1C
26
00
3F
62
C0
C0
80
80
8F
83
C3
C3
63
3F
ENDCHAR
STARTCHAR 011D
ENCODING 285
SWIDTH 600 0
DWIDTH 10 0
BBX 8 17 1 -4
BITMAP
18
3C
66
00
3B
67
C3
C3
83
C3
C3
67
3F
03
03
C6
7C
ENDCHAR
STARTCHAR 011E
ENCODING 286
SWIDTH 600 0
DWIDTH 10 0
BBX 8 15 1 0
BITMAP
22
3C
00
3F
62
C0
C0
80
80
8F
83
C3
C3
63
3F
ENDCHAR
STARTCHAR 011F
ENCODING 287
SWIDTH 600 0
DWIDTH 10 0
BBX 8 16 1 -4
BITMAP
66
3C
00
3B
67
C3
C3
83
C3
C3
67
3F
03
03
C6
7C
ENDCHAR
STARTCHAR 0120
ENCODING 288
SWIDTH 600 0
DWIDTH 10 0
BBX 8 15 1 0
BITMAP
18
18
00
3F
62
C0
C0
80
80
8F
83
C3
C3
63
3F
ENDCHAR
STARTCHAR 0121
ENCODING 289
SWIDTH 600 0
DWIDTH 10 0
BBX 8 16 1 -4
BITMAP
18
18
00
3B
67
C3
C3
83
C3
C3
67
3F
03
03
C6
7C
ENDCHAR
STARTCHAR 0122
ENCODING 290
SWIDTH 600 0
DWIDTH 10 0
BBX 8 16 1 -4
BITMAP
3F
62
C0
C0
80
80
8F
83
C3
C3
63
3F
00
08
08
10
ENDCHAR
STARTCHAR 0123
ENCODING 291
SWIDTH 600 0
DWIDTH 10 0
BBX 8 17 1 -4
BITMAP
08
18
10
00
3B
67
C3
C3
83
C3
C3
67
3F
03
03
C6
7C
ENDCHAR
STARTCHAR 0124
ENCODING 292
SWIDTH 600 0
DWIDTH 10 0
BBX 8 16 1 0
BITMAP
18
3C
66
00
C3
C3
C3
C3
C3
FF
C3
C3
C3
C3
C3
C3
ENDCHAR
STARTCHAR 0125
ENCODING 293
SWIDTH 600 0
DWIDTH 10 0
BBX 10 17 -1 0
BITMAP
3000
3800
CC00
0000
3000
3000
3000
3000
3780
3980
30C0
30C0
30C0
30C0
30C0
30C0
30C0
ENDCHAR
STARTCHAR 0126
ENCODING 294
SWIDTH 600 0
DWIDTH 10 0
BBX 10 12 0 0
BITMAP
6180
6180
FFC0
6180
6180
7F80
6180
6180
6180
6180
6180
6180
ENDCHAR
STARTCHAR 0127
ENCODING 295
SWIDTH 600 0
DWIDTH 10 0
BBX 9 13 0 0
BITMAP
6000
6000
FC00
6000
6F00
7300
6180
6180
6180
6180
6180
6180
6180
ENDCHAR
STARTCHAR 0128
ENCODING 296
SWIDTH 600 0
DWIDTH 10 0
BBX 6 15 2 0
BITMAP
64
9C
00
FC
30
30
30
30
30
30
30
30
30
30
FC
ENDCHAR
STARTCHAR 0129
ENCODING 297
SWIDTH 600 0
DWIDTH 10 0
BBX 8 12 1 0
BITMAP
32
4E
00
78
08
08
08
08
08
08
08
FF
ENDCHAR
STARTCHAR 012A
ENCODING 298
SWIDTH 600 0
DWIDTH 10 0
BBX 6 14 2 0
BITMAP
78
00
FC
30
30
30
30
30
30
30
30
30
30
FC
ENDCHAR
STARTCHAR 012B
ENCODING 299
SWIDTH 600 0
DWIDTH 10 0
BBX 8 11 1 0
BITMAP
3C
00
78
08
08
08
08
08
08
08
FF
ENDCHAR
STARTCHAR 012C
ENCODING 300
SWIDTH 600 0
DWIDTH 10 0
BBX 6 15 2 0
BITMAP
CC
78
00
FC
30
30
30
30
30
30
30
30
30
30
FC
ENDCHAR
STARTCHAR 012D
ENCODING 301
SWIDTH 600 0
DWIDTH 10 0
BBX 8 12 1 0
BITMAP
66
3C
00
78
08
08
08
08
08
08
08
FF
ENDCHAR
STARTCHAR 012E
ENCODING 302
SWIDTH 600 0
DWIDTH 10 0
BBX 6 16 2 -4
BITMAP
FC
30
30
30
30
30
30
30
30
30
30
FC
08
10
10
1C
ENDCHAR
STARTCHAR 012F
ENCODING 303
SWIDTH 600 0
DWIDTH 10 0
BBX 8 17 1 -4
BITMAP
18
18
00
00
78
08
08
08
08
08
08
08
FF
06
04
0C
06
ENDCHAR
STARTCHAR 0130
ENCODING 304
SWIDTH 600 0
DWIDTH 10 0
BBX 6 15 2 0
BITMAP
30
30
00
FC
30
30
30
30
30
30
30
30
30
30
FC
ENDCHAR
STARTCHAR 0131
ENCODING 305
SWIDTH 600 0
DWIDTH 10 0
BBX 8 9 1 0
BITMAP
78
08
08
08
08
08
08
08
FF
ENDCHAR
STARTCHAR 0132
ENCODING 306
SWIDTH 600 0
DWIDTH 10 0
BBX 6 12 2 0
BITMAP
84
84
84
84
84
84
84
84
04
04
8C
F8
ENDCHAR
STARTCHAR 0133
ENCODING 307
SWIDTH 600 0
DWIDTH 10 0
BBX 6 17 2 -4
BITMAP
CC
CC
00
00
84
84
84
84
84
84
84
84
84
04
04
8C
F8
ENDCHAR
STARTCHAR 0134
ENCODING 308
SWIDTH 600 0
DWIDTH 10 0
BBX 8 16 2 0
BITMAP
0C
1E
33
00
0C
0C
0C
0C
0C
0C
0C
0C
0C
0C
98
F0
ENDCHAR
STARTCHAR 0135
ENCODING 309
SWIDTH 600 0
DWIDTH 10 0
BBX 7 17 1 -4
BITMAP
08
1C
32
00
7C
0C
0C
0C
0C
0C
0C
0C
0C
0C
0C
98
F0
ENDCHAR
STARTCHAR 0136
ENCODING 310
SWIDTH 600 0
DWIDTH 10 0
BBX 8 16 1 -4
BITMAP
C3
C6
CC
C8
D8
F0
F8
C8
CC
C6
C2
C3
00
18
10
10
ENDCHAR
STARTCHAR 0137
ENCODING 311
SWIDTH 600 0
DWIDTH 10 0
BBX 8 17 2 -4
BITMAP
80
80
80
80
86
8C
98
B0
B0
D8
8C
84
86
01
10
10
20
ENDCHAR
STARTCHAR 0138
ENCODING 312
SWIDTH 600 0
DWIDTH 10 0
BBX 8 9 2 0
BITMAP
86
8C
98
B0
B0
D8
8C
84
87
ENDCHAR
STARTCHAR 0139
ENCODING 313
SWIDTH 600 0
DWIDTH 10 0
BBX 7 16 2 0
BITMAP
20
60
C0
00
80
80
80
80
80
80
80
80
80
80
80
FE
ENDCHAR
STARTCHAR 013A
ENCODING 314
SWIDTH 600 0
DWIDTH 10 0
BBX 8 17 1 0
BITMAP
06
0C
18
00
F8
08
08
08
08
08
08
08
08
08
08
08
FF
ENDCHAR
STARTCHAR 013B
ENCODING 315
SWIDTH 600 0
DWIDTH 10 0
BBX 7 16 2 -4
BITMAP
80
80
80
80
80
80
80
80
80
80
80
FE
00
10
10
20
ENDCHAR
STARTCHAR 013C
ENCODING 316
SWIDTH 600 0
DWIDTH 10 0
BBX 8 17 1 -4
BITMAP
F8
08
08
08
08
08
08
08
08
08
08
08
FF
00
08
18
10
ENDCHAR
STARTCHAR 013D
ENCODING 317
SWIDTH 600 0
DWIDTH 10 0
BBX 7 12 2 0
BITMAP
84
84
88
80
80
80
80
80
80
80
80
FE
ENDCHAR
STARTCHAR 013E
ENCODING 318
SWIDTH 600 0
DWIDTH 10 0
BBX 8 13 1 0
BITMAP
F9
09
0A
08
08
08
08
08
08
08
08
08
FF
ENDCHAR
STARTCHAR 013F
ENCODING 319
SWIDTH 600 0
DWIDTH 10 0
BBX 7 12 2 0
BITMAP
80
80
80
80
80
86
84
80
80
80
80
FE
ENDCHAR
STARTCHAR 0140
ENCODING 320
SWIDTH 600 0
DWIDTH 10 0
BBX 10 13 1 0
BITMAP
F800
0800
0800
0800
0800
08C0
08C0
0800
0800
0800
0800
0800
FF00
ENDCHAR
STARTCHAR 0141
ENCODING 321
SWIDTH 600 0
DWIDTH 10 0
BBX 8 12 1 0
BITMAP
20
20
20
20
28
3C
70
E0
20
20
20
3F
ENDCHAR
STARTCHAR 0142
ENCODING 322
SWIDTH 600 0
DWIDTH 10 0
BBX 8 13 1 0
BITMAP
F8
08
08
08
08
0E
0C
38
68
08
08
08
FF
ENDCHAR
STARTCHAR 0143
ENCODING 323
SWIDTH 600 0
DWIDTH 10 0
BBX 8 16 1 0
BITMAP
06
0C
18
00
C3
E3
A3
F3
D3
DB
CB
CB
CF
C7
C7
C3
ENDCHAR
STARTCHAR 0144
ENCODING 324
SWIDTH 600 0
DWIDTH 10 0
BBX 8 13 1 0
BITMAP
06
0C
08
00
DE
E2
C3
C3
C3
C3
C3
C3
C3
ENDCHAR
STARTCHAR 0145
ENCODING 325
SWIDTH 600 0
DWIDTH 10 0
BBX 8 16 1 -4
BITMAP
C3
E3
A3
F3
D3
DB
CB
CB
CF
C7
C7
C3
00
18
10
10
ENDCHAR
STARTCHAR 0146
ENCODING 326
SWIDTH 600 0
DWIDTH 10 0
BBX 8 13 1 -4
BITMAP
DE
E2
C3
C3
C3
C3
C3
C3
C3
00
18
10
10
ENDCHAR
STARTCHAR 0147
ENCODING 327
SWIDTH 600 0
DWIDTH 10 0
BBX 8 16 1 0
BITMAP
42
34
18
00
C3
E3
A3
F3
D3
DB
CB
CB
CF
C7
C7
C3
ENDCHAR
STARTCHAR 0148
ENCODING 328
SWIDTH 600 0
DWIDTH 10 0
BBX 8 13 1 0
BITMAP
42
34
18
00
DE
E2
C3
C3
C3
C3
C3
C3
C3
ENDCHAR
STARTCHAR 0149
ENCODING 329
SWIDTH 600 0
DWIDTH 10 0
BBX 10 12 -1 0
BITMAP
6000
4000
4000
D780
1880
10C0
10C0
10C0
10C0
10C0
10C0
10C0
ENDCHAR
STARTCHAR 014A
ENCODING 330
SWIDTH 600 0
DWIDTH 10 0
BBX 8 15 1 -3
BITMAP
C3
E3
A3
F3
D3
DB
CB
CB
CF
C7
C7
C3
03
03
1E
ENDCHAR
STARTCHAR 014B
ENCODING 331
SWIDTH 600 0
DWIDTH 10 0
BBX 8 13 1 -4
BITMAP
DE
E2
C3
C3
C3
C3
C3
C3
C3
03
03
03
0E
ENDCHAR
STARTCHAR 014C
ENCODING 332
SWIDTH 600 0
DWIDTH 10 0
BBX 8 14 1 0
BITMAP
3C
00
3C
66
C3
C3
81
81
81
81
C3
C3
66
3C
ENDCHAR
STARTCHAR 014D
ENCODING 333
SWIDTH 600 0
DWIDTH 10 0
BBX 8 11 1 0
BITMAP
3C
00
3C
66
C3
83
81
83
C3
66
3C
ENDCHAR
STARTCHAR 014E
ENCODING 334
SWIDTH 600 0
DWIDTH 10 0
BBX 8 15 1 0
BITMAP
66
3C
00
3C
66
C3
C3
81
81
81
81
C3
C3
66
3C
ENDCHAR
STARTCHAR 014F
ENCODING 335
SWIDTH 600 0
DWIDTH 10 0
BBX 8 12 1 0
BITMAP
66
3C
00
3C
66
C3
83
81
83
C3
66
3C
ENDCHAR
STARTCHAR 0150
ENCODING 336
SWIDTH 600 0
DWIDTH 10 0
BBX 8 16 1 0
BITMAP
12
36
6C
00
3C
66
C3
C3
81
81
81
81
C3
C3
66
3C
ENDCHAR
STARTCHAR 0151
ENCODING 337
SWIDTH 600 0
DWIDTH 10 0
BBX 8 13 1 0
BITMAP
12
36
6C
00
3C
66
C3
83
81
83
C3
66
3C
ENDCHAR
STARTCHAR 0152
ENCODING 338
SWIDTH 600 0
DWIDTH 10 0
BBX 9 12 1 0
BITMAP
7F80
4C00
CC00
8C00
8C00
8F00
8C00
8C00
8C00
CC00
4C00
7F80
ENDCHAR
STARTCHAR 0153
ENCODING 339
SWIDTH 600 0
DWIDTH 10 0
BBX 10 9 0 0
BITMAP
3B80
4E80
4CC0
C4C0
C7C0
C400
4C00
4E40
3B80
ENDCHAR
STARTCHAR 0154
ENCODING 340
SWIDTH 600 0
DWIDTH 10 0
BBX 7 16 2 0
BITMAP
0C
18
30
00
F8
8C
84
86
84
8C
F8
98
88
8C
86
82
ENDCHAR
STARTCHAR 0155
ENCODING 341
SWIDTH 600 0
DWIDTH 10 0
BBX 9 13 1 0
BITMAP
0200
0600
0C00
0000
F780
1C80
1800
1000
1000
1000
1000
1000
FE00
ENDCHAR
STARTCHAR 0156
ENCODING 342
SWIDTH 600 0
DWIDTH 10 0
BBX 7 16 2 -4
BITMAP
F8
8C
84
86
84
8C
F8
98
88
8C
86
82
00
10
10
20
ENDCHAR
STARTCHAR 0157
ENCODING 343
SWIDTH 600 0
DWIDTH 10 0
BBX 9 13 1 -4
BITMAP
F780
1C80
1800
1000
1000
1000
1000
1000
FE00
0000
1000
1000
2000
ENDCHAR
STARTCHAR 0158
ENCODING 344
SWIDTH 600 0
DWIDTH 10 0
BBX 7 16 2 0
BITMAP
84
58
30
00
F8
8C
84
86
84
8C
F8
98
88
8C
86
82
ENDCHAR
STARTCHAR 0159
ENCODING 345
SWIDTH 600 0
DWIDTH 10 0
BBX 9 13 1 0
BITMAP
2200
1600
0C00
0000
F780
1C80
1800
1000
1000
1000
1000
1000
FE00
ENDCHAR
STARTCHAR 015A
ENCODING 346
SWIDTH 600 0
DWIDTH 10 0
BBX 8 16 1 0
BITMAP
06
04
08
00
3F
62
40
40
60
38
0E
03
03
03
C6
7C
ENDCHAR
STARTCHAR 015B
ENCODING 347
SWIDTH 600 0
DWIDTH 10 0
BBX 6 13 2 0
BITMAP
0C
18
30
00
7C
C4
80
E0
38
0C
04
8C
F8
ENDCHAR
STARTCHAR 015C
ENCODING 348
SWIDTH 600 0
DWIDTH 10 0
BBX 8 16 1 0
BITMAP
08
1C
66
00
3F
62
40
40
60
38
0E
03
03
03
C6
7C
ENDCHAR
STARTCHAR 015D
ENCODING 349
SWIDTH 600 0
DWIDTH 10 0
BBX 6 13 2 0
BITMAP
30
38
CC
00
7C
C4
80
E0
38
0C
04
8C
F8
ENDCHAR
STARTCHAR 015E
ENCODING 350
SWIDTH 600 0
DWIDTH 10 0
BBX 8 16 1 -4
BITMAP
3F
62
40
40
60
38
0E
03
03
03
C6
7C
10
18
0C
38
ENDCHAR
STARTCHAR 015F
ENCODING 351
SWIDTH 600 0
DWIDTH 10 0
BBX 6 13 2 -4
BITMAP
7C
C4
80
E0
38
0C
04
8C
F8
20
30
18
70
ENDCHAR
STARTCHAR 0160
ENCODING 352
SWIDTH 600 0
DWIDTH 10 0
BBX 8 16 1 0
BITMAP
62
34
18
00
3F
62
40
40
60
38
0E
03
03
03
C6
7C
ENDCHAR
STARTCHAR 0161
ENCODING 353
SWIDTH 600 0
DWIDTH 10 0
BBX 6 13 2 0
BITMAP
84
68
30
00
7C
C4
80
E0
38
0C
04
8C
F8
ENDCHAR
STARTCHAR 0162
ENCODING 354
SWIDTH 600 0
DWIDTH 10 0
BBX 8 16 1 -4
BITMAP
FF
18
18
18
18
18
18
18
18
18
18
18
10
18
0C
38
ENDCHAR
STARTCHAR 0163
ENCODING 355
SWIDTH 600 0
DWIDTH 10 0
BBX 8 16 1 -4
BITMAP
10
10
30
FE
30
30
30
30
30
30
18
1F
04
0E
02
1C
ENDCHAR
STARTCHAR 0164
ENCODING 356
SWIDTH 600 0
DWIDTH 10 0
BBX 8 16 1 0
BITMAP
42
2C
18
00
FF
18
18
18
18
18
18
18
18
18
18
18
ENDCHAR
STARTCHAR 0165
ENCODING 357
SWIDTH 600 0
DWIDTH 10 0
BBX 8 13 1 0
BITMAP
03
02
12
30
FE
30
30
30
30
30
30
18
1F
ENDCHAR
STARTCHAR 0166
ENCODING 358
SWIDTH 600 0
DWIDTH 10 0
BBX 8 12 1 0
BITMAP
FF
18
18
18
18
7E
18
18
18
18
18
18
ENDCHAR
STARTCHAR 0167
ENCODING 359
SWIDTH 600 0
DWIDTH 10 0
BBX 8 12 1 0
BITMAP
10
10
30
FE
30
30
FF
30
30
30
18
1F
ENDCHAR
STARTCHAR 0168
ENCODING 360
SWIDTH 600 0
DWIDTH 10 0
BBX 8 15 1 0
BITMAP
32
4E
00
C3
C3
C3
C3
C3
C3
C3
C3
C3
C3
66
3C
ENDCHAR
STARTCHAR 0169
ENCODING 361
SWIDTH 600 0
DWIDTH 10 0
BBX 8 12 1 0
BITMAP
32
4E
00
C3
C3
C3
C3
C3
C3
C3
47
7B
ENDCHAR
STARTCHAR 016A
ENCODING 362
SWIDTH 600 0
DWIDTH 10 0
BBX 8 14 1 0
BITMAP
3C
00
C3
C3
C3
C3
C3
C3
C3
C3
C3
C3
66
3C
ENDCHAR
STARTCHAR 016B
ENCODING 363
SWIDTH 600 0
DWIDTH 10 0
BBX 8 11 1 0
BITMAP
3C
00
C3
C3
C3
C3
C3
C3
C3
47
7B
ENDCHAR
STARTCHAR 016C
ENCODING 364
SWIDTH 600 0
DWIDTH 10 0
BBX 8 15 1 0
BITMAP
66
3C
00
C3
C3
C3
C3
C3
C3
C3
C3
C3
C3
66
3C
ENDCHAR
STARTCHAR 016D
ENCODING 365
SWIDTH 600 0
DWIDTH 10 0
BBX 8 12 1 0
BITMAP
66
3C
00
C3
C3
C3
C3
C3
C3
C3
47
7B
ENDCHAR
STARTCHAR 016E
ENCODING 366
SWIDTH 600 0
DWIDTH 10 0
BBX 8 16 1 0
BITMAP
18
24
3C
00
C3
C3
C3
C3
C3
C3
C3
C3
C3
C3
66
3C
ENDCHAR
STARTCHAR 016F
ENCODING 367
SWIDTH 600 0
DWIDTH 10 0
BBX 8 13 1 0
BITMAP
18
24
3C
00
C3
C3
C3
C3
C3
C3
C3
47
7B
ENDCHAR
STARTCHAR 0170
ENCODING 368
SWIDTH 600 0
DWIDTH 10 0
BBX 8 16 1 0
BITMAP
12
36
6C
00
C3
C3
C3
C3
C3
C3
C3
C3
C3
C3
66
3C
ENDCHAR
STARTCHAR 0171
ENCODING 369
SWIDTH 600 0
DWIDTH 10 0
BBX 8 13 1 0
BITMAP
12
36
6C
00
C3
C3
C3
C3
C3
C3
C3
47
7B
ENDCHAR
STARTCHAR 0172
ENCODING 370
SWIDTH 600 0
DWIDTH 10 0
BBX 8 16 1 -4
BITMAP
C3
C3
C3
C3
C3
C3
C3
C3
C3
C3
66
3C
08
10
10
1C
ENDCHAR
STARTCHAR 0173
ENCODING 371
SWIDTH 600 0
DWIDTH 10 0
BBX 8 13 1 -4
BITMAP
C3
C3
C3
C3
C3
C3
C3
47
7B
02
02
04
07
ENDCHAR
STARTCHAR 0174
ENCODING 372
SWIDTH 600 0
DWIDTH 10 0
BBX 10 16 0 0
BITMAP
0C00
1E00
3300
0000
C0C0
4080
4080
4C80
4C80
4C80
5E80
5280
7280
7380
3380
2100
ENDCHAR
STARTCHAR 0175
ENCODING 373
SWIDTH 600 0
DWIDTH 10 0
BBX 10 13 0 0
BITMAP
0C00
1E00
3300
0000
C0C0
40C0
4C80
4C80
5E80
5280
7380
7380
3300
ENDCHAR
STARTCHAR 0176
ENCODING 374
SWIDTH 600 0
DWIDTH 10 0
BBX 8 16 1 0
BITMAP
18
3C
66
00
81
C3
42
66
24
3C
18
18
18
18
18
18
ENDCHAR
STARTCHAR 0177
ENCODING 375
SWIDTH 600 0
DWIDTH 10 0
BBX 8 17 1 -4
BITMAP
18
3C
66
00
81
C3
42
62
26
24
34
18
18
18
10
30
E0
ENDCHAR
STARTCHAR 0178
ENCODING 376
SWIDTH 600 0
DWIDTH 10 0
BBX 8 15 1 0
BITMAP
66
66
00
81
C3
42
66
24
3C
18
18
18
18
18
18
ENDCHAR
STARTCHAR 0179
ENCODING 377
SWIDTH 600 0
DWIDTH 10 0
BBX 6 16 2 0
BITMAP
0C
18
10
00
FC
04
0C
08
18
10
30
60
40
C0
80
FC
ENDCHAR
STARTCHAR 017A
ENCODING 378
SWIDTH 600 0
DWIDTH 10 0
BBX 8 13 1 0
BITMAP
06
0C
18
00
7E
02
04
0C
18
30
20
60
FF
ENDCHAR
STARTCHAR 017B
ENCODING 379
SWIDTH 600 0
DWIDTH 10 0
BBX 6 15 2 0
BITMAP
30
30
00
FC
04
0C
08
18
10
30
60
40
C0
80
FC
ENDCHAR
STARTCHAR 017C
ENCODING 380
SWIDTH 600 0
DWIDTH 10 0
BBX 8 12 1 0
BITMAP
18
18
00
7E
02
04
0C
18
30
20
60
FF
ENDCHAR
STARTCHAR 017D
ENCODING 381
SWIDTH 600 0
DWIDTH 10 0
BBX 6 16 2 0
BITMAP
84
68
30
00
FC
04
0C
08
18
10
30
60
40
C0
80
FC
ENDCHAR
STARTCHAR 017E
ENCODING 382
SWIDTH 600 0
DWIDTH 10 0
BBX 8 13 1 0
BITMAP
42
34
18
00
7E
02
04
0C
18
30
20
60
FF
ENDCHAR
STARTCHAR 017F
ENCODING 383
SWIDTH 600 0
DWIDTH 10 0
BBX 5 13 4 0
BITMAP
78
C8
80
80
80
80
80
80
80
80
80
80
80
ENDCHAR
STARTCHAR 0180
ENCODING 384
SWIDTH 600 0
DWIDTH 10 0
BBX 9 13 0 0
BITMAP
6000
6000
FC00
6000
6E00
7300
6180
6180
6080
6180
6180
7300
6E00
ENDCHAR
STARTCHAR 0181
ENCODING 385
SWIDTH 600 0
DWIDTH 10 0
BBX 9 12 0 0
BITMAP
7F00
D180
D080
1080
1180
1E00
1180
1080
1080
1080
1180
1F00
ENDCHAR
STARTCHAR 0182
ENCODING 386
SWIDTH 600 0
DWIDTH 10 0
BBX 7 12 2 0
BITMAP
FC
80
80
80
80
F8
8E
86
82
86
8E
F8
ENDCHAR
STARTCHAR 0183
ENCODING 387
SWIDTH 600 0
DWIDTH 10 0
BBX 8 13 1 0
BITMAP
FE
C0
C0
C0
DC
E6
C3
C3
C1
C3
C3
E6
DC
ENDCHAR
STARTCHAR 0184
ENCODING 388
SWIDTH 600 0
DWIDTH 10 0
BBX 7 12 2 0
BITMAP
80
80
80
80
80
FC
86
86
82
86
C4
78
ENDCHAR
STARTCHAR 0185
ENCODING 389
SWIDTH 600 0
DWIDTH 10 0
BBX 8 13 1 0
BITMAP
C0
C0
C0
C0
DC
E6
C3
C3
C1
C3
43
66
3C
ENDCHAR
STARTCHAR 0186
ENCODING 390
SWIDTH 600 0
DWIDTH 10 0
BBX 8 12 1 0
BITMAP
F8
8C
06
03
03
03
03
03
03
02
8E
F8
ENDCHAR
STARTCHAR 0187
ENCODING 391
SWIDTH 600 0
DWIDTH 10 0
BBX 10 14 1 0
BITMAP
01C0
0100
1F00
3100
6000
C000
C000
C000
C000
C000
C000
4000
7100
1F00
ENDCHAR
STARTCHAR 0188
ENCODING 392
SWIDTH 600 0
DWIDTH 10 0
BBX 9 13 1 0
BITMAP
0180
0300
0200
0200
3E00
6200
4000
C000
C000
C000
4000
6200
3E00
ENDCHAR
STARTCHAR 0189
ENCODING 393
SWIDTH 600 0
DWIDTH 10 0
BBX 9 12 0 0
BITMAP
7E00
6300
6180
6080
6080
6080
F880
6080
6180
6180
6300
7C00
ENDCHAR
STARTCHAR 018A
ENCODING 394
SWIDTH 600 0
DWIDTH 10 0
BBX 9 12 0 0
BITMAP
7E00
F300
F180
3080
3080
3080
3080
3080
3080
3180
3300
3E00
ENDCHAR
STARTCHAR 018B
ENCODING 395
SWIDTH 600 0
DWIDTH 10 0
BBX 7 12 1 0
BITMAP
7E
02
02
02
02
3E
62
C2
82
C2
E2
7E
ENDCHAR
STARTCHAR 018C
ENCODING 396
SWIDTH 600 0
DWIDTH 10 0
BBX 8 13 1 0
BITMAP
7F
03
03
03
3B
67
C3
C3
83
C3
C3
67
3B
ENDCHAR
STARTCHAR 018D
ENCODING 397
SWIDTH 600 0
DWIDTH 10 0
BBX 8 13 1 -4
BITMAP
3C
66
C3
81
83
C3
46
3C
1C
04
06
C6
7C
ENDCHAR
STARTCHAR 018E
ENCODING 398
SWIDTH 600 0
DWIDTH 10 0
BBX 7 12 1 0
BITMAP
FE
02
02
02
02
7E
02
02
02
02
02
FE
ENDCHAR
STARTCHAR 018F
ENCODING 399
SWIDTH 600 0
DWIDTH 10 0
BBX 8 12 1 0
BITMAP
7C
C6
03
03
01
01
FF
81
81
C3
46
3C
ENDCHAR
STARTCHAR 0190
ENCODING 400
SWIDTH 600 0
DWIDTH 10 0
BBX 8 12 1 0
BITMAP
3E
63
C0
C0
60
1E
60
C0
80
C0
61
3F
ENDCHAR
STARTCHAR 0191
ENCODING 401
SWIDTH 600 0
DWIDTH 10 0
BBX 9 16 0 -4
BITMAP
0F80
0800
0800
0800
0800
0F80
0800
0800
0800
0800
0800
0800
0800
C800
D800
7000
ENDCHAR
STARTCHAR 0192
ENCODING 402
SWIDTH 600 0
DWIDTH 10 0
BBX 9 17 1 -4
BITMAP
0F80
0880
1800
1800
7F00
1800
1800
1800
1800
1800
1800
1800
1800
1800
D800
D800
7000
ENDCHAR
STARTCHAR 0193
ENCODING 403
SWIDTH 600 0
DWIDTH 10 0
BBX 9 14 1 0
BITMAP
0180
0300
3F00
6200
C000
C000
8000
8000
8F00
8300
C300
C300
6300
3F00
ENDCHAR
STARTCHAR 0194
ENCODING 404
SWIDTH 600 0
DWIDTH 10 0
BBX 8 16 1 -4
BITMAP
81
C3
42
42
66
24
24
3C
18
18
18
18
3C
24
24
18
ENDCHAR
STARTCHAR 0195
ENCODING 405
SWIDTH 600 0
DWIDTH 10 0
BBX 8 13 1 0
BITMAP
80
80
80
80
B1
D9
99
99
99
99
99
99
8E
ENDCHAR
STARTCHAR 0196
ENCODING 406
SWIDTH 600 0
DWIDTH 10 0
BBX 5 12 3 0
BITMAP
C0
C0
C0
C0
C0
C0
C0
C0
C0
C0
C0
78
ENDCHAR
STARTCHAR 0197
ENCODING 407
SWIDTH 600 0
DWIDTH 10 0
BBX 6 12 2 0
BITMAP
FC
30
30
30
30
FC
30
30
30
30
30
FC
ENDCHAR
STARTCHAR 0198
ENCODING 408
SWIDTH 600 0
DWIDTH 10 0
BBX 8 12 1 0
BITMAP
C3
C6
CC
C8
D8
F0
F8
C8
CC
C6
C2
C3
ENDCHAR
STARTCHAR 0199
ENCODING 409
SWIDTH 600 0
DWIDTH 10 0
BBX 8 13 2 0
BITMAP
E0
80
80
80
86
8C
98
B0
B0
D8
8C
84
87
ENDCHAR
STARTCHAR 019A
ENCODING 410
SWIDTH 600 0
DWIDTH 10 0
BBX 8 13 1 0
BITMAP
F8
08
08
08
08
08
7E
08
08
08
08
08
FF
ENDCHAR
STARTCHAR 019B
ENCODING 411
SWIDTH 600 0
DWIDTH 10 0
BBX 9 13 1 0
BITMAP
E000
3400
3C00
7800
1800
1800
3C00
2400
2600
6600
4200
C300
8180
ENDCHAR
STARTCHAR 019C
ENCODING 412
SWIDTH 600 0
DWIDTH 10 0
BBX 8 12 1 0
BITMAP
99
99
99
99
99
99
99
99
99
99
9B
ED
ENDCHAR
STARTCHAR 019D
ENCODING 413
SWIDTH 600 0
DWIDTH 10 0
BBX 10 15 -1 -3
BITMAP
30C0
38C0
28C0
3CC0
34C0
36C0
32C0
32C0
33C0
31C0
31C0
30C0
3000
3000
E000
ENDCHAR
STARTCHAR 019E
ENCODING 414
SWIDTH 600 0
DWIDTH 10 0
BBX 8 13 1 -4
BITMAP
DE
E2
C3
C3
C3
C3
C3
C3
C3
03
03
03
03
ENDCHAR
STARTCHAR 019F
ENCODING 415
SWIDTH 600 0
DWIDTH 10 0
BBX 8 12 1 0
BITMAP
3C
66
C3
81
81
FF
81
81
C3
C3
66
3C
ENDCHAR
STARTCHAR 01A0
ENCODING 416
SWIDTH 600 0
DWIDTH 10 0
BBX 9 14 1 0
BITMAP
0080
0080
3C80
6700
C300
C300
8100
8100
8100
8100
C300
C300
6600
3C00
ENDCHAR
STARTCHAR 01A1
ENCODING 417
SWIDTH 600 0
DWIDTH 10 0
BBX 9 11 1 0
BITMAP
0180
0080
3D80
6700
C300
8300
8100
8300
C300
6600
3C00
ENDCHAR
STARTCHAR 01A2
ENCODING 418
SWIDTH 1200 0
DWIDTH 20 0
BBX 17 12 1 0
BITMAP
1F1E00
31E300
60C180
406180
406180
C06180
C06180
406180
406180
60C180
318180
1F0180
ENDCHAR
STARTCHAR 01A3
ENCODING 419
SWIDTH 600 0
DWIDTH 10 0
BBX 8 13 1 -4
BITMAP
77
DB
99
89
89
89
99
D9
71
01
01
01
01
ENDCHAR
STARTCHAR 01A4
ENCODING 420
SWIDTH 600 0
DWIDTH 10 0
BBX 9 12 0 0
BITMAP
7F00
F180
F180
3080
3180
3180
3F00
3000
3000
3000
3000
3000
ENDCHAR
STARTCHAR 01A5
ENCODING 421
SWIDTH 600 0
DWIDTH 10 0
BBX 8 17 1 -4
BITMAP
60
C0
C0
C0
DC
E6
C3
C3
C1
C3
C3
E6
DC
C0
C0
C0
C0
ENDCHAR
STARTCHAR 01A6
ENCODING 422
SWIDTH 600 0
DWIDTH 10 0
BBX 7 13 2 -1
BITMAP
80
80
F8
8C
84
86
84
8C
F8
98
88
8C
06
ENDCHAR
STARTCHAR 01A7
ENCODING 423
SWIDTH 600 0
DWIDTH 10 0
BBX 8 12 1 0
BITMAP
FC
46
02
02
06
1C
70
C0
C0
C0
63
3E
ENDCHAR
STARTCHAR 01A8
ENCODING 424
SWIDTH 600 0
DWIDTH 10 0
BBX 6 9 2 0
BITMAP
F8
8C
04
1C
70
C0
80
C4
7C
ENDCHAR
STARTCHAR 01A9
ENCODING 425
SWIDTH 600 0
DWIDTH 10 0
BBX 6 12 2 0
BITMAP
FC
C0
40
60
30
18
30
20
60
C0
80
FC
ENDCHAR
STARTCHAR 01AA
ENCODING 426
SWIDTH 600 0
DWIDTH 10 0
BBX 8 17 1 -4
BITMAP
70
D8
98
F8
18
18
18
18
18
18
18
18
18
18
18
09
0F
ENDCHAR
STARTCHAR 01AB
ENCODING 427
SWIDTH 600 0
DWIDTH 10 0
BBX 8 15 1 -4
BITMAP
10
30
FE
30
30
30
30
30
30
18
1F
03
03
03
06
ENDCHAR
STARTCHAR 01AC
ENCODING 428
SWIDTH 600 0
DWIDTH 10 0
BBX 9 12 0 0
BITMAP
7F80
CC00
CC00
0C00
0C00
0C00
0C00
0C00
0C00
0C00
0C00
0C00
ENDCHAR
STARTCHAR 01AD
ENCODING 429
SWIDTH 600 0
DWIDTH 10 0
BBX 8 13 1 0
BITMAP
1C
10
30
30
FE
30
30
30
30
30
30
18
1F
ENDCHAR
STARTCHAR 01AE
ENCODING 430
SWIDTH 600 0
DWIDTH 10 0
BBX 8 14 1 -2
BITMAP
FF
18
18
18
18
18
18
18
18
18
18
18
18
0E
ENDCHAR
STARTCHAR 01AF
ENCODING 431
SWIDTH 600 0
DWIDTH 10 0
BBX 9 13 1 0
BITMAP
0080
C380
C380
C300
C300
C300
C300
C300
C300
C300
C300
6600
3C00
ENDCHAR
STARTCHAR 01B0
ENCODING 432
SWIDTH 600 0
DWIDTH 10 0
BBX 9 12 1 0
BITMAP
0080
0080
0080
C300
C300
C300
C300
C300
C300
C300
4700
7B00
ENDCHAR
STARTCHAR 01B1
ENCODING 433
SWIDTH 600 0
DWIDTH 10 0
BBX 10 12 0 0
BITMAP
F3C0
3300
2100
6180
4080
4080
4080
4080
6180
6180
3300
1E00
ENDCHAR
STARTCHAR 01B2
ENCODING 434
SWIDTH 600 0
DWIDTH 10 0
BBX 8 12 1 0
BITMAP
CE
CB
C3
C3
C3
C3
C2
C2
C6
C4
6C
78
ENDCHAR
STARTCHAR 01B3
ENCODING 435
SWIDTH 600 0
DWIDTH 10 0
BBX 9 12 1 0
BITMAP
8180
C300
4200
6600
2400
3C00
1800
1800
1800
1800
1800
1800
ENDCHAR
STARTCHAR 01B4
ENCODING 436
SWIDTH 600 0
DWIDTH 10 0
BBX 9 13 1 -4
BITMAP
8180
C300
4200
4600
6400
2400
3C00
1800
1800
1800
1000
3000
E000
ENDCHAR
STARTCHAR 01B5
ENCODING 437
SWIDTH 600 0
DWIDTH 10 0
BBX 6 12 2 0
BITMAP
FC
04
0C
08
18
FC
20
60
40
C0
80
FC
ENDCHAR
STARTCHAR 01B6
ENCODING 438
SWIDTH 600 0
DWIDTH 10 0
BBX 8 9 1 0
BITMAP
7E
02
04
0C
7E
10
20
60
FF
ENDCHAR
STARTCHAR 01B7
ENCODING 439
SWIDTH 600 0
DWIDTH 10 0
BBX 8 12 1 0
BITMAP
FE
06
0C
18
30
3C
06
03
03
03
86
FC
ENDCHAR
STARTCHAR 01B8
ENCODING 440
SWIDTH 600 0
DWIDTH 10 0
BBX 8 12 1 0
BITMAP
7F
60
30
18
0C
3C
60
C0
C0
C0
61
3F
ENDCHAR
STARTCHAR 01B9
ENCODING 441
SWIDTH 600 0
DWIDTH 10 0
BBX 8 13 1 -4
BITMAP
7F
60
30
18
0C
3C
60
C0
C0
C0
40
61
3F
ENDCHAR
STARTCHAR 01BA
ENCODING 442
SWIDTH 600 0
DWIDTH 10 0
BBX 8 13 1 -4
BITMAP
FE
06
0C
10
3C
06
03
03
02
7E
C0
C2
7C
ENDCHAR
STARTCHAR 01BB
ENCODING 443
SWIDTH 600 0
DWIDTH 10 0
BBX 8 12 1 0
BITMAP
3C
E6
02
02
02
06
7F
0C
18
30
40
FF
ENDCHAR
STARTCHAR 01BC
ENCODING 444
SWIDTH 600 0
DWIDTH 10 0
BBX 8 12 1 0
BITMAP
FE
60
60
60
60
7C
06
03
03
03
86
7C
ENDCHAR
STARTCHAR 01BD
ENCODING 445
SWIDTH 600 0
DWIDTH 10 0
BBX 8 9 1 0
BITMAP
FE
20
20
3E
07
03
03
86
FC
ENDCHAR
STARTCHAR 01BE
ENCODING 446
SWIDTH 600 0
DWIDTH 10 0
BBX 7 12 1 0
BITMAP
10
10
30
FE
30
30
30
1C
06
02
86
7C
ENDCHAR
STARTCHAR 01BF
ENCODING 447
SWIDTH 600 0
DWIDTH 10 0
BBX 8 13 1 -4
BITMAP
DE
E7
C3
C1
C3
C3
C6
CC
F8
C0
C0
C0
C0
ENDCHAR
STARTCHAR 01C0
ENCODING 448
SWIDTH 600 0
DWIDTH 10 0
BBX 2 13 4 0
BITMAP
C0
C0
C0
C0
C0
C0
C0
C0
C0
C0
C0
C0
C0
ENDCHAR
STARTCHAR 01C1
ENCODING 449
SWIDTH 600 0
DWIDTH 10 0
BBX 6 13 2 0
BITMAP
84
84
84
84
84
84
84
84
84
84
84
84
84
ENDCHAR
STARTCHAR 01C2
ENCODING 450
SWIDTH 600 0
DWIDTH 10 0
BBX 6 13 2 0
BITMAP
30
30
30
30
FC
30
30
30
FC
30
30
30
30
ENDCHAR
STARTCHAR 01C3
ENCODING 451
SWIDTH 600 0
DWIDTH 10 0
BBX 2 12 4 0
BITMAP
C0
C0
C0
C0
C0
C0
C0
C0
00
00
C0
C0
ENDCHAR
STARTCHAR 01C4
ENCODING 452
SWIDTH 1200 0
DWIDTH 20 0
BBX 16 16 2 0
BITMAP
0023
0016
000C
0000
F83F
8E03
8202
8306
8304
830C
8308
8318
8310
8630
8C60
F87F
ENDCHAR
STARTCHAR 01C5
ENCODING 453
SWIDTH 1200 0
DWIDTH 20 0
BBX 18 13 1 0
BITMAP
001080
F80D00
CE0600
C30000
C31F80
C10080
C10100
C10300
C10600
C30C00
C20800
CE1800
F83FC0
ENDCHAR
STARTCHAR 01C6
ENCODING 454
SWIDTH 1200 0
DWIDTH 20 0
BBX 18 13 1 0
BITMAP
031080
030D00
030600
030000
3B1F80
670080
C30100
C30300
830600
C30C00
C30800
671800
3B3FC0
ENDCHAR
STARTCHAR 01C7
ENCODING 455
SWIDTH 1200 0
DWIDTH 20 0
BBX 16 12 2 0
BITMAP
8003
8003
8003
8003
8003
8003
8003
8003
8003
8003
8046
FE3C
ENDCHAR
STARTCHAR 01C8
ENCODING 456
SWIDTH 1200 0
DWIDTH 20 0
BBX 15 17 2 -4
BITMAP
0006
8006
8000
8000
803E
8006
8006
8006
8006
8006
8006
8006
FE06
0006
0006
004C
0078
ENDCHAR
STARTCHAR 01C9
ENCODING 457
SWIDTH 1200 0
DWIDTH 20 0
BBX 16 17 1 -4
BITMAP
F803
0803
0800
0800
081F
0803
0803
0803
0803
0803
0803
0803
FF03
0003
0003
0026
003C
ENDCHAR
STARTCHAR 01CA
ENCODING 458
SWIDTH 1200 0
DWIDTH 20 0
BBX 17 12 1 0
BITMAP
C30180
E30180
A30180
F30180
D30180
DB0180
CB0180
CB0180
CF0180
C70180
C72300
C31E00
ENDCHAR
STARTCHAR 01CB
ENCODING 459
SWIDTH 1200 0
DWIDTH 20 0
BBX 16 17 1 -4
BITMAP
0003
C303
E300
A300
F31F
D303
DB03
CB03
CB03
CF03
C703
C703
C303
0003
0003
0026
003C
ENDCHAR
STARTCHAR 01CC
ENCODING 460
SWIDTH 1200 0
DWIDTH 20 0
BBX 16 17 1 -4
BITMAP
0003
0003
0000
0000
DE1F
E203
C303
C303
C303
C303
C303
C303
C303
0003
0003
0026
003C
ENDCHAR
STARTCHAR 01CD
ENCODING 461
SWIDTH 600 0
DWIDTH 10 0
BBX 10 16 0 0
BITMAP
2100
1600
0C00
0000
0C00
0C00
1E00
1200
1200
3300
3300
3F00
6180
6180
4080
C0C0
ENDCHAR
STARTCHAR 01CE
ENCODING 462
SWIDTH 600 0
DWIDTH 10 0
BBX 8 13 1 0
BITMAP
42
34
18
00
7C
46
02
3F
63
C3
C3
C7
7B
ENDCHAR
STARTCHAR 01CF
ENCODING 463
SWIDTH 600 0
DWIDTH 10 0
BBX 6 16 2 0
BITMAP
84
58
30
00
FC
30
30
30
30
30
30
30
30
30
30
FC
ENDCHAR
STARTCHAR 01D0
ENCODING 464
SWIDTH 600 0
DWIDTH 10 0
BBX 8 13 1 0
BITMAP
42
2C
18
00
78
08
08
08
08
08
08
08
FF
ENDCHAR
STARTCHAR 01D1
ENCODING 465
SWIDTH 600 0
DWIDTH 10 0
BBX 8 16 1 0
BITMAP
42
2C
18
00
3C
66
C3
C3
81
81
81
81
C3
C3
66
3C
ENDCHAR
STARTCHAR 01D2
ENCODING 466
SWIDTH 600 0
DWIDTH 10 0
BBX 8 13 1 0
BITMAP
42
2C
18
00
3C
66
C3
83
81
83
C3
66
3C
ENDCHAR
STARTCHAR 01D3
ENCODING 467
SWIDTH 600 0
DWIDTH 10 0
BBX 8 16 1 0
BITMAP
42
2C
18
00
C3
C3
C3
C3
C3
C3
C3
C3
C3
C3
66
3C
ENDCHAR
STARTCHAR 01D4
ENCODING 468
SWIDTH 600 0
DWIDTH 10 0
BBX 8 13 1 0
BITMAP
42
2C
18
00
C3
C3
C3
C3
C3
C3
C3
47
7B
ENDCHAR
STARTCHAR 01D5
ENCODING 469
SWIDTH 600 0
DWIDTH 10 0
BBX 8 17 1 0
BITMAP
3C
00
66
66
00
C3
C3
C3
C3
C3
C3
C3
C3
C3
C3
66
3C
ENDCHAR
STARTCHAR 01D6
ENCODING 470
SWIDTH 600 0
DWIDTH 10 0
BBX 8 14 1 0
BITMAP
3C
00
66
66
00
C3
C3
C3
C3
C3
C3
C3
47
7B
ENDCHAR
STARTCHAR 01D7
ENCODING 471
SWIDTH 600 0
DWIDTH 10 0
BBX 8 19 1 0
BITMAP
06
0C
18
00
66
66
00
C3
C3
C3
C3
C3
C3
C3
C3
C3
C3
66
3C
ENDCHAR
STARTCHAR 01D8
ENCODING 472
SWIDTH 600 0
DWIDTH 10 0
BBX 8 16 1 0
BITMAP
06
0C
18
00
66
66
00
C3
C3
C3
C3
C3
C3
C3
47
7B
ENDCHAR
STARTCHAR 01D9
ENCODING 473
SWIDTH 600 0
DWIDTH 10 0
BBX 8 19 1 0
BITMAP
42
2C
18
00
66
66
00
C3
C3
C3
C3
C3
C3
C3
C3
C3
C3
66
3C
ENDCHAR
STARTCHAR 01DA
ENCODING 474
SWIDTH 600 0
DWIDTH 10 0
BBX 8 16 1 0
BITMAP
42
2C
18
00
66
66
00
C3
C3
C3
C3
C3
C3
C3
47
7B
ENDCHAR
STARTCHAR 01DB
ENCODING 475
SWIDTH 600 0
DWIDTH 10 0
BBX 8 19 1 0
BITMAP
30
10
08
00
66
66
00
C3
C3
C3
C3
C3
C3
C3
C3
C3
C3
66
3C
ENDCHAR
STARTCHAR 01DC
ENCODING 476
SWIDTH 600 0
DWIDTH 10 0
BBX 8 16 1 0
BITMAP
30
10
08
00
66
66
00
C3
C3
C3
C3
C3
C3
C3
47
7B
ENDCHAR
STARTCHAR 01DD
ENCODING 477
SWIDTH 600 0
DWIDTH 10 0
BBX 8 9 1 0
BITMAP
7C
86
03
03
FF
C3
C3
66
3C
ENDCHAR
STARTCHAR 01DE
ENCODING 478
SWIDTH 600 0
DWIDTH 10 0
BBX 10 17 0 0
BITMAP
1E00
0000
3300
3300
0000
0C00
0C00
1E00
1200
1200
3300
3300
3F00
6180
6180
4080
C0C0
ENDCHAR
STARTCHAR 01DF
ENCODING 479
SWIDTH 600 0
DWIDTH 10 0
BBX 8 14 1 0
BITMAP
3E
00
66
66
00
7C
46
02
3F
63
C3
C3
C7
7B
ENDCHAR
STARTCHAR 01E0
ENCODING 480
SWIDTH 600 0
DWIDTH 10 0
BBX 10 17 0 0
BITMAP
1E00
0000
0C00
0C00
0000
0C00
0C00
1E00
1200
1200
3300
3300
3F00
6180
6180
4080
C0C0
ENDCHAR
STARTCHAR 01E1
ENCODING 481
SWIDTH 600 0
DWIDTH 10 0
BBX 8 14 1 0
BITMAP
3E
00
18
18
00
7C
46
02
3F
63
C3
C3
C7
7B
ENDCHAR
STARTCHAR 01E2
ENCODING 482
SWIDTH 600 0
DWIDTH 10 0
BBX 9 14 0 0
BITMAP
1F00
0000
1F80
1400
3400
3400
2400
2780
2400
7C00
6400
4400
4400
C780
ENDCHAR
STARTCHAR 01E3
ENCODING 483
SWIDTH 600 0
DWIDTH 10 0
BBX 10 11 0 0
BITMAP
1E00
0000
7B80
4C80
0CC0
0CC0
7FC0
CC00
CC00
CE40
7380
ENDCHAR
STARTCHAR 01E4
ENCODING 484
SWIDTH 600 0
DWIDTH 10 0
BBX 9 12 1 0
BITMAP
3F00
6200
C000
C000
8000
8000
8F00
8300
CF80
C300
6300
3F00
ENDCHAR
STARTCHAR 01E5
ENCODING 485
SWIDTH 600 0
DWIDTH 10 0
BBX 9 13 1 -4
BITMAP
3900
6700
C300
C300
8300
8300
C300
6700
3B00
0300
1F80
4300
7E00
ENDCHAR
STARTCHAR 01E6
ENCODING 486
SWIDTH 600 0
DWIDTH 10 0
BBX 8 16 1 0
BITMAP
22
34
18
00
3F
62
C0
C0
80
80
8F
83
C3
C3
63
3F
ENDCHAR
STARTCHAR 01E7
ENCODING 487
SWIDTH 600 0
DWIDTH 10 0
BBX 8 17 1 -4
BITMAP
42
2C
18
00
3B
67
C3
C3
83
C3
C3
67
3F
03
03
C6
7C
ENDCHAR
STARTCHAR 01E8
ENCODING 488
SWIDTH 600 0
DWIDTH 10 0
BBX 8 16 1 0
BITMAP
42
2C
18
00
C3
C6
CC
C8
D8
F0
F8
C8
CC
C6
C2
C3
ENDCHAR
STARTCHAR 01E9
ENCODING 489
SWIDTH 600 0
DWIDTH 10 0
BBX 8 17 2 0
BITMAP
44
2C
18
00
80
80
80
80
86
8C
98
B0
B0
D8
8C
84
87
ENDCHAR
STARTCHAR 01EA
ENCODING 490
SWIDTH 600 0
DWIDTH 10 0
BBX 8 16 1 -4
BITMAP
3C
66
C3
C3
81
81
81
81
C3
C3
66
3C
08
10
10
18
ENDCHAR
STARTCHAR 01EB
ENCODING 491
SWIDTH 600 0
DWIDTH 10 0
BBX 8 13 1 -4
BITMAP
3C
66
C3
83
81
83
C3
66
3C
08
10
10
18
ENDCHAR
STARTCHAR 01EC
ENCODING 492
SWIDTH 600 0
DWIDTH 10 0
BBX 8 18 1 -4
BITMAP
3C
00
3C
66
C3
C3
81
81
81
81
C3
C3
66
3C
08
10
10
18
ENDCHAR
STARTCHAR 01ED
ENCODING 493
SWIDTH 600 0
DWIDTH 10 0
BBX 8 15 1 -4
BITMAP
3C
00
3C
66
C3
83
81
83
C3
66
3C
08
10
10
18
ENDCHAR
STARTCHAR 01EE
ENCODING 494
SWIDTH 600 0
DWIDTH 10 0
BBX 8 16 1 0
BITMAP
42
2C
18
00
FE
06
0C
18
30
3C
06
03
03
03
86
FC
ENDCHAR
STARTCHAR 01EF
ENCODING 495
SWIDTH 600 0
DWIDTH 10 0
BBX 8 17 1 -4
BITMAP
42
2C
18
00
FE
06
0C
18
30
3C
06
03
03
03
02
86
FC
ENDCHAR
STARTCHAR 01F0
ENCODING 496
SWIDTH 600 0
DWIDTH 10 0
BBX 7 17 1 -4
BITMAP
22
16
0C
00
7C
0C
0C
0C
0C
0C
0C
0C
0C
0C
0C
98
F0
ENDCHAR
STARTCHAR 01F1
ENCODING 497
SWIDTH 1200 0
DWIDTH 20 0
BBX 16 12 2 0
BITMAP
F83F
8E03
8202
8306
8304
830C
8308
8318
8310
8630
8C60
F87F
ENDCHAR
STARTCHAR 01F2
ENCODING 498
SWIDTH 1200 0
DWIDTH 20 0
BBX 18 12 1 0
BITMAP
F80000
CE0000
C30000
C31F80
C10080
C10100
C10300
C10600
C30C00
C20800
CE1800
F83FC0
ENDCHAR
STARTCHAR 01F3
ENCODING 499
SWIDTH 1200 0
DWIDTH 20 0
BBX 18 13 1 0
BITMAP
030000
030000
030000
030000
3B1F80
670080
C30100
C30300
830600
C30C00
C30800
671800
3B3FC0
ENDCHAR
STARTCHAR 01F4
ENCODING 500
SWIDTH 600 0
DWIDTH 10 0
BBX 8 16 1 0
BITMAP
06
04
08
00
3F
62
C0
C0
80
80
8F
83
C3
C3
63
3F
ENDCHAR
STARTCHAR 01F5
ENCODING 501
SWIDTH 600 0
DWIDTH 10 0
BBX 8 17 1 -4
BITMAP
06
0C
18
00
3B
67
C3
C3
83
C3
C3
67
3F
03
03
C6
7C
ENDCHAR
STARTCHAR 01F6
ENCODING 502
SWIDTH 600 0
DWIDTH 10 0
BBX 8 12 1 0
BITMAP
98
98
98
99
99
F9
99
99
99
99
9B
8E
ENDCHAR
STARTCHAR 01F7
ENCODING 503
SWIDTH 600 0
DWIDTH 10 0
BBX 8 16 1 -4
BITMAP
DE
E3
C1
C1
C1
C1
C3
C3
C6
CC
D8
E0
C0
C0
C0
C0
ENDCHAR
STARTCHAR 01F8
ENCODING 504
SWIDTH 600 0
DWIDTH 10 0
BBX 8 16 1 0
BITMAP
30
10
08
00
C3
E3
A3
F3
D3
DB
CB
CB
CF
C7
C7
C3
ENDCHAR
STARTCHAR 01F9
ENCODING 505
SWIDTH 600 0
DWIDTH 10 0
BBX 8 13 1 0
BITMAP
30
10
08
00
DE
E2
C3
C3
C3
C3
C3
C3
C3
ENDCHAR
STARTCHAR 01FA
ENCODING 506
SWIDTH 600 0
DWIDTH 10 0
BBX 10 18 0 0
BITMAP
0300
0600
0C00
0000
0C00
1200
1E00
0C00
1E00
1200
1200
3300
3300
3F00
6180
6180
4080
C0C0
ENDCHAR
STARTCHAR 01FB
ENCODING 507
SWIDTH 600 0
DWIDTH 10 0
BBX 8 18 1 0
BITMAP
06
0C
18
00
00
18
24
1C
00
7C
46
02
3F
63
C3
C3
C7
7B
ENDCHAR
STARTCHAR 01FC
ENCODING 508
SWIDTH 600 0
DWIDTH 10 0
BBX 9 16 0 0
BITMAP
0300
0200
0400
0000
1F80
1400
3400
3400
2400
2780
2400
7C00
6400
4400
4400
C780
ENDCHAR
STARTCHAR 01FD
ENCODING 509
SWIDTH 600 0
DWIDTH 10 0
BBX 10 13 0 0
BITMAP
0300
0600
0C00
0000
7B80
4C80
0CC0
0CC0
7FC0
CC00
CC00
CE40
7380
ENDCHAR
STARTCHAR 01FE
ENCODING 510
SWIDTH 600 0
DWIDTH 10 0
BBX 8 17 1 -1
BITMAP
06
0C
18
00
3D
66
C7
C7
8D
89
99
91
E3
E3
66
FC
40
ENDCHAR
STARTCHAR 01FF
ENCODING 511
SWIDTH 600 0
DWIDTH 10 0
BBX 8 13 1 0
BITMAP
06
0C
18
00
3F
66
C7
8F
99
93
E3
66
FC
ENDCHAR
STARTCHAR 0200
ENCODING 512
SWIDTH 600 0
DWIDTH 10 0
BBX 10 16 0 0
BITMAP
6C00
3600
1A00
0000
0C00
0C00
1E00
1200
1200
3300
3300
3F00
6180
6180
4080
C0C0
ENDCHAR
STARTCHAR 0201
ENCODING 513
SWIDTH 600 0
DWIDTH 10 0
BBX 8 13 1 0
BITMAP
48
6C
36
00
7C
46
02
3F
63
C3
C3
C7
7B
ENDCHAR
STARTCHAR 0202
ENCODING 514
SWIDTH 600 0
DWIDTH 10 0
BBX 10 16 0 0
BITMAP
1E00
1200
2100
0000
0C00
0C00
1E00
1200
1200
3300
3300
3F00
6180
6180
4080
C0C0
ENDCHAR
STARTCHAR 0203
ENCODING 515
SWIDTH 600 0
DWIDTH 10 0
BBX 8 13 1 0
BITMAP
3C
24
42
00
7C
46
02
3F
63
C3
C3
C7
7B
ENDCHAR
STARTCHAR 0204
ENCODING 516
SWIDTH 600 0
DWIDTH 10 0
BBX 7 16 2 0
BITMAP
90
D8
6C
00
FE
80
80
80
80
FC
80
80
80
80
80
FE
ENDCHAR
STARTCHAR 0205
ENCODING 517
SWIDTH 600 0
DWIDTH 10 0
BBX 8 13 1 0
BITMAP
58
6C
36
00
3C
66
C3
C3
FF
C0
C0
61
3E
ENDCHAR
STARTCHAR 0206
ENCODING 518
SWIDTH 600 0
DWIDTH 10 0
BBX 7 16 2 0
BITMAP
78
4C
80
00
FE
80
80
80
80
FC
80
80
80
80
80
FE
ENDCHAR
STARTCHAR 0207
ENCODING 519
SWIDTH 600 0
DWIDTH 10 0
BBX 8 13 1 0
BITMAP
3C
24
42
00
3C
66
C3
C3
FF
C0
C0
61
3E
ENDCHAR
STARTCHAR 0208
ENCODING 520
SWIDTH 600 0
DWIDTH 10 0
BBX 7 16 1 0
BITMAP
D8
6C
34
00
7E
18
18
18
18
18
18
18
18
18
18
7E
ENDCHAR
STARTCHAR 0209
ENCODING 521
SWIDTH 600 0
DWIDTH 10 0
BBX 8 13 1 0
BITMAP
D8
6C
34
00
78
08
08
08
08
08
08
08
FF
ENDCHAR
STARTCHAR 020A
ENCODING 522
SWIDTH 600 0
DWIDTH 10 0
BBX 6 16 2 0
BITMAP
78
48
84
00
FC
30
30
30
30
30
30
30
30
30
30
FC
ENDCHAR
STARTCHAR 020B
ENCODING 523
SWIDTH 600 0
DWIDTH 10 0
BBX 8 13 1 0
BITMAP
3C
24
42
00
78
08
08
08
08
08
08
08
FF
ENDCHAR
STARTCHAR 020C
ENCODING 524
SWIDTH 600 0
DWIDTH 10 0
BBX 8 16 1 0
BITMAP
D8
6C
34
00
3C
66
C3
C3
81
81
81
81
C3
C3
66
3C
ENDCHAR
STARTCHAR 020D
ENCODING 525
SWIDTH 600 0
DWIDTH 10 0
BBX 8 13 1 0
BITMAP
D8
6C
34
00
3C
66
C3
83
81
83
C3
66
3C
ENDCHAR
STARTCHAR 020E
ENCODING 526
SWIDTH 600 0
DWIDTH 10 0
BBX 8 16 1 0
BITMAP
3C
24
42
00
3C
66
C3
C3
81
81
81
81
C3
C3
66
3C
ENDCHAR
STARTCHAR 020F
ENCODING 527
SWIDTH 600 0
DWIDTH 10 0
BBX 8 13 1 0
BITMAP
3C
24
42
00
3C
66
C3
83
81
83
C3
66
3C
ENDCHAR
STARTCHAR 0210
ENCODING 528
SWIDTH 600 0
DWIDTH 10 0
BBX 8 16 1 0
BITMAP
D8
6C
34
00
7C
46
42
43
42
46
7C
4C
44
46
43
41
ENDCHAR
STARTCHAR 0211
ENCODING 529
SWIDTH 600 0
DWIDTH 10 0
BBX 9 13 1 0
BITMAP
6C00
2400
1200
0000
F780
1C80
1800
1000
1000
1000
1000
1000
FE00
ENDCHAR
STARTCHAR 0212
ENCODING 530
SWIDTH 600 0
DWIDTH 10 0
BBX 7 16 2 0
BITMAP
78
48
84
00
F8
8C
84
86
84
8C
F8
98
88
8C
86
82
ENDCHAR
STARTCHAR 0213
ENCODING 531
SWIDTH 600 0
DWIDTH 10 0
BBX 9 13 1 0
BITMAP
1C00
3200
0000
0000
F780
1C80
1800
1000
1000
1000
1000
1000
FE00
ENDCHAR
STARTCHAR 0214
ENCODING 532
SWIDTH 600 0
DWIDTH 10 0
BBX 8 16 1 0
BITMAP
D8
6C
34
00
C3
C3
C3
C3
C3
C3
C3
C3
C3
C3
66
3C
ENDCHAR
STARTCHAR 0215
ENCODING 533
SWIDTH 600 0
DWIDTH 10 0
BBX 8 13 1 0
BITMAP
D8
6C
34
00
C3
C3
C3
C3
C3
C3
C3
47
7B
ENDCHAR
STARTCHAR 0216
ENCODING 534
SWIDTH 600 0
DWIDTH 10 0
BBX 8 16 1 0
BITMAP
3C
24
42
00
C3
C3
C3
C3
C3
C3
C3
C3
C3
C3
66
3C
ENDCHAR
STARTCHAR 0217
ENCODING 535
SWIDTH 600 0
DWIDTH 10 0
BBX 8 13 1 0
BITMAP
3C
24
42
00
C3
C3
C3
C3
C3
C3
C3
47
7B
ENDCHAR
STARTCHAR 0218
ENCODING 536
SWIDTH 600 0
DWIDTH 10 0
BBX 8 16 1 -4
BITMAP
3F
62
40
40
60
38
0E
03
03
03
C6
7C
00
18
10
10
ENDCHAR
STARTCHAR 0219
ENCODING 537
SWIDTH 600 0
DWIDTH 10 0
BBX 6 13 2 -4
BITMAP
7C
C4
80
E0
38
0C
04
8C
F8
00
30
20
20
ENDCHAR
STARTCHAR 021A
ENCODING 538
SWIDTH 600 0
DWIDTH 10 0
BBX 8 16 1 -4
BITMAP
FF
18
18
18
18
18
18
18
18
18
18
18
00
18
10
10
ENDCHAR
STARTCHAR 021B
ENCODING 539
SWIDTH 600 0
DWIDTH 10 0
BBX 8 16 1 -4
BITMAP
10
10
30
FE
30
30
30
30
30
30
18
1F
00
0C
0C
08
ENDCHAR
STARTCHAR 021C
ENCODING 540
SWIDTH 600 0
DWIDTH 10 0
BBX 8 15 1 -3
BITMAP
7C
C6
03
03
06
1C
36
03
03
03
03
06
1C
F0
C0
ENDCHAR
STARTCHAR 021D
ENCODING 541
SWIDTH 600 0
DWIDTH 10 0
BBX 8 13 1 -4
BITMAP
7C
C6
02
02
06
3E
03
01
01
03
0E
78
C0
ENDCHAR
STARTCHAR 021E
ENCODING 542
SWIDTH 600 0
DWIDTH 10 0
BBX 8 16 1 0
BITMAP
42
2C
18
00
C3
C3
C3
C3
C3
FF
C3
C3
C3
C3
C3
C3
ENDCHAR
STARTCHAR 021F
ENCODING 543
SWIDTH 600 0
DWIDTH 10 0
BBX 10 17 -1 0
BITMAP
8400
6800
3000
0000
3000
3000
3000
3000
3780
3980
30C0
30C0
30C0
30C0
30C0
30C0
30C0
ENDCHAR
STARTCHAR 0220
ENCODING 544
SWIDTH 600 0
DWIDTH 10 0
BBX 8 16 1 -4
BITMAP
DC
E6
C3
C3
C3
C3
C3
C3
C3
C3
C3
C3
03
03
03
03
ENDCHAR
STARTCHAR 0221
ENCODING 545
SWIDTH 600 0
DWIDTH 10 0
BBX 10 15 0 -2
BITMAP
0C00
0C00
0C00
0C00
3C00
4C00
4C00
4C00
CC00
4D80
4EC0
6EC0
3380
0400
0200
ENDCHAR
STARTCHAR 0222
ENCODING 546
SWIDTH 600 0
DWIDTH 10 0
BBX 8 12 1 0
BITMAP
C3
C3
C2
42
3C
66
C3
81
81
C3
66
3C
ENDCHAR
STARTCHAR 0223
ENCODING 547
SWIDTH 600 0
DWIDTH 10 0
BBX 8 13 1 0
BITMAP
C3
C3
C3
42
66
3C
66
C3
81
81
C3
66
3C
ENDCHAR
STARTCHAR 0224
ENCODING 548
SWIDTH 600 0
DWIDTH 10 0
BBX 7 15 2 -3
BITMAP
FC
04
0C
08
18
10
30
60
40
C0
80
FE
06
06
0C
ENDCHAR
STARTCHAR 0225
ENCODING 549
SWIDTH 600 0
DWIDTH 10 0
BBX 8 12 1 -3
BITMAP
7E
02
04
0C
18
30
20
60
FF
03
03
06
ENDCHAR
STARTCHAR 0226
ENCODING 550
SWIDTH 600 0
DWIDTH 10 0
BBX 10 15 0 0
BITMAP
0C00
0C00
0000
0C00
0C00
1E00
1200
1200
3300
3300
3F00
6180
6180
4080
C0C0
ENDCHAR
STARTCHAR 0227
ENCODING 551
SWIDTH 600 0
DWIDTH 10 0
BBX 8 12 1 0
BITMAP
18
18
00
7C
46
02
3F
63
C3
C3
C7
7B
ENDCHAR
STARTCHAR 0228
ENCODING 552
SWIDTH 600 0
DWIDTH 10 0
BBX 7 16 2 -4
BITMAP
FE
80
80
80
80
FC
80
80
80
80
80
FE
20
30
18
70
ENDCHAR
STARTCHAR 0229
ENCODING 553
SWIDTH 600 0
DWIDTH 10 0
BBX 8 13 1 -4
BITMAP
3C
66
C3
C3
FF
C0
C0
61
3E
10
18
04
38
ENDCHAR
STARTCHAR 022A
ENCODING 554
SWIDTH 600 0
DWIDTH 10 0
BBX 8 17 1 0
BITMAP
3C
00
66
66
00
3C
66
C3
C3
81
81
81
81
C3
C3
66
3C
ENDCHAR
STARTCHAR 022B
ENCODING 555
SWIDTH 600 0
DWIDTH 10 0
BBX 8 14 1 0
BITMAP
3C
00
66
66
00
3C
66
C3
83
81
83
C3
66
3C
ENDCHAR
STARTCHAR 022C
ENCODING 556
SWIDTH 600 0
DWIDTH 10 0
BBX 8 17 1 0
BITMAP
3C
00
32
4E
00
3C
66
C3
C3
81
81
81
81
C3
C3
66
3C
ENDCHAR
STARTCHAR 022D
ENCODING 557
SWIDTH 600 0
DWIDTH 10 0
BBX 8 14 1 0
BITMAP
3C
00
32
4E
00
3C
66
C3
83
81
83
C3
66
3C
ENDCHAR
STARTCHAR 022E
ENCODING 558
SWIDTH 600 0
DWIDTH 10 0
BBX 8 15 1 0
BITMAP
18
18
00
3C
66
C3
C3
81
81
81
81
C3
C3
66
3C
ENDCHAR
STARTCHAR 022F
ENCODING 559
SWIDTH 600 0
DWIDTH 10 0
BBX 8 12 1 0
BITMAP
18
18
00
3C
66
C3
83
81
83
C3
66
3C
ENDCHAR
STARTCHAR 0230
ENCODING 560
SWIDTH 600 0
DWIDTH 10 0
BBX 8 17 1 0
BITMAP
3C
00
18
18
00
3C
66
C3
C3
81
81
81
81
C3
C3
66
3C
ENDCHAR
STARTCHAR 0231
ENCODING 561
SWIDTH 600 0
DWIDTH 10 0
BBX 8 14 1 0
BITMAP
3C
00
18
18
00
3C
66
C3
83
81
83
C3
66
3C
ENDCHAR
STARTCHAR 0232
ENCODING 562
SWIDTH 600 0
DWIDTH 10 0
BBX 8 14 1 0
BITMAP
3C
00
81
C3
42
66
24
3C
18
18
18
18
18
18
ENDCHAR
STARTCHAR 0233
ENCODING 563
SWIDTH 600 0
DWIDTH 10 0
BBX 8 15 1 -4
BITMAP
3C
00
81
C3
42
62
26
24
34
18
18
18
10
30
E0
ENDCHAR
STARTCHAR 0234
ENCODING 564
SWIDTH 600 0
DWIDTH 10 0
BBX 8 13 1 0
BITMAP
20
20
20
20
20
20
20
20
20
3E
63
72
9E
ENDCHAR
STARTCHAR 0235
ENCODING 565
SWIDTH 600 0
DWIDTH 10 0
BBX 9 9 1 0
BITMAP
B800
CC00
8C00
8C00
8C00
8F00
8D80
8D80
9F00
ENDCHAR
STARTCHAR 0236
ENCODING 566
SWIDTH 600 0
DWIDTH 10 0
BBX 8 12 1 0
BITMAP
10
30
30
FE
30
30
30
30
3E
33
73
5E
ENDCHAR
STARTCHAR 0237
ENCODING 567
SWIDTH 600 0
DWIDTH 10 0
BBX 6 13 1 -4
BITMAP
7C
0C
0C
0C
0C
0C
0C
0C
0C
0C
0C
98
F0
ENDCHAR
STARTCHAR 0238
ENCODING 568
SWIDTH 600 0
DWIDTH 10 0
BBX 8 13 1 0
BITMAP
18
18
18
18
7E
99
99
99
99
99
99
99
66
ENDCHAR
STARTCHAR 0239
ENCODING 569
SWIDTH 600 0
DWIDTH 10 0
BBX 8 13 1 -4
BITMAP
66
99
99
99
99
99
99
99
7E
18
18
18
18
ENDCHAR
STARTCHAR 023A
ENCODING 570
SWIDTH 600 0
DWIDTH 10 0
BBX 10 14 0 -1
BITMAP
0100
0E00
0E00
1E00
1600
1600
3700
3700
3F00
6980
6980
5080
D0C0
1000
ENDCHAR
STARTCHAR 023B
ENCODING 571
SWIDTH 600 0
DWIDTH 10 0
BBX 8 14 1 -1
BITMAP
02
1F
35
64
C4
C8
C8
C8
D8
D0
50
71
3F
20
ENDCHAR
STARTCHAR 023C
ENCODING 572
SWIDTH 600 0
DWIDTH 10 0
BBX 8 16 1 -3
BITMAP
03
02
02
06
3E
66
4C
C8
C8
D0
50
72
3E
20
20
40
ENDCHAR
STARTCHAR 023D
ENCODING 573
SWIDTH 600 0
DWIDTH 10 0
BBX 9 12 0 0
BITMAP
2000
2000
2000
2000
2000
FC00
2000
2000
2000
2000
2000
3F80
ENDCHAR
STARTCHAR 023E
ENCODING 574
SWIDTH 600 0
DWIDTH 10 0
BBX 8 14 1 -1
BITMAP
01
FF
1A
1C
1C
18
18
18
18
38
38
58
58
80
ENDCHAR
STARTCHAR 023F
ENCODING 575
SWIDTH 600 0
DWIDTH 10 0
BBX 6 13 2 -4
BITMAP
7C
C4
80
E0
38
0C
04
8C
F8
60
20
30
1C
ENDCHAR
STARTCHAR 0240
ENCODING 576
SWIDTH 600 0
DWIDTH 10 0
BBX 8 13 1 -4
BITMAP
7E
02
04
0C
18
30
20
40
F0
10
18
18
0F
ENDCHAR
STARTCHAR 0241
ENCODING 577
SWIDTH 600 0
DWIDTH 10 0
BBX 8 12 1 0
BITMAP
7C
C6
03
03
03
06
0C
18
10
10
10
10
ENDCHAR
STARTCHAR 0242
ENCODING 578
SWIDTH 600 0
DWIDTH 10 0
BBX 6 9 2 0
BITMAP
F8
8C
04
04
0C
08
38
20
20
ENDCHAR
STARTCHAR 0243
ENCODING 579
SWIDTH 600 0
DWIDTH 10 0
BBX 9 12 0 0
BITMAP
3E00
2300
2180
2180
2100
3E00
2100
2180
F880
2180
2180
3E00
ENDCHAR
STARTCHAR 0244
ENCODING 580
SWIDTH 600 0
DWIDTH 10 0
BBX 10 12 0 0
BITMAP
6180
6180
6180
6180
6180
FFC0
6180
6180
6180
6180
3300
1E00
ENDCHAR
STARTCHAR 0245
ENCODING 581
SWIDTH 600 0
DWIDTH 10 0
BBX 10 12 0 0
BITMAP
0C00
0C00
1E00
1E00
1200
3300
3300
2100
6180
6180
4080
C0C0
ENDCHAR
STARTCHAR 0246
ENCODING 582
SWIDTH 600 0
DWIDTH 10 0
BBX 7 14 2 -1
BITMAP
04
FE
84
88
88
88
FC
90
90
B0
A0
A0
FE
40
ENDCHAR
STARTCHAR 0247
ENCODING 583
SWIDTH 600 0
DWIDTH 10 0
BBX 8 16 1 -3
BITMAP
02
02
02
04
3C
66
CB
CB
FF
D0
D0
61
3E
20
40
40
ENDCHAR
STARTCHAR 0248
ENCODING 584
SWIDTH 600 0
DWIDTH 10 0
BBX 8 15 0 -3
BITMAP
0C
0C
0C
0C
0C
3F
0C
0C
0C
0C
0C
0C
0C
88
F8
ENDCHAR
STARTCHAR 0249
ENCODING 585
SWIDTH 600 0
DWIDTH 10 0
BBX 8 17 1 -4
BITMAP
0C
0C
00
00
7C
0C
0C
0C
3F
0C
0C
0C
0C
0C
0C
98
F0
ENDCHAR
STARTCHAR 024A
ENCODING 586
SWIDTH 600 0
DWIDTH 10 0
BBX 10 16 1 -4
BITMAP
3D00
6700
C300
C300
8300
8300
8300
8300
C300
C300
6700
3F00
0300
0300
0300
01C0
ENDCHAR
STARTCHAR 024B
ENCODING 587
SWIDTH 600 0
DWIDTH 10 0
BBX 9 13 1 -4
BITMAP
3B00
6700
C300
C300
8300
C300
C300
6700
3B00
0300
0300
0300
0180
ENDCHAR
STARTCHAR 024C
ENCODING 588
SWIDTH 600 0
DWIDTH 10 0
BBX 9 12 0 0
BITMAP
3E00
2300
2100
2180
2100
2300
FE00
2600
2200
2300
2180
2080
ENDCHAR
STARTCHAR 024D
ENCODING 589
SWIDTH 600 0
DWIDTH 10 0
BBX 9 9 1 0
BITMAP
F780
1C80
1800
1000
7C00
1000
1000
1000
FE00
ENDCHAR
STARTCHAR 024E
ENCODING 590
SWIDTH 600 0
DWIDTH 10 0
BBX 10 12 0 0
BITMAP
4080
6180
FFC0
3300
1200
1E00
0C00
0C00
0C00
0C00
0C00
0C00
ENDCHAR
STARTCHAR 024F
ENCODING 591
SWIDTH 600 0
DWIDTH 10 0
BBX 10 13 0 -4
BITMAP
4080
6180
2100
FFC0
1300
1200
1A00
0C00
0C00
0C00
0800
1800
7000
ENDCHAR
STARTCHAR 0250
ENCODING 592
SWIDTH 600 0
DWIDTH 10 0
BBX 8 9 1 0
BITMAP
DE
E3
C3
C3
FE
C0
40
62
3E
ENDCHAR
STARTCHAR 0251
ENCODING 593
SWIDTH 600 0
DWIDTH 10 0
BBX 9 9 1 0
BITMAP
3B00
6700
C300
C300
8300
C300
C300
6700
3980
ENDCHAR
STARTCHAR 0252
ENCODING 594
SWIDTH 600 0
DWIDTH 10 0
BBX 9 9 0 0
BITMAP
CE00
7300
6180
6180
6080
6180
6180
7300
6E00
ENDCHAR
STARTCHAR 0253
ENCODING 595
SWIDTH 600 0
DWIDTH 10 0
BBX 8 13 1 0
BITMAP
60
C0
C0
C0
DC
E6
C3
C3
C1
C3
C3
E6
DC
ENDCHAR
STARTCHAR 0254
ENCODING 596
SWIDTH 600 0
DWIDTH 10 0
BBX 7 9 2 0
BITMAP
F8
8C
04
06
06
06
04
8C
F8
ENDCHAR
STARTCHAR 0255
ENCODING 597
SWIDTH 600 0
DWIDTH 10 0
BBX 8 10 1 -1
BITMAP
3E
62
40
C0
C0
DE
73
63
FE
40
ENDCHAR
STARTCHAR 0256
ENCODING 598
SWIDTH 600 0
DWIDTH 10 0
BBX 10 17 1 -4
BITMAP
0300
0300
0300
0300
3B00
6700
C300
C300
8300
8300
C300
6700
3B00
0300
0300
0300
01C0
ENDCHAR
STARTCHAR 0257
ENCODING 599
SWIDTH 600 0
DWIDTH 10 0
BBX 9 13 1 0
BITMAP
0180
0300
0300
0300
3B00
6700
C300
C300
8300
C300
C300
6700
3B00
ENDCHAR
STARTCHAR 0258
ENCODING 600
SWIDTH 600 0
DWIDTH 10 0
BBX 8 9 1 0
BITMAP
3C
66
C3
C3
FF
03
03
86
7C
ENDCHAR
STARTCHAR 0259
ENCODING 601
SWIDTH 600 0
DWIDTH 10 0
BBX 8 9 1 0
BITMAP
7C
86
03
03
FF
C3
C3
66
3C
ENDCHAR
STARTCHAR 025A
ENCODING 602
SWIDTH 600 0
DWIDTH 10 0
BBX 9 9 1 0
BITMAP
F000
8800
0C00
0600
7E00
8580
8C00
C800
7000
ENDCHAR
STARTCHAR 025B
ENCODING 603
SWIDTH 600 0
DWIDTH 10 0
BBX 6 9 2 0
BITMAP
7C
C4
80
C0
38
C0
80
C4
7C
ENDCHAR
STARTCHAR 025C
ENCODING 604
SWIDTH 600 0
DWIDTH 10 0
BBX 7 9 1 0
BITMAP
7C
46
02
06
38
06
02
86
7C
ENDCHAR
STARTCHAR 025D
ENCODING 605
SWIDTH 600 0
DWIDTH 10 0
BBX 10 9 0 0
BITMAP
FC00
4700
0700
04C0
3C00
0600
0200
8600
FC00
ENDCHAR
STARTCHAR 025E
ENCODING 606
SWIDTH 600 0
DWIDTH 10 0
BBX 8 9 1 0
BITMAP
3E
63
C1
C3
8C
C3
C1
63
3E
ENDCHAR
STARTCHAR 025F
ENCODING 607
SWIDTH 600 0
DWIDTH 10 0
BBX 7 13 1 -4
BITMAP
7C
0C
0C
0C
1E
0C
0C
0C
0C
0C
0C
98
F0
ENDCHAR
STARTCHAR 0260
ENCODING 608
SWIDTH 600 0
DWIDTH 10 0
BBX 9 17 1 -4
BITMAP
0180
0300
0300
0300
3B00
6700
C300
C300
8300
C300
C300
6700
3F00
0300
0300
C600
7C00
ENDCHAR
STARTCHAR 0261
ENCODING 609
SWIDTH 600 0
DWIDTH 10 0
BBX 8 13 1 -4
BITMAP
3B
67
C3
C3
83
C3
C3
67
3F
03
03
C6
7C
ENDCHAR
STARTCHAR 0262
ENCODING 610
SWIDTH 600 0
DWIDTH 10 0
BBX 8 9 1 0
BITMAP
3E
62
C0
C0
CF
C3
C3
63
3E
ENDCHAR
STARTCHAR 0263
ENCODING 611
SWIDTH 600 0
DWIDTH 10 0
BBX 10 13 0 -4
BITMAP
C0C0
6180
6180
3300
3300
1A00
1E00
0C00
0C00
1E00
1200
1200
0C00
ENDCHAR
STARTCHAR 0264
ENCODING 612
SWIDTH 600 0
DWIDTH 10 0
BBX 8 9 1 0
BITMAP
C3
42
24
3C
18
18
24
2C
18
ENDCHAR
STARTCHAR 0265
ENCODING 613
SWIDTH 600 0
DWIDTH 10 0
BBX 8 13 1 -4
BITMAP
C3
C3
C3
C3
C3
C3
C3
67
7B
03
03
03
03
ENDCHAR
STARTCHAR 0266
ENCODING 614
SWIDTH 600 0
DWIDTH 10 0
BBX 8 13 1 0
BITMAP
60
C0
C0
C0
DE
E6
C3
C3
C3
C3
C3
C3
C3
ENDCHAR
STARTCHAR 0267
ENCODING 615
SWIDTH 600 0
DWIDTH 10 0
BBX 8 17 1 -4
BITMAP
60
C0
C0
C0
DE
E6
C3
C3
C3
C3
C3
C3
C3
03
03
03
06
ENDCHAR
STARTCHAR 0268
ENCODING 616
SWIDTH 600 0
DWIDTH 10 0
BBX 8 13 1 0
BITMAP
18
18
00
00
78
08
08
08
7E
08
08
08
FF
ENDCHAR
STARTCHAR 0269
ENCODING 617
SWIDTH 600 0
DWIDTH 10 0
BBX 4 9 4 0
BITMAP
C0
C0
C0
C0
C0
C0
C0
C0
70
ENDCHAR
STARTCHAR 026A
ENCODING 618
SWIDTH 600 0
DWIDTH 10 0
BBX 6 9 2 0
BITMAP
FC
30
30
30
30
30
30
30
FC
ENDCHAR
STARTCHAR 026B
ENCODING 619
SWIDTH 600 0
DWIDTH 10 0
BBX 8 13 1 0
BITMAP
F8
08
08
08
08
08
3A
4E
08
08
08
08
FF
ENDCHAR
STARTCHAR 026C
ENCODING 620
SWIDTH 600 0
DWIDTH 10 0
BBX 8 13 1 0
BITMAP
F8
08
08
08
08
78
48
7E
08
08
08
08
FF
ENDCHAR
STARTCHAR 026D
ENCODING 621
SWIDTH 600 0
DWIDTH 10 0
BBX 8 17 1 -4
BITMAP
F8
08
08
08
08
08
08
08
08
08
08
08
08
08
08
0C
07
ENDCHAR
STARTCHAR 026E
ENCODING 622
SWIDTH 600 0
DWIDTH 10 0
BBX 8 17 1 -4
BITMAP
C0
C0
C0
C0
FF
C3
C6
CC
D8
DE
C7
C1
C1
01
01
43
7C
ENDCHAR
STARTCHAR 026F
ENCODING 623
SWIDTH 600 0
DWIDTH 10 0
BBX 8 9 1 0
BITMAP
99
99
99
99
99
99
99
9B
ED
ENDCHAR
STARTCHAR 0270
ENCODING 624
SWIDTH 600 0
DWIDTH 10 0
BBX 8 13 1 -4
BITMAP
99
99
99
99
99
99
99
9B
ED
01
01
01
01
ENDCHAR
STARTCHAR 0271
ENCODING 625
SWIDTH 600 0
DWIDTH 10 0
BBX 8 13 1 -4
BITMAP
B7
D9
99
99
99
99
99
99
99
01
01
01
07
ENDCHAR
STARTCHAR 0272
ENCODING 626
SWIDTH 600 0
DWIDTH 10 0
BBX 10 13 -1 -4
BITMAP
3780
3880
30C0
30C0
30C0
30C0
30C0
30C0
30C0
3000
3000
3000
E000
ENDCHAR
STARTCHAR 0273
ENCODING 627
SWIDTH 600 0
DWIDTH 10 0
BBX 10 13 1 -4
BITMAP
DE00
E200
C300
C300
C300
C300
C300
C300
C300
0300
0300
0300
01C0
ENDCHAR
STARTCHAR 0274
ENCODING 628
SWIDTH 600 0
DWIDTH 10 0
BBX 8 9 1 0
BITMAP
C3
E3
F3
D3
DB
CB
C5
C7
C3
ENDCHAR
STARTCHAR 0275
ENCODING 629
SWIDTH 600 0
DWIDTH 10 0
BBX 8 9 1 0
BITMAP
3C
66
C3
C3
FF
81
C3
66
3C
ENDCHAR
STARTCHAR 0276
ENCODING 630
SWIDTH 600 0
DWIDTH 10 0
BBX 8 9 1 0
BITMAP
7F
D8
88
88
8F
88
88
D8
7F
ENDCHAR
STARTCHAR 0277
ENCODING 631
SWIDTH 600 0
DWIDTH 10 0
BBX 10 9 0 0
BITMAP
1E00
3300
4080
4080
4C80
CCC0
4C80
4C80
3300
ENDCHAR
STARTCHAR 0278
ENCODING 632
SWIDTH 600 0
DWIDTH 10 0
BBX 8 17 1 -4
BITMAP
18
18
18
18
3C
7E
DB
99
99
99
DB
DB
7E
18
18
18
18
ENDCHAR
STARTCHAR 0279
ENCODING 633
SWIDTH 600 0
DWIDTH 10 0
BBX 9 9 0 0
BITMAP
3F80
0400
0400
0400
0400
0400
0C00
9C00
F780
ENDCHAR
STARTCHAR 027A
ENCODING 634
SWIDTH 600 0
DWIDTH 10 0
BBX 9 13 0 0
BITMAP
0400
0400
0400
0400
0400
0400
0400
0400
0400
0400
0C00
9C00
F780
ENDCHAR
STARTCHAR 027B
ENCODING 635
SWIDTH 600 0
DWIDTH 10 0
BBX 8 13 1 -4
BITMAP
7F
08
08
08
08
08
18
38
E8
08
08
0C
06
ENDCHAR
STARTCHAR 027C
ENCODING 636
SWIDTH 600 0
DWIDTH 10 0
BBX 9 13 1 -4
BITMAP
F780
1D00
1800
1000
1000
1000
1000
1000
1000
1000
1000
1000
1000
ENDCHAR
STARTCHAR 027D
ENCODING 637
SWIDTH 600 0
DWIDTH 10 0
BBX 9 13 1 -4
BITMAP
F780
1C80
1800
1000
1000
1000
1000
1000
1000
1000
1000
1800
0E00
ENDCHAR
STARTCHAR 027E
ENCODING 638
SWIDTH 600 0
DWIDTH 10 0
BBX 5 9 3 0
BITMAP
78
C8
C0
80
80
80
80
80
80
ENDCHAR
STARTCHAR 027F
ENCODING 639
SWIDTH 600 0
DWIDTH 10 0
BBX 5 13 2 -4
BITMAP
F0
98
18
08
08
08
08
08
08
08
08
08
08
ENDCHAR
STARTCHAR 0280
ENCODING 640
SWIDTH 600 0
DWIDTH 10 0
BBX 7 9 2 0
BITMAP
F8
84
86
84
FC
98
88
8C
86
ENDCHAR
STARTCHAR 0281
ENCODING 641
SWIDTH 600 0
DWIDTH 10 0
BBX 7 9 2 0
BITMAP
86
8C
88
98
F8
8C
86
84
F8
ENDCHAR
STARTCHAR 0282
ENCODING 642
SWIDTH 600 0
DWIDTH 10 0
BBX 6 12 2 -3
BITMAP
7C
C4
80
E0
38
0C
04
8C
F8
80
80
E0
ENDCHAR
STARTCHAR 0283
ENCODING 643
SWIDTH 600 0
DWIDTH 10 0
BBX 8 17 1 -4
BITMAP
07
09
18
18
18
18
18
18
18
18
18
18
18
18
18
10
E0
ENDCHAR
STARTCHAR 0284
ENCODING 644
SWIDTH 600 0
DWIDTH 10 0
BBX 8 17 1 -4
BITMAP
07
09
18
18
18
18
18
18
7E
18
18
18
18
18
18
10
E0
ENDCHAR
STARTCHAR 0285
ENCODING 645
SWIDTH 600 0
DWIDTH 10 0
BBX 8 13 1 -4
BITMAP
E0
90
18
18
18
18
18
18
18
18
18
08
07
ENDCHAR
STARTCHAR 0286
ENCODING 646
SWIDTH 600 0
DWIDTH 10 0
BBX 8 17 1 -4
BITMAP
07
08
18
18
18
18
18
18
18
18
18
18
18
7C
D8
D8
70
ENDCHAR
STARTCHAR 0287
ENCODING 647
SWIDTH 600 0
DWIDTH 10 0
BBX 8 11 1 -2
BITMAP
F8
18
0C
0C
0C
0C
0C
0C
7F
0C
08
ENDCHAR
STARTCHAR 0288
ENCODING 648
SWIDTH 600 0
DWIDTH 10 0
BBX 8 15 1 -4
BITMAP
10
10
FF
10
10
10
10
10
10
10
10
10
10
18
0F
ENDCHAR
STARTCHAR 0289
ENCODING 649
SWIDTH 600 0
DWIDTH 10 0
BBX 10 9 0 0
BITMAP
6180
6180
6180
6180
FFC0
6180
6180
6380
3D80
ENDCHAR
STARTCHAR 028A
ENCODING 650
SWIDTH 600 0
DWIDTH 10 0
BBX 8 9 1 0
BITMAP
E7
66
42
81
81
81
C3
66
3C
ENDCHAR
STARTCHAR 028B
ENCODING 651
SWIDTH 600 0
DWIDTH 10 0
BBX 8 9 1 0
BITMAP
CE
C3
C3
C3
C3
C2
C6
4C
78
ENDCHAR
STARTCHAR 028C
ENCODING 652
SWIDTH 600 0
DWIDTH 10 0
BBX 8 9 1 0
BITMAP
18
1C
3C
24
66
62
42
C3
81
ENDCHAR
STARTCHAR 028D
ENCODING 653
SWIDTH 600 0
DWIDTH 10 0
BBX 10 9 0 0
BITMAP
3300
7380
7380
5280
5E80
4C80
4C80
C080
C0C0
ENDCHAR
STARTCHAR 028E
ENCODING 654
SWIDTH 600 0
DWIDTH 10 0
BBX 8 13 1 0
BITMAP
07
0C
08
18
18
18
2C
24
64
46
42
C3
81
ENDCHAR
STARTCHAR 028F
ENCODING 655
SWIDTH 600 0
DWIDTH 10 0
BBX 8 9 1 0
BITMAP
C3
42
66
3C
18
18
18
18
18
ENDCHAR
STARTCHAR 0290
ENCODING 656
SWIDTH 600 0
DWIDTH 10 0
BBX 9 13 1 -4
BITMAP
7E00
0200
0400
0C00
1800
3000
2000
6000
FF00
0300
0300
0300
0180
ENDCHAR
STARTCHAR 0291
ENCODING 657
SWIDTH 600 0
DWIDTH 10 0
BBX 9 10 1 -1
BITMAP
7E00
0600
0C00
0800
1000
3700
6D80
4900
FF00
3000
ENDCHAR
STARTCHAR 0292
ENCODING 658
SWIDTH 600 0
DWIDTH 10 0
BBX 8 13 1 -4
BITMAP
FE
06
0C
18
30
3C
06
03
03
03
02
86
FC
ENDCHAR
STARTCHAR 0293
ENCODING 659
SWIDTH 600 0
DWIDTH 10 0
BBX 9 13 1 -4
BITMAP
FE00
0600
0C00
1800
3000
3C00
0600
0200
0300
FB00
8E00
8700
7980
ENDCHAR
STARTCHAR 0294
ENCODING 660
SWIDTH 600 0
DWIDTH 10 0
BBX 8 13 1 0
BITMAP
7C
C6
02
03
02
06
0C
18
10
10
10
10
10
ENDCHAR
STARTCHAR 0295
ENCODING 661
SWIDTH 600 0
DWIDTH 10 0
BBX 8 13 1 0
BITMAP
3E
63
40
C0
40
60
30
08
08
08
08
08
08
ENDCHAR
STARTCHAR 0296
ENCODING 662
SWIDTH 600 0
DWIDTH 10 0
BBX 8 13 1 -4
BITMAP
10
10
10
10
10
10
0C
06
02
03
02
C6
7C
ENDCHAR
STARTCHAR 0297
ENCODING 663
SWIDTH 600 0
DWIDTH 10 0
BBX 8 13 1 -4
BITMAP
1F
32
60
40
C0
C0
C0
C0
C0
40
40
61
1E
ENDCHAR
STARTCHAR 0298
ENCODING 664
SWIDTH 600 0
DWIDTH 10 0
BBX 8 12 1 0
BITMAP
3C
66
C3
C3
81
99
99
81
C3
C3
66
3C
ENDCHAR
STARTCHAR 0299
ENCODING 665
SWIDTH 600 0
DWIDTH 10 0
BBX 7 9 2 0
BITMAP
FC
C6
C6
C4
F8
C6
C6
C6
FC
ENDCHAR
STARTCHAR 029A
ENCODING 666
SWIDTH 600 0
DWIDTH 10 0
BBX 8 9 1 0
BITMAP
7C
C6
83
C3
31
C3
83
C6
7C
ENDCHAR
STARTCHAR 029B
ENCODING 667
SWIDTH 600 0
DWIDTH 10 0
BBX 9 13 1 0
BITMAP
0180
0300
0200
0200
3E00
6200
C000
C000
CF00
C300
C300
6300
3E00
ENDCHAR
STARTCHAR 029C
ENCODING 668
SWIDTH 600 0
DWIDTH 10 0
BBX 8 9 1 0
BITMAP
C3
C3
C3
C3
FF
C3
C3
C3
C3
ENDCHAR
STARTCHAR 029D
ENCODING 669
SWIDTH 600 0
DWIDTH 10 0
BBX 6 17 2 -4
BITMAP
18
18
00
00
F8
18
18
18
18
18
18
18
18
7C
98
90
70
ENDCHAR
STARTCHAR 029E
ENCODING 670
SWIDTH 600 0
DWIDTH 10 0
BBX 8 13 0 -4
BITMAP
E1
21
31
1B
0F
0D
19
31
61
01
01
01
01
ENDCHAR
STARTCHAR 029F
ENCODING 671
SWIDTH 600 0
DWIDTH 10 0
BBX 5 9 3 0
BITMAP
80
80
80
80
80
80
80
80
F8
ENDCHAR
STARTCHAR 02A0
ENCODING 672
SWIDTH 600 0
DWIDTH 10 0
BBX 10 17 1 -4
BITMAP
01C0
0300
0300
0300
3B00
6700
C300
C300
8300
C300
C300
6700
3B00
0300
0300
0300
0300
ENDCHAR
STARTCHAR 02A1
ENCODING 673
SWIDTH 600 0
DWIDTH 10 0
BBX 8 13 1 0
BITMAP
7C
C6
02
03
02
06
0C
10
10
7C
10
10
10
ENDCHAR
STARTCHAR 02A2
ENCODING 674
SWIDTH 600 0
DWIDTH 10 0
BBX 8 13 1 0
BITMAP
3E
63
40
C0
40
60
30
08
08
3E
08
08
08
ENDCHAR
STARTCHAR 02A3
ENCODING 675
SWIDTH 600 0
DWIDTH 10 0
BBX 10 13 0 0
BITMAP
0C00
0C00
0C00
0C00
7FC0
4CC0
CC80
CD80
CD00
CD00
CE00
4E00
7FC0
ENDCHAR
STARTCHAR 02A4
ENCODING 676
SWIDTH 600 0
DWIDTH 10 0
BBX 10 17 0 -4
BITMAP
0800
0800
0800
0800
7F80
4880
4980
4900
CB00
4B00
4880
48C0
78C0
00C0
0080
0580
0700
ENDCHAR
STARTCHAR 02A5
ENCODING 677
SWIDTH 1200 0
DWIDTH 20 0
BBX 18 14 1 -1
BITMAP
008000
008000
008000
008000
3EFF00
638100
418200
C18400
C08C00
C09BC0
41B640
63E440
3EFF80
000800
ENDCHAR
STARTCHAR 02A6
ENCODING 678
SWIDTH 600 0
DWIDTH 10 0
BBX 9 11 0 0
BITMAP
2000
6000
FF80
6C80
6800
6C00
6300
6180
6080
6080
3F80
ENDCHAR
STARTCHAR 02A7
ENCODING 679
SWIDTH 600 0
DWIDTH 10 0
BBX 10 17 0 -4
BITMAP
01C0
0100
2300
2300
FF00
2300
2300
2300
2300
2300
2300
3300
1F00
0300
0300
0300
0E00
ENDCHAR
STARTCHAR 02A8
ENCODING 680
SWIDTH 1200 0
DWIDTH 20 0
BBX 17 12 1 0
BITMAP
100000
100000
300000
FE1F80
303100
306000
306000
306F00
307980
303080
18F180
0F9F00
ENDCHAR
STARTCHAR 02A9
ENCODING 681
SWIDTH 600 0
DWIDTH 10 0
BBX 9 17 0 -4
BITMAP
3800
6000
4000
4000
FB80
4C80
4880
4880
4880
4880
4880
4880
4880
0080
0080
0080
0380
ENDCHAR
STARTCHAR 02AA
ENCODING 682
SWIDTH 600 0
DWIDTH 10 0
BBX 8 13 1 0
BITMAP
C0
C0
C0
C0
CF
D1
D0
D8
CE
C3
C1
E3
FE
ENDCHAR
STARTCHAR 02AB
ENCODING 683
SWIDTH 600 0
DWIDTH 10 0
BBX 8 13 1 0
BITMAP
C0
C0
C0
C0
FF
C3
C6
C4
CC
D8
D0
F0
FF
ENDCHAR
STARTCHAR 02AC
ENCODING 684
SWIDTH 600 0
DWIDTH 10 0
BBX 8 12 1 0
BITMAP
99
99
DB
66
66
66
99
99
9B
66
66
66
ENDCHAR
STARTCHAR 02AD
ENCODING 685
SWIDTH 600 0
DWIDTH 10 0
BBX 7 12 1 0
BITMAP
FE
C2
C2
C2
00
00
00
00
FE
C2
C2
C2
ENDCHAR
STARTCHAR 02AE
ENCODING 686
SWIDTH 600 0
DWIDTH 10 0
BBX 9 13 0 -4
BITMAP
C180
6180
6180
6180
6180
6180
6180
3380
3D80
0180
0180
0180
0180
ENDCHAR
STARTCHAR 02AF
ENCODING 687
SWIDTH 600 0
DWIDTH 10 0
BBX 10 13 0 -4
BITMAP
C180
6180
6180
6180
6180
6180
6180
3380
3D80
0180
0180
0180
00C0
ENDCHAR
STARTCHAR 02B0
ENCODING 688
SWIDTH 600 0
DWIDTH 10 0
BBX 4 7 3 5
BITMAP
80
80
F0
90
90
90
90
ENDCHAR
STARTCHAR 02B1
ENCODING 689
SWIDTH 600 0
DWIDTH 10 0
BBX 4 7 3 5
BITMAP
C0
80
F0
90
90
90
90
ENDCHAR
STARTCHAR 02B2
ENCODING 690
SWIDTH 600 0
DWIDTH 10 0
BBX 4 10 3 2
BITMAP
30
00
70
10
10
10
10
10
10
E0
ENDCHAR
STARTCHAR 02B3
ENCODING 691
SWIDTH 600 0
DWIDTH 10 0
BBX 6 5 2 5
BITMAP
FC
20
20
20
F8
ENDCHAR
STARTCHAR 02B4
ENCODING 692
SWIDTH 600 0
DWIDTH 10 0
BBX 6 5 2 5
BITMAP
7C
10
10
10
FC
ENDCHAR
STARTCHAR 02B5
ENCODING 693
SWIDTH 600 0
DWIDTH 10 0
BBX 5 8 3 2
BITMAP
F8
20
20
20
E0
20
20
30
ENDCHAR
STARTCHAR 02B6
ENCODING 694
SWIDTH 600 0
DWIDTH 10 0
BBX 4 5 3 5
BITMAP
90
A0
E0
90
F0
ENDCHAR
STARTCHAR 02B7
ENCODING 695
SWIDTH 600 0
DWIDTH 10 0
BBX 6 5 2 5
BITMAP
84
B4
B4
B4
48
ENDCHAR
STARTCHAR 02B8
ENCODING 696
SWIDTH 600 0
DWIDTH 10 0
BBX 6 8 2 2
BITMAP
84
48
48
30
30
10
20
E0
ENDCHAR
STARTCHAR 02B9
ENCODING 697
SWIDTH 600 0
DWIDTH 10 0
BBX 3 4 3 8
BITMAP
60
60
40
C0
ENDCHAR
STARTCHAR 02BA
ENCODING 698
SWIDTH 600 0
DWIDTH 10 0
BBX 6 4 2 8
BITMAP
6C
48
58
D8
ENDCHAR
STARTCHAR 02BB
ENCODING 699
SWIDTH 600 0
DWIDTH 10 0
BBX 2 4 4 8
BITMAP
40
40
C0
80
ENDCHAR
STARTCHAR 02BC
ENCODING 700
SWIDTH 600 0
DWIDTH 10 0
BBX 3 4 3 8
BITMAP
60
60
40
C0
ENDCHAR
STARTCHAR 02BD
ENCODING 701
SWIDTH 600 0
DWIDTH 10 0
BBX 2 4 4 8
BITMAP
C0
C0
40
40
ENDCHAR
STARTCHAR 02BE
ENCODING 702
SWIDTH 600 0
DWIDTH 10 0
BBX 2 3 4 10
BITMAP
C0
40
C0
ENDCHAR
STARTCHAR 02BF
ENCODING 703
SWIDTH 600 0
DWIDTH 10 0
BBX 2 3 4 10
BITMAP
C0
80
C0
ENDCHAR
STARTCHAR 02C0
ENCODING 704
SWIDTH 600 0
DWIDTH 10 0
BBX 4 5 3 8
BITMAP
E0
90
10
30
40
ENDCHAR
STARTCHAR 02C1
ENCODING 705
SWIDTH 600 0
DWIDTH 10 0
BBX 4 5 3 8
BITMAP
F0
90
80
C0
20
ENDCHAR
STARTCHAR 02C2
ENCODING 706
SWIDTH 600 0
DWIDTH 10 0
BBX 4 4 3 9
BITMAP
30
40
C0
30
ENDCHAR
STARTCHAR 02C3
ENCODING 707
SWIDTH 600 0
DWIDTH 10 0
BBX 4 4 3 9
BITMAP
C0
20
30
C0
ENDCHAR
STARTCHAR 02C4
ENCODING 708
SWIDTH 600 0
DWIDTH 10 0
BBX 4 4 3 9
BITMAP
40
60
90
90
ENDCHAR
STARTCHAR 02C5
ENCODING 709
SWIDTH 600 0
DWIDTH 10 0
BBX 4 4 3 9
BITMAP
90
90
60
40
ENDCHAR
STARTCHAR 02C6
ENCODING 710
SWIDTH 600 0
DWIDTH 10 0
BBX 6 3 2 10
BITMAP
30
78
CC
ENDCHAR
STARTCHAR 02C7
ENCODING 711
SWIDTH 600 0
DWIDTH 10 0
BBX 6 3 2 10
BITMAP
84
58
30
ENDCHAR
STARTCHAR 02C8
ENCODING 712
SWIDTH 600 0
DWIDTH 10 0
BBX 2 4 4 8
BITMAP
C0
C0
C0
C0
ENDCHAR
STARTCHAR 02C9
ENCODING 713
SWIDTH 600 0
DWIDTH 10 0
BBX 4 1 3 10
BITMAP
F0
ENDCHAR
STARTCHAR 02CA
ENCODING 714
SWIDTH 600 0
DWIDTH 10 0
BBX 4 3 3 10
BITMAP
30
60
C0
ENDCHAR
STARTCHAR 02CB
ENCODING 715
SWIDTH 600 0
DWIDTH 10 0
BBX 4 3 3 10
BITMAP
C0
60
30
ENDCHAR
STARTCHAR 02CC
ENCODING 716
SWIDTH 600 0
DWIDTH 10 0
BBX 2 4 4 -3
BITMAP
C0
C0
C0
C0
ENDCHAR
STARTCHAR 02CD
ENCODING 717
SWIDTH 600 0
DWIDTH 10 0
BBX 4 1 3 -3
BITMAP
F0
ENDCHAR
STARTCHAR 02CE
ENCODING 718
SWIDTH 600 0
DWIDTH 10 0
BBX 3 3 4 -3
BITMAP
80
C0
60
ENDCHAR
STARTCHAR 02CF
ENCODING 719
SWIDTH 600 0
DWIDTH 10 0
BBX 3 3 4 -3
BITMAP
60
C0
80
ENDCHAR
STARTCHAR 02D0
ENCODING 720
SWIDTH 600 0
DWIDTH 10 0
BBX 2 9 4 0
BITMAP
C0
C0
00
00
00
00
00
C0
C0
ENDCHAR
STARTCHAR 02D1
ENCODING 721
SWIDTH 600 0
DWIDTH 10 0
BBX 2 2 4 7
BITMAP
C0
C0
ENDCHAR
STARTCHAR 02D2
ENCODING 722
SWIDTH 600 0
DWIDTH 10 0
BBX 2 3 4 4
BITMAP
C0
40
C0
ENDCHAR
STARTCHAR 02D3
ENCODING 723
SWIDTH 600 0
DWIDTH 10 0
BBX 2 3 4 4
BITMAP
C0
80
C0
ENDCHAR
STARTCHAR 02D4
ENCODING 724
SWIDTH 600 0
DWIDTH 10 0
BBX 4 3 3 4
BITMAP
60
60
F0
ENDCHAR
STARTCHAR 02D5
ENCODING 725
SWIDTH 600 0
DWIDTH 10 0
BBX 4 3 3 3
BITMAP
F0
60
60
ENDCHAR
STARTCHAR 02D6
ENCODING 726
SWIDTH 600 0
DWIDTH 10 0
BBX 4 3 3 3
BITMAP
60
F0
60
ENDCHAR
STARTCHAR 02D7
ENCODING 727
SWIDTH 600 0
DWIDTH 10 0
BBX 4 1 3 5
BITMAP
F0
ENDCHAR
STARTCHAR 02D8
ENCODING 728
SWIDTH 600 0
DWIDTH 10 0
BBX 6 2 2 10
BITMAP
CC
78
ENDCHAR
STARTCHAR 02D9
ENCODING 729
SWIDTH 600 0
DWIDTH 10 0
BBX 2 2 4 10
BITMAP
C0
C0
ENDCHAR
STARTCHAR 02DA
ENCODING 730
SWIDTH 600 0
DWIDTH 10 0
BBX 4 3 3 10
BITMAP
60
90
F0
ENDCHAR
STARTCHAR 02DB
ENCODING 731
SWIDTH 600 0
DWIDTH 10 0
BBX 2 4 4 -4
BITMAP
40
80
80
C0
ENDCHAR
STARTCHAR 02DC
ENCODING 732
SWIDTH 600 0
DWIDTH 10 0
BBX 6 2 2 10
BITMAP
64
9C
ENDCHAR
STARTCHAR 02DD
ENCODING 733
SWIDTH 600 0
DWIDTH 10 0
BBX 6 3 3 10
BITMAP
6C
D8
90
ENDCHAR
STARTCHAR 02DE
ENCODING 734
SWIDTH 600 0
DWIDTH 10 0
BBX 8 3 -2 3
BITMAP
38
E8
0F
ENDCHAR
STARTCHAR 02DF
ENCODING 735
SWIDTH 600 0
DWIDTH 10 0
BBX 4 3 3 10
BITMAP
B0
60
F0
ENDCHAR
STARTCHAR 02E0
ENCODING 736
SWIDTH 600 0
DWIDTH 10 0
BBX 6 8 2 2
BITMAP
84
48
48
30
30
30
30
30
ENDCHAR
STARTCHAR 02E1
ENCODING 737
SWIDTH 600 0
DWIDTH 10 0
BBX 5 7 2 5
BITMAP
70
10
10
10
10
10
F8
ENDCHAR
STARTCHAR 02E2
ENCODING 738
SWIDTH 600 0
DWIDTH 10 0
BBX 4 5 3 5
BITMAP
F0
80
60
10
F0
ENDCHAR
STARTCHAR 02E3
ENCODING 739
SWIDTH 600 0
DWIDTH 10 0
BBX 6 5 2 5
BITMAP
CC
30
30
30
CC
ENDCHAR
STARTCHAR 02E4
ENCODING 740
SWIDTH 600 0
DWIDTH 10 0
BBX 4 7 3 5
BITMAP
F0
80
80
C0
20
20
20
ENDCHAR
STARTCHAR 02E5
ENCODING 741
SWIDTH 600 0
DWIDTH 10 0
BBX 5 12 2 -1
BITMAP
F8
18
18
18
18
18
18
18
18
18
18
18
ENDCHAR
STARTCHAR 02E6
ENCODING 742
SWIDTH 600 0
DWIDTH 10 0
BBX 5 11 2 0
BITMAP
18
18
F8
18
18
18
18
18
18
18
18
ENDCHAR
STARTCHAR 02E7
ENCODING 743
SWIDTH 600 0
DWIDTH 10 0
BBX 5 11 2 0
BITMAP
18
18
18
18
F8
18
18
18
18
18
18
ENDCHAR
STARTCHAR 02E8
ENCODING 744
SWIDTH 600 0
DWIDTH 10 0
BBX 5 11 2 0
BITMAP
18
18
18
18
18
18
18
F8
18
18
18
ENDCHAR
STARTCHAR 02E9
ENCODING 745
SWIDTH 600 0
DWIDTH 10 0
BBX 5 11 2 0
BITMAP
18
18
18
18
18
18
18
18
18
18
F8
ENDCHAR
STARTCHAR 02EA
ENCODING 746
SWIDTH 600 0
DWIDTH 10 0
BBX 5 6 3 3
BITMAP
C0
C0
C0
C0
C0
F8
ENDCHAR
STARTCHAR 02EB
ENCODING 747
SWIDTH 600 0
DWIDTH 10 0
BBX 5 6 3 3
BITMAP
C0
C0
F8
C0
C0
C0
ENDCHAR
STARTCHAR 02EC
ENCODING 748
SWIDTH 600 0
DWIDTH 10 0
BBX 6 3 2 -3
BITMAP
84
58
30
ENDCHAR
STARTCHAR 02ED
ENCODING 749
SWIDTH 600 0
DWIDTH 10 0
BBX 10 3 0 9
BITMAP
FFC0
0000
FFC0
ENDCHAR
STARTCHAR 02EE
ENCODING 750
SWIDTH 600 0
DWIDTH 10 0
BBX 6 4 2 8
BITMAP
6C
4C
48
D8
ENDCHAR
STARTCHAR 02EF
ENCODING 751
SWIDTH 600 0
DWIDTH 10 0
BBX 6 4 2 -4
BITMAP
CC
48
30
30
ENDCHAR
STARTCHAR 02F0
ENCODING 752
SWIDTH 600 0
DWIDTH 10 0
BBX 6 4 2 -4
BITMAP
20
30
78
CC
ENDCHAR
STARTCHAR 02F1
ENCODING 753
SWIDTH 600 0
DWIDTH 10 0
BBX 4 4 3 -4
BITMAP
30
C0
60
10
ENDCHAR
STARTCHAR 02F2
ENCODING 754
SWIDTH 600 0
DWIDTH 10 0
BBX 4 4 3 -4
BITMAP
C0
30
60
80
ENDCHAR
STARTCHAR 02F3
ENCODING 755
SWIDTH 600 0
DWIDTH 10 0
BBX 4 3 3 -5
BITMAP
60
90
F0
ENDCHAR
STARTCHAR 02F4
ENCODING 756
SWIDTH 600 0
DWIDTH 10 0
BBX 4 3 3 5
BITMAP
C0
60
30
ENDCHAR
STARTCHAR 02F5
ENCODING 757
SWIDTH 600 0
DWIDTH 10 0
BBX 6 3 2 5
BITMAP
D8
48
24
ENDCHAR
STARTCHAR 02F6
ENCODING 758
SWIDTH 600 0
DWIDTH 10 0
BBX 6 3 2 5
BITMAP
6C
48
90
ENDCHAR
STARTCHAR 02F7
ENCODING 759
SWIDTH 600 0
DWIDTH 10 0
BBX 6 2 2 -3
BITMAP
64
9C
ENDCHAR
STARTCHAR 02F8
ENCODING 760
SWIDTH 600 0
DWIDTH 10 0
BBX 2 9 4 4
BITMAP
C0
C0
00
00
00
00
00
C0
C0
ENDCHAR
STARTCHAR 02F9
ENCODING 761
SWIDTH 600 0
DWIDTH 10 0
BBX 4 4 3 7
BITMAP
F0
80
80
80
ENDCHAR
STARTCHAR 02FA
ENCODING 762
SWIDTH 600 0
DWIDTH 10 0
BBX 4 4 3 7
BITMAP
F0
10
10
10
ENDCHAR
STARTCHAR 02FB
ENCODING 763
SWIDTH 600 0
DWIDTH 10 0
BBX 4 4 3 0
BITMAP
80
80
80
F0
ENDCHAR
STARTCHAR 02FC
ENCODING 764
SWIDTH 600 0
DWIDTH 10 0
BBX 4 4 3 0
BITMAP
10
10
10
F0
ENDCHAR
STARTCHAR 02FD
ENCODING 765
SWIDTH 600 0
DWIDTH 10 0
BBX 8 2 1 -3
BITMAP
81
FF
ENDCHAR
STARTCHAR 02FE
ENCODING 766
SWIDTH 600 0
DWIDTH 10 0
BBX 8 2 1 -3
BITMAP
80
FF
ENDCHAR
STARTCHAR 02FF
ENCODING 767
SWIDTH 600 0
DWIDTH 10 0
BBX 8 5 1 -4
BITMAP
10
60
FF
60
10
ENDCHAR
STARTCHAR 0300
ENCODING 768
SWIDTH 0 0
DWIDTH 0 0
BBX 3 3 -2 10
BITMAP
C0
40
20
ENDCHAR
STARTCHAR 0301
ENCODING 769
SWIDTH 0 0
DWIDTH 0 0
BBX 4 3 -1 10
BITMAP
30
60
C0
ENDCHAR
STARTCHAR 0302
ENCODING 770
SWIDTH 0 0
DWIDTH 0 0
BBX 6 3 -3 10
BITMAP
30
78
CC
ENDCHAR
STARTCHAR 0303
ENCODING 771
SWIDTH 0 0
DWIDTH 0 0
BBX 6 2 -3 10
BITMAP
64
9C
ENDCHAR
STARTCHAR 0304
ENCODING 772
SWIDTH 0 0
DWIDTH 0 0
BBX 4 1 -2 10
BITMAP
F0
ENDCHAR
STARTCHAR 0305
ENCODING 773
SWIDTH 0 0
DWIDTH 0 0
BBX 6 1 -3 13
BITMAP
FC
ENDCHAR
STARTCHAR 0306
ENCODING 774
SWIDTH 0 0
DWIDTH 0 0
BBX 6 2 -3 10
BITMAP
CC
78
ENDCHAR
STARTCHAR 0307
ENCODING 775
SWIDTH 0 0
DWIDTH 0 0
BBX 2 2 -1 10
BITMAP
C0
C0
ENDCHAR
STARTCHAR 0308
ENCODING 776
SWIDTH 0 0
DWIDTH 0 0
BBX 6 2 -3 10
BITMAP
CC
CC
ENDCHAR
STARTCHAR 0309
ENCODING 777
SWIDTH 0 0
DWIDTH 0 0
BBX 3 4 -1 10
BITMAP
C0
20
60
C0
ENDCHAR
STARTCHAR 030A
ENCODING 778
SWIDTH 0 0
DWIDTH 0 0
BBX 4 3 -2 10
BITMAP
60
90
F0
ENDCHAR
STARTCHAR 030B
ENCODING 779
SWIDTH 0 0
DWIDTH 0 0
BBX 6 3 -3 10
BITMAP
24
6C
D8
ENDCHAR
STARTCHAR 030C
ENCODING 780
SWIDTH 0 0
DWIDTH 0 0
BBX 6 3 -3 10
BITMAP
84
58
30
ENDCHAR
STARTCHAR 030D
ENCODING 781
SWIDTH 0 0
DWIDTH 0 0
BBX 2 3 -1 10
BITMAP
C0
C0
C0
ENDCHAR
STARTCHAR 030E
ENCODING 782
SWIDTH 0 0
DWIDTH 0 0
BBX 4 3 -2 10
BITMAP
90
90
90
ENDCHAR
STARTCHAR 030F
ENCODING 783
SWIDTH 0 0
DWIDTH 0 0
BBX 6 3 -4 10
BITMAP
D8
6C
34
ENDCHAR
STARTCHAR 0310
ENCODING 784
SWIDTH 0 0
DWIDTH 0 0
BBX 6 4 -3 10
BITMAP
30
30
8C
78
ENDCHAR
STARTCHAR 0311
ENCODING 785
SWIDTH 0 0
DWIDTH 0 0
BBX 6 2 -3 11
BITMAP
78
CC
ENDCHAR
STARTCHAR 0312
ENCODING 786
SWIDTH 0 0
DWIDTH 0 0
BBX 2 4 -1 8
BITMAP
40
40
C0
80
ENDCHAR
STARTCHAR 0313
ENCODING 787
SWIDTH 0 0
DWIDTH 0 0
BBX 2 4 -1 8
BITMAP
C0
C0
C0
80
ENDCHAR
STARTCHAR 0314
ENCODING 788
SWIDTH 0 0
DWIDTH 0 0
BBX 2 4 -1 8
BITMAP
C0
C0
40
40
ENDCHAR
STARTCHAR 0315
ENCODING 789
SWIDTH 0 0
DWIDTH 0 0
BBX 3 4 -1 8
BITMAP
60
40
40
C0
ENDCHAR
STARTCHAR 0316
ENCODING 790
SWIDTH 0 0
DWIDTH 0 0
BBX 4 3 -2 -3
BITMAP
C0
60
30
ENDCHAR
STARTCHAR 0317
ENCODING 791
SWIDTH 0 0
DWIDTH 0 0
BBX 4 3 -2 -3
BITMAP
30
60
C0
ENDCHAR
STARTCHAR 0318
ENCODING 792
SWIDTH 0 0
DWIDTH 0 0
BBX 2 3 -1 -4
BITMAP
40
C0
40
ENDCHAR
STARTCHAR 0319
ENCODING 793
SWIDTH 0 0
DWIDTH 0 0
BBX 2 3 -1 -4
BITMAP
80
C0
80
ENDCHAR
STARTCHAR 031A
ENCODING 794
SWIDTH 600 0
DWIDTH 10 0
BBX 5 4 2 9
BITMAP
F8
08
08
08
ENDCHAR
STARTCHAR 031B
ENCODING 795
SWIDTH 0 0
DWIDTH 0 0
BBX 2 4 -1 8
BITMAP
40
40
40
80
ENDCHAR
STARTCHAR 031C
ENCODING 796
SWIDTH 0 0
DWIDTH 0 0
BBX 2 3 -1 -4
BITMAP
C0
80
C0
ENDCHAR
STARTCHAR 031D
ENCODING 797
SWIDTH 0 0
DWIDTH 0 0
BBX 4 3 -2 -3
BITMAP
60
60
F0
ENDCHAR
STARTCHAR 031E
ENCODING 798
SWIDTH 0 0
DWIDTH 0 0
BBX 4 3 -2 -4
BITMAP
F0
60
60
ENDCHAR
STARTCHAR 031F
ENCODING 799
SWIDTH 0 0
DWIDTH 0 0
BBX 4 3 -2 -4
BITMAP
60
F0
60
ENDCHAR
STARTCHAR 0320
ENCODING 800
SWIDTH 0 0
DWIDTH 0 0
BBX 4 1 -2 -2
BITMAP
F0
ENDCHAR
STARTCHAR 0321
ENCODING 801
SWIDTH 0 0
DWIDTH 0 0
BBX 2 4 -1 -4
BITMAP
40
40
40
C0
ENDCHAR
STARTCHAR 0322
ENCODING 802
SWIDTH 0 0
DWIDTH 0 0
BBX 2 4 -1 -4
BITMAP
80
80
80
C0
ENDCHAR
STARTCHAR 0323
ENCODING 803
SWIDTH 0 0
DWIDTH 0 0
BBX 2 2 -1 -4
BITMAP
C0
C0
ENDCHAR
STARTCHAR 0324
ENCODING 804
SWIDTH 0 0
DWIDTH 0 0
BBX 6 2 -3 -3
BITMAP
CC
CC
ENDCHAR
STARTCHAR 0325
ENCODING 805
SWIDTH 0 0
DWIDTH 0 0
BBX 4 3 -2 -4
BITMAP
60
90
F0
ENDCHAR
STARTCHAR 0326
ENCODING 806
SWIDTH 0 0
DWIDTH 0 0
BBX 2 3 -1 -4
BITMAP
C0
80
80
ENDCHAR
STARTCHAR 0327
ENCODING 807
SWIDTH 0 0
DWIDTH 0 0
BBX 4 4 -2 -4
BITMAP
60
60
30
E0
ENDCHAR
STARTCHAR 0328
ENCODING 808
SWIDTH 0 0
DWIDTH 0 0
BBX 2 4 -1 -4
BITMAP
40
80
80
C0
ENDCHAR
STARTCHAR 0329
ENCODING 809
SWIDTH 0 0
DWIDTH 0 0
BBX 2 3 -1 -3
BITMAP
C0
C0
C0
ENDCHAR
STARTCHAR 032A
ENCODING 810
SWIDTH 0 0
DWIDTH 0 0
BBX 6 3 -3 -4
BITMAP
FC
84
84
ENDCHAR
STARTCHAR 032B
ENCODING 811
SWIDTH 0 0
DWIDTH 0 0
BBX 6 2 -3 -3
BITMAP
A4
FC
ENDCHAR
STARTCHAR 032C
ENCODING 812
SWIDTH 0 0
DWIDTH 0 0
BBX 6 3 -3 -3
BITMAP
84
58
30
ENDCHAR
STARTCHAR 032D
ENCODING 813
SWIDTH 0 0
DWIDTH 0 0
BBX 6 3 -3 -4
BITMAP
30
78
CC
ENDCHAR
STARTCHAR 032E
ENCODING 814
SWIDTH 0 0
DWIDTH 0 0
BBX 6 2 -3 -3
BITMAP
CC
78
ENDCHAR
STARTCHAR 032F
ENCODING 815
SWIDTH 0 0
DWIDTH 0 0
BBX 6 2 -3 -2
BITMAP
78
CC
ENDCHAR
STARTCHAR 0330
ENCODING 816
SWIDTH 0 0
DWIDTH 0 0
BBX 6 2 -3 -3
BITMAP
64
9C
ENDCHAR
STARTCHAR 0331
ENCODING 817
SWIDTH 0 0
DWIDTH 0 0
BBX 5 1 -2 -3
BITMAP
F8
ENDCHAR
STARTCHAR 0332
ENCODING 818
SWIDTH 0 0
DWIDTH 0 0
BBX 8 1 -4 -2
BITMAP
FF
ENDCHAR
STARTCHAR 0333
ENCODING 819
SWIDTH 0 0
DWIDTH 0 0
BBX 10 3 -5 -4
BITMAP
FFC0
0000
FFC0
ENDCHAR
STARTCHAR 0334
ENCODING 820
SWIDTH 0 0
DWIDTH 0 0
BBX 6 2 -3 3
BITMAP
64
9C
ENDCHAR
STARTCHAR 0335
ENCODING 821
SWIDTH 0 0
DWIDTH 0 0
BBX 6 1 -3 4
BITMAP
FC
ENDCHAR
STARTCHAR 0336
ENCODING 822
SWIDTH 0 0
DWIDTH 0 0
BBX 12 1 -6 4
BITMAP
FFF0
ENDCHAR
STARTCHAR 0337
ENCODING 823
SWIDTH 0 0
DWIDTH 0 0
BBX 4 4 -7 3
BITMAP
10
30
E0
80
ENDCHAR
STARTCHAR 0338
ENCODING 824
SWIDTH 0 0
DWIDTH 0 0
BBX 7 14 -8 -1
BITMAP
02
04
04
0C
08
08
10
10
30
20
20
40
40
C0
ENDCHAR
STARTCHAR 0339
ENCODING 825
SWIDTH 0 0
DWIDTH 0 0
BBX 2 3 -1 -4
BITMAP
80
40
C0
ENDCHAR
STARTCHAR 033A
ENCODING 826
SWIDTH 0 0
DWIDTH 0 0
BBX 6 3 -3 -4
BITMAP
84
84
FC
ENDCHAR
STARTCHAR 033B
ENCODING 827
SWIDTH 0 0
DWIDTH 0 0
BBX 6 3 -3 -4
BITMAP
FC
84
FC
ENDCHAR
STARTCHAR 033C
ENCODING 828
SWIDTH 0 0
DWIDTH 0 0
BBX 6 2 -3 -3
BITMAP
FC
B4
ENDCHAR
STARTCHAR 033D
ENCODING 829
SWIDTH 0 0
DWIDTH 0 0
BBX 4 3 -2 10
BITMAP
B0
60
F0
ENDCHAR
STARTCHAR 033E
ENCODING 830
SWIDTH 0 0
DWIDTH 0 0
BBX 2 5 -1 10
BITMAP
C0
80
80
40
C0
ENDCHAR
STARTCHAR 033F
ENCODING 831
SWIDTH 0 0
DWIDTH 0 0
BBX 10 3 -5 12
BITMAP
FFC0
0000
FFC0
ENDCHAR
STARTCHAR 0340
ENCODING 832
SWIDTH 0 0
DWIDTH 0 0
BBX 3 3 -2 10
BITMAP
C0
40
20
ENDCHAR
STARTCHAR 0341
ENCODING 833
SWIDTH 0 0
DWIDTH 0 0
BBX 4 3 -1 10
BITMAP
30
60
C0
ENDCHAR
STARTCHAR 0342
ENCODING 834
SWIDTH 0 0
DWIDTH 0 0
BBX 6 2 -3 10
BITMAP
64
9C
ENDCHAR
STARTCHAR 0343
ENCODING 835
SWIDTH 0 0
DWIDTH 0 0
BBX 2 3 -1 9
BITMAP
40
C0
80
ENDCHAR
STARTCHAR 0344
ENCODING 836
SWIDTH 0 0
DWIDTH 0 0
BBX 6 4 -3 10
BITMAP
18
10
58
EC
ENDCHAR
STARTCHAR 0345
ENCODING 837
SWIDTH 0 0
DWIDTH 0 0
BBX 3 2 -1 -4
BITMAP
C0
60
ENDCHAR
STARTCHAR 0346
ENCODING 838
SWIDTH 0 0
DWIDTH 0 0
BBX 8 3 -4 10
BITMAP
FF
81
81
ENDCHAR
STARTCHAR 0347
ENCODING 839
SWIDTH 0 0
DWIDTH 0 0
BBX 10 3 -5 -4
BITMAP
FFC0
0000
FFC0
ENDCHAR
STARTCHAR 0348
ENCODING 840
SWIDTH 0 0
DWIDTH 0 0
BBX 4 3 -2 -3
BITMAP
90
90
90
ENDCHAR
STARTCHAR 0349
ENCODING 841
SWIDTH 0 0
DWIDTH 0 0
BBX 4 3 -2 -4
BITMAP
F0
30
30
ENDCHAR
STARTCHAR 034A
ENCODING 842
SWIDTH 0 0
DWIDTH 0 0
BBX 6 4 -3 9
BITMAP
10
74
BC
20
ENDCHAR
STARTCHAR 034B
ENCODING 843
SWIDTH 0 0
DWIDTH 0 0
BBX 6 5 -3 10
BITMAP
30
64
9C
00
30
ENDCHAR
STARTCHAR 034C
ENCODING 844
SWIDTH 0 0
DWIDTH 0 0
BBX 6 4 -3 10
BITMAP
64
98
64
98
ENDCHAR
STARTCHAR 034D
ENCODING 845
SWIDTH 0 0
DWIDTH 0 0
BBX 6 3 -3 -3
BITMAP
48
FC
48
ENDCHAR
STARTCHAR 034E
ENCODING 846
SWIDTH 0 0
DWIDTH 0 0
BBX 4 4 -2 -4
BITMAP
40
F0
60
60
ENDCHAR
STARTCHAR 034F
ENCODING 847
SWIDTH 0 0
DWIDTH 0 0
BBX 12 12 -6 0
BITMAP
E670
8010
8D10
1080
2040
8010
A050
A050
1080
8D10
8010
E670
ENDCHAR
STARTCHAR 0350
ENCODING 848
SWIDTH 0 0
DWIDTH 0 0
BBX 2 3 -1 10
BITMAP
80
40
80
ENDCHAR
STARTCHAR 0351
ENCODING 849
SWIDTH 0 0
DWIDTH 0 0
BBX 2 3 -1 10
BITMAP
C0
80
C0
ENDCHAR
STARTCHAR 0352
ENCODING 850
SWIDTH 0 0
DWIDTH 0 0
BBX 6 4 -3 11
BITMAP
78
48
84
30
ENDCHAR
STARTCHAR 0353
ENCODING 851
SWIDTH 0 0
DWIDTH 0 0
BBX 4 3 -2 -4
BITMAP
F0
E0
70
ENDCHAR
STARTCHAR 0354
ENCODING 852
SWIDTH 0 0
DWIDTH 0 0
BBX 2 3 -1 -4
BITMAP
40
80
40
ENDCHAR
STARTCHAR 0355
ENCODING 853
SWIDTH 0 0
DWIDTH 0 0
BBX 2 3 -1 -4
BITMAP
80
40
80
ENDCHAR
STARTCHAR 0356
ENCODING 854
SWIDTH 0 0
DWIDTH 0 0
BBX 6 3 -3 -4
BITMAP
88
74
94
ENDCHAR
STARTCHAR 0357
ENCODING 855
SWIDTH 0 0
DWIDTH 0 0
BBX 2 3 -1 10
BITMAP
C0
40
C0
ENDCHAR
STARTCHAR 0358
ENCODING 856
SWIDTH 0 0
DWIDTH 0 0
BBX 2 2 -1 10
BITMAP
C0
C0
ENDCHAR
STARTCHAR 0359
ENCODING 857
SWIDTH 0 0
DWIDTH 0 0
BBX 4 3 -2 -4
BITMAP
60
F0
60
ENDCHAR
STARTCHAR 035A
ENCODING 858
SWIDTH 0 0
DWIDTH 0 0
BBX 6 3 -3 -4
BITMAP
FC
A4
FC
ENDCHAR
STARTCHAR 035B
ENCODING 859
SWIDTH 0 0
DWIDTH 0 0
BBX 4 3 -2 10
BITMAP
40
F0
20
ENDCHAR
STARTCHAR 035C
ENCODING 860
SWIDTH 0 0
DWIDTH 0 0
BBX 12 3 -6 -4
BITMAP
8010
6060
3FC0
ENDCHAR
STARTCHAR 035D
ENCODING 861
SWIDTH 0 0
DWIDTH 0 0
BBX 12 3 -6 10
BITMAP
8010
6060
3FC0
ENDCHAR
STARTCHAR 035E
ENCODING 862
SWIDTH 0 0
DWIDTH 0 0
BBX 10 1 -5 10
BITMAP
FFC0
ENDCHAR
STARTCHAR 035F
ENCODING 863
SWIDTH 0 0
DWIDTH 0 0
BBX 10 1 -5 -2
BITMAP
FFC0
ENDCHAR
STARTCHAR 0360
ENCODING 864
SWIDTH 0 0
DWIDTH 0 0
BBX 12 2 -6 10
BITMAP
7C10
87F0
ENDCHAR
STARTCHAR 0361
ENCODING 865
SWIDTH 0 0
DWIDTH 0 0
BBX 12 3 -6 11
BITMAP
1F80
6060
8010
ENDCHAR
STARTCHAR 0362
ENCODING 866
SWIDTH 0 0
DWIDTH 0 0
BBX 12 3 -6 -3
BITMAP
0020
FFF0
0020
ENDCHAR
STARTCHAR 0363
ENCODING 867
SWIDTH 0 0
DWIDTH 0 0
BBX 4 4 -2 10
BITMAP
60
70
90
70
ENDCHAR
STARTCHAR 0364
ENCODING 868
SWIDTH 0 0
DWIDTH 0 0
BBX 4 4 -2 10
BITMAP
60
F0
80
70
ENDCHAR
STARTCHAR 0365
ENCODING 869
SWIDTH 0 0
DWIDTH 0 0
BBX 3 5 -1 10
BITMAP
40
80
40
40
E0
ENDCHAR
STARTCHAR 0366
ENCODING 870
SWIDTH 0 0
DWIDTH 0 0
BBX 4 4 -2 10
BITMAP
60
90
90
60
ENDCHAR
STARTCHAR 0367
ENCODING 871
SWIDTH 0 0
DWIDTH 0 0
BBX 4 4 -2 10
BITMAP
90
90
90
70
ENDCHAR
STARTCHAR 0368
ENCODING 872
SWIDTH 0 0
DWIDTH 0 0
BBX 3 4 -1 10
BITMAP
E0
80
80
E0
ENDCHAR
STARTCHAR 0369
ENCODING 873
SWIDTH 0 0
DWIDTH 0 0
BBX 4 5 -2 10
BITMAP
10
70
90
90
70
ENDCHAR
STARTCHAR 036A
ENCODING 874
SWIDTH 0 0
DWIDTH 0 0
BBX 3 5 -1 10
BITMAP
80
C0
A0
A0
A0
ENDCHAR
STARTCHAR 036B
ENCODING 875
SWIDTH 0 0
DWIDTH 0 0
BBX 4 4 -2 10
BITMAP
D0
B0
B0
B0
ENDCHAR
STARTCHAR 036C
ENCODING 876
SWIDTH 0 0
DWIDTH 0 0
BBX 4 4 -2 10
BITMAP
F0
40
40
E0
ENDCHAR
STARTCHAR 036D
ENCODING 877
SWIDTH 0 0
DWIDTH 0 0
BBX 4 5 -2 10
BITMAP
40
F0
40
40
30
ENDCHAR
STARTCHAR 036E
ENCODING 878
SWIDTH 0 0
DWIDTH 0 0
BBX 4 4 -2 10
BITMAP
90
50
60
20
ENDCHAR
STARTCHAR 036F
ENCODING 879
SWIDTH 0 0
DWIDTH 0 0
BBX 4 4 -2 10
BITMAP
D0
60
60
D0
ENDCHAR
STARTCHAR 0370
ENCODING 880
SWIDTH 600 0
DWIDTH 10 0
BBX 6 12 2 0
BITMAP
C0
C0
C0
C0
C0
FC
C0
C0
C0
C0
C0
C0
ENDCHAR
STARTCHAR 0371
ENCODING 881
SWIDTH 600 0
DWIDTH 10 0
BBX 4 9 3 0
BITMAP
80
80
80
80
F0
80
80
80
80
ENDCHAR
STARTCHAR 0372
ENCODING 882
SWIDTH 600 0
DWIDTH 10 0
BBX 8 12 1 0
BITMAP
FF
99
99
99
99
18
18
18
18
18
18
18
ENDCHAR
STARTCHAR 0373
ENCODING 883
SWIDTH 600 0
DWIDTH 10 0
BBX 8 13 1 0
BITMAP
FF
99
99
99
99
18
18
18
18
18
18
18
18
ENDCHAR
STARTCHAR 0374
ENCODING 884
SWIDTH 600 0
DWIDTH 10 0
BBX 4 4 3 8
BITMAP
30
20
40
80
ENDCHAR
STARTCHAR 0375
ENCODING 885
SWIDTH 600 0
DWIDTH 10 0
BBX 4 3 3 -4
BITMAP
10
60
C0
ENDCHAR
STARTCHAR 0376
ENCODING 886
SWIDTH 600 0
DWIDTH 10 0
BBX 8 12 1 0
BITMAP
C3
C7
C5
CF
CB
CB
D3
D3
F3
A3
E3
C3
ENDCHAR
STARTCHAR 0377
ENCODING 887
SWIDTH 600 0
DWIDTH 10 0
BBX 8 9 1 0
BITMAP
C3
C7
CF
CB
DB
D3
F3
E3
C3
ENDCHAR
STARTCHAR 037A
ENCODING 890
SWIDTH 600 0
DWIDTH 10 0
BBX 2 2 4 -4
BITMAP
80
C0
ENDCHAR
STARTCHAR 037B
ENCODING 891
SWIDTH 600 0
DWIDTH 10 0
BBX 7 9 2 0
BITMAP
F8
8C
04
06
06
06
04
8C
F8
ENDCHAR
STARTCHAR 037C
ENCODING 892
SWIDTH 600 0
DWIDTH 10 0
BBX 7 9 1 0
BITMAP
3E
62
40
C0
CC
CC
40
62
3E
ENDCHAR
STARTCHAR 037D
ENCODING 893
SWIDTH 600 0
DWIDTH 10 0
BBX 7 9 2 0
BITMAP
F8
8C
04
66
66
06
04
8C
F8
ENDCHAR
STARTCHAR 037E
ENCODING 894
SWIDTH 600 0
DWIDTH 10 0
BBX 2 11 4 -2
BITMAP
C0
C0
00
00
00
00
00
C0
C0
80
80
ENDCHAR
STARTCHAR 037F
ENCODING 895
SWIDTH 600 0
DWIDTH 10 0
BBX 6 12 2 0
BITMAP
0C
0C
0C
0C
0C
0C
0C
0C
0C
0C
98
F0
ENDCHAR
STARTCHAR 0384
ENCODING 900
SWIDTH 600 0
DWIDTH 10 0
BBX 3 3 4 10
BITMAP
60
40
C0
ENDCHAR
STARTCHAR 0385
ENCODING 901
SWIDTH 600 0
DWIDTH 10 0
BBX 6 4 2 10
BITMAP
18
10
58
EC
ENDCHAR
STARTCHAR 0386
ENCODING 902
SWIDTH 600 0
DWIDTH 10 0
BBX 10 13 0 0
BITMAP
4000
4C00
8C00
1E00
1200
1200
3300
3300
3F00
6180
6180
4080
C0C0
ENDCHAR
STARTCHAR 0387
ENCODING 903
SWIDTH 600 0
DWIDTH 10 0
BBX 2 2 4 7
BITMAP
C0
C0
ENDCHAR
STARTCHAR 0388
ENCODING 904
SWIDTH 600 0
DWIDTH 10 0
BBX 10 13 -1 0
BITMAP
4000
5FC0
9800
1800
1800
1800
1F80
1800
1800
1800
1800
1800
1FC0
ENDCHAR
STARTCHAR 0389
ENCODING 905
SWIDTH 600 0
DWIDTH 10 0
BBX 9 13 0 0
BITMAP
C000
A180
A180
2180
2180
2180
3F80
2180
2180
2180
2180
2180
2180
ENDCHAR
STARTCHAR 038A
ENCODING 906
SWIDTH 600 0
DWIDTH 10 0
BBX 9 13 0 0
BITMAP
C000
BF80
8400
0400
0400
0400
0400
0400
0400
0400
0400
0400
3F80
ENDCHAR
STARTCHAR 038C
ENCODING 908
SWIDTH 600 0
DWIDTH 10 0
BBX 9 13 0 0
BITMAP
C000
DE00
B300
6180
6180
4080
4080
4080
4080
6180
6180
3300
1E00
ENDCHAR
STARTCHAR 038E
ENCODING 910
SWIDTH 600 0
DWIDTH 10 0
BBX 10 13 0 0
BITMAP
C000
F0C0
9080
1980
0900
0900
0600
0600
0600
0600
0600
0600
0600
ENDCHAR
STARTCHAR 038F
ENCODING 911
SWIDTH 600 0
DWIDTH 10 0
BBX 10 13 0 0
BITMAP
C000
DE00
B300
6180
6180
4080
4080
4080
4080
6180
2100
3300
F3C0
ENDCHAR
STARTCHAR 0390
ENCODING 912
SWIDTH 600 0
DWIDTH 10 0
BBX 5 14 3 0
BITMAP
30
30
A8
98
00
60
60
60
60
60
60
60
60
38
ENDCHAR
STARTCHAR 0391
ENCODING 913
SWIDTH 600 0
DWIDTH 10 0
BBX 10 12 0 0
BITMAP
0C00
0C00
1E00
1200
1200
3300
3300
3F00
6180
6180
4080
C0C0
ENDCHAR
STARTCHAR 0392
ENCODING 914
SWIDTH 600 0
DWIDTH 10 0
BBX 7 12 2 0
BITMAP
F8
8C
86
86
84
F8
84
86
82
86
86
F8
ENDCHAR
STARTCHAR 0393
ENCODING 915
SWIDTH 600 0
DWIDTH 10 0
BBX 7 12 2 0
BITMAP
FE
80
80
80
80
80
80
80
80
80
80
80
ENDCHAR
STARTCHAR 0394
ENCODING 916
SWIDTH 600 0
DWIDTH 10 0
BBX 10 12 0 0
BITMAP
0C00
0C00
1E00
1200
1200
3300
2100
2100
6180
4080
4080
FFC0
ENDCHAR
STARTCHAR 0395
ENCODING 917
SWIDTH 600 0
DWIDTH 10 0
BBX 7 12 2 0
BITMAP
FE
80
80
80
80
FC
80
80
80
80
80
FE
ENDCHAR
STARTCHAR 0396
ENCODING 918
SWIDTH 600 0
DWIDTH 10 0
BBX 6 12 2 0
BITMAP
FC
04
0C
08
18
10
30
60
40
C0
80
FC
ENDCHAR
STARTCHAR 0397
ENCODING 919
SWIDTH 600 0
DWIDTH 10 0
BBX 8 12 1 0
BITMAP
C3
C3
C3
C3
C3
FF
C3
C3
C3
C3
C3
C3
ENDCHAR
STARTCHAR 0398
ENCODING 920
SWIDTH 600 0
DWIDTH 10 0
BBX 8 12 1 0
BITMAP
3C
66
C3
C3
81
BD
81
81
C3
C3
66
3C
ENDCHAR
STARTCHAR 0399
ENCODING 921
SWIDTH 600 0
DWIDTH 10 0
BBX 6 12 2 0
BITMAP
FC
30
30
30
30
30
30
30
30
30
30
FC
ENDCHAR
STARTCHAR 039A
ENCODING 922
SWIDTH 600 0
DWIDTH 10 0
BBX 8 12 1 0
BITMAP
C3
C6
CC
C8
D8
F0
F8
C8
CC
C6
C2
C3
ENDCHAR
STARTCHAR 039B
ENCODING 923
SWIDTH 600 0
DWIDTH 10 0
BBX 10 12 0 0
BITMAP
0C00
0C00
1E00
1E00
1200
3300
3300
2100
6180
6180
4080
C0C0
ENDCHAR
STARTCHAR 039C
ENCODING 924
SWIDTH 600 0
DWIDTH 10 0
BBX 8 12 1 0
BITMAP
C3
C3
E7
A5
A5
BD
99
99
99
81
81
81
ENDCHAR
STARTCHAR 039D
ENCODING 925
SWIDTH 600 0
DWIDTH 10 0
BBX 8 12 1 0
BITMAP
C3
E3
A3
F3
D3
DB
CB
CB
CF
C7
C7
C3
ENDCHAR
STARTCHAR 039E
ENCODING 926
SWIDTH 600 0
DWIDTH 10 0
BBX 8 12 1 0
BITMAP
FF
00
00
00
00
7E
00
00
00
00
00
FF
ENDCHAR
STARTCHAR 039F
ENCODING 927
SWIDTH 600 0
DWIDTH 10 0
BBX 8 12 1 0
BITMAP
3C
66
C3
C3
81
81
81
81
C3
C3
66
3C
ENDCHAR
STARTCHAR 03A0
ENCODING 928
SWIDTH 600 0
DWIDTH 10 0
BBX 8 12 1 0
BITMAP
FF
C3
C3
C3
C3
C3
C3
C3
C3
C3
C3
C3
ENDCHAR
STARTCHAR 03A1
ENCODING 929
SWIDTH 600 0
DWIDTH 10 0
BBX 7 12 2 0
BITMAP
FC
8E
86
82
86
86
FC
80
80
80
80
80
ENDCHAR
STARTCHAR 03A3
ENCODING 931
SWIDTH 600 0
DWIDTH 10 0
BBX 6 12 2 0
BITMAP
FC
C0
40
60
30
18
30
20
60
C0
80
FC
ENDCHAR
STARTCHAR 03A4
ENCODING 932
SWIDTH 600 0
DWIDTH 10 0
BBX 8 12 1 0
BITMAP
FF
18
18
18
18
18
18
18
18
18
18
18
ENDCHAR
STARTCHAR 03A5
ENCODING 933
SWIDTH 600 0
DWIDTH 10 0
BBX 8 12 1 0
BITMAP
81
C3
42
66
24
3C
18
18
18
18
18
18
ENDCHAR
STARTCHAR 03A6
ENCODING 934
SWIDTH 600 0
DWIDTH 10 0
BBX 8 12 1 0
BITMAP
18
7E
DB
99
99
99
99
99
DB
7E
18
18
ENDCHAR
STARTCHAR 03A7
ENCODING 935
SWIDTH 600 0
DWIDTH 10 0
BBX 8 12 1 0
BITMAP
C3
42
66
24
1C
18
18
3C
24
66
C3
81
ENDCHAR
STARTCHAR 03A8
ENCODING 936
SWIDTH 600 0
DWIDTH 10 0
BBX 8 12 1 0
BITMAP
99
99
99
99
99
99
DB
7E
18
18
18
18
ENDCHAR
STARTCHAR 03A9
ENCODING 937
SWIDTH 600 0
DWIDTH 10 0
BBX 10 12 0 0
BITMAP
1E00
3300
6180
6180
4080
4080
4080
4080
6180
2100
3300
F3C0
ENDCHAR
STARTCHAR 03AA
ENCODING 938
SWIDTH 600 0
DWIDTH 10 0
BBX 6 15 2 0
BITMAP
CC
CC
00
FC
30
30
30
30
30
30
30
30
30
30
FC
ENDCHAR
STARTCHAR 03AB
ENCODING 939
SWIDTH 600 0
DWIDTH 10 0
BBX 8 15 1 0
BITMAP
66
66
00
81
C3
42
66
24
3C
18
18
18
18
18
18
ENDCHAR
STARTCHAR 03AC
ENCODING 940
SWIDTH 600 0
DWIDTH 10 0
BBX 9 13 1 0
BITMAP
0C00
0800
1800
0000
3B00
4600
C200
8200
8200
8200
C200
4600
3B80
ENDCHAR
STARTCHAR 03AD
ENCODING 941
SWIDTH 600 0
DWIDTH 10 0
BBX 6 13 2 0
BITMAP
18
10
30
00
7C
C4
80
C0
38
C0
80
C4
7C
ENDCHAR
STARTCHAR 03AE
ENCODING 942
SWIDTH 600 0
DWIDTH 10 0
BBX 8 17 1 -4
BITMAP
0C
08
18
00
DE
E2
C3
C3
C3
C3
C3
C3
C3
03
03
03
03
ENDCHAR
STARTCHAR 03AF
ENCODING 943
SWIDTH 600 0
DWIDTH 10 0
BBX 4 13 4 0
BITMAP
60
40
C0
00
C0
C0
C0
C0
C0
C0
C0
C0
70
ENDCHAR
STARTCHAR 03B0
ENCODING 944
SWIDTH 600 0
DWIDTH 10 0
BBX 8 14 1 0
BITMAP
0C
08
2C
76
00
C3
C3
C1
C1
C1
C1
43
66
3C
ENDCHAR
STARTCHAR 03B1
ENCODING 945
SWIDTH 600 0
DWIDTH 10 0
BBX 9 9 1 0
BITMAP
3B00
4600
C200
8200
8200
8200
C200
4600
3B80
ENDCHAR
STARTCHAR 03B2
ENCODING 946
SWIDTH 600 0
DWIDTH 10 0
BBX 8 17 1 -4
BITMAP
3C
66
C3
C3
C3
C6
D8
C7
C1
C1
C1
E3
FE
C0
C0
C0
C0
ENDCHAR
STARTCHAR 03B3
ENCODING 947
SWIDTH 600 0
DWIDTH 10 0
BBX 8 13 1 -4
BITMAP
81
C3
42
66
26
24
3C
18
18
18
10
10
10
ENDCHAR
STARTCHAR 03B4
ENCODING 948
SWIDTH 600 0
DWIDTH 10 0
BBX 8 13 1 0
BITMAP
3E
63
60
20
38
1C
66
C3
C1
81
C3
66
3C
ENDCHAR
STARTCHAR 03B5
ENCODING 949
SWIDTH 600 0
DWIDTH 10 0
BBX 6 9 2 0
BITMAP
7C
C4
80
C0
38
C0
80
C4
7C
ENDCHAR
STARTCHAR 03B6
ENCODING 950
SWIDTH 600 0
DWIDTH 10 0
BBX 7 16 2 -3
BITMAP
FE
04
08
30
20
40
C0
C0
C0
C0
C0
78
0E
06
04
0C
ENDCHAR
STARTCHAR 03B7
ENCODING 951
SWIDTH 600 0
DWIDTH 10 0
BBX 8 13 1 -4
BITMAP
DE
E2
C3
C3
C3
C3
C3
C3
C3
03
03
03
03
ENDCHAR
STARTCHAR 03B8
ENCODING 952
SWIDTH 600 0
DWIDTH 10 0
BBX 8 13 1 0
BITMAP
3C
66
42
C3
C3
81
FF
81
C3
C3
42
66
3C
ENDCHAR
STARTCHAR 03B9
ENCODING 953
SWIDTH 600 0
DWIDTH 10 0
BBX 4 9 4 0
BITMAP
C0
C0
C0
C0
C0
C0
C0
C0
70
ENDCHAR
STARTCHAR 03BA
ENCODING 954
SWIDTH 600 0
DWIDTH 10 0
BBX 8 9 2 0
BITMAP
86
8C
98
B0
B0
D8
8C
84
87
ENDCHAR
STARTCHAR 03BB
ENCODING 955
SWIDTH 600 0
DWIDTH 10 0
BBX 9 13 1 0
BITMAP
E000
3000
1000
1800
1800
1800
3C00
2400
6600
6600
4200
C300
8180
ENDCHAR
STARTCHAR 03BC
ENCODING 956
SWIDTH 600 0
DWIDTH 10 0
BBX 8 13 1 -4
BITMAP
C3
C3
C3
C3
C3
C3
C3
C7
FB
C0
C0
C0
C0
ENDCHAR
STARTCHAR 03BD
ENCODING 957
SWIDTH 600 0
DWIDTH 10 0
BBX 8 9 1 0
BITMAP
C3
43
43
63
22
22
34
1C
18
ENDCHAR
STARTCHAR 03BE
ENCODING 958
SWIDTH 600 0
DWIDTH 10 0
BBX 7 16 2 -3
BITMAP
FC
30
40
C0
40
3C
60
C0
80
C0
C0
78
0E
06
04
0C
ENDCHAR
STARTCHAR 03BF
ENCODING 959
SWIDTH 600 0
DWIDTH 10 0
BBX 8 9 1 0
BITMAP
3C
66
C3
83
81
83
C3
66
3C
ENDCHAR
STARTCHAR 03C0
ENCODING 960
SWIDTH 600 0
DWIDTH 10 0
BBX 8 9 1 0
BITMAP
FF
66
66
66
66
66
66
66
63
ENDCHAR
STARTCHAR 03C1
ENCODING 961
SWIDTH 600 0
DWIDTH 10 0
BBX 8 13 1 -4
BITMAP
3C
66
43
C1
C1
C1
C3
E6
FC
C0
C0
C0
C0
ENDCHAR
STARTCHAR 03C2
ENCODING 962
SWIDTH 600 0
DWIDTH 10 0
BBX 7 12 1 -3
BITMAP
1E
62
40
40
C0
C0
40
70
1E
02
02
06
ENDCHAR
STARTCHAR 03C3
ENCODING 963
SWIDTH 600 0
DWIDTH 10 0
BBX 9 9 1 0
BITMAP
3F80
6600
C300
C300
8100
C100
C300
6600
3C00
ENDCHAR
STARTCHAR 03C4
ENCODING 964
SWIDTH 600 0
DWIDTH 10 0
BBX 8 9 1 0
BITMAP
FF
10
10
10
10
10
10
18
0E
ENDCHAR
STARTCHAR 03C5
ENCODING 965
SWIDTH 600 0
DWIDTH 10 0
BBX 8 9 1 0
BITMAP
C3
C3
C1
C1
C1
C1
43
66
3C
ENDCHAR
STARTCHAR 03C6
ENCODING 966
SWIDTH 600 0
DWIDTH 10 0
BBX 8 13 1 -4
BITMAP
6E
5B
DB
99
99
99
DB
5A
7E
18
18
18
18
ENDCHAR
STARTCHAR 03C7
ENCODING 967
SWIDTH 600 0
DWIDTH 10 0
BBX 8 13 1 -4
BITMAP
E3
22
36
34
1C
18
18
38
28
6C
44
C6
C3
ENDCHAR
STARTCHAR 03C8
ENCODING 968
SWIDTH 600 0
DWIDTH 10 0
BBX 8 17 1 -4
BITMAP
18
18
18
18
DB
DB
D9
D9
D9
D9
5B
7A
3E
18
18
18
18
ENDCHAR
STARTCHAR 03C9
ENCODING 969
SWIDTH 600 0
DWIDTH 10 0
BBX 8 9 1 0
BITMAP
42
C3
81
99
99
99
99
DB
66
ENDCHAR
STARTCHAR 03CA
ENCODING 970
SWIDTH 600 0
DWIDTH 10 0
BBX 6 12 2 0
BITMAP
CC
CC
00
30
30
30
30
30
30
30
30
1C
ENDCHAR
STARTCHAR 03CB
ENCODING 971
SWIDTH 600 0
DWIDTH 10 0
BBX 8 12 1 0
BITMAP
66
66
00
C3
C3
C1
C1
C1
C1
43
66
3C
ENDCHAR
STARTCHAR 03CC
ENCODING 972
SWIDTH 600 0
DWIDTH 10 0
BBX 8 13 1 0
BITMAP
0C
08
18
00
3C
66
C3
83
81
83
C3
66
3C
ENDCHAR
STARTCHAR 03CD
ENCODING 973
SWIDTH 600 0
DWIDTH 10 0
BBX 8 13 1 0
BITMAP
0C
08
18
00
C3
C3
C1
C1
C1
C1
43
66
3C
ENDCHAR
STARTCHAR 03CE
ENCODING 974
SWIDTH 600 0
DWIDTH 10 0
BBX 8 13 1 0
BITMAP
0C
08
18
00
42
C3
81
99
99
99
99
DB
66
ENDCHAR
STARTCHAR 03CF
ENCODING 975
SWIDTH 600 0
DWIDTH 10 0
BBX 8 16 1 -4
BITMAP
C3
C6
CC
C8
D8
F0
F8
C8
CC
C6
C2
C3
01
03
86
7C
ENDCHAR
STARTCHAR 03D0
ENCODING 976
SWIDTH 600 0
DWIDTH 10 0
BBX 8 17 1 -4
BITMAP
3C
66
C3
C3
C3
C6
D8
C7
C1
C1
C1
E3
FE
C0
C0
C0
C0
ENDCHAR
STARTCHAR 03D1
ENCODING 977
SWIDTH 600 0
DWIDTH 10 0
BBX 8 13 1 0
BITMAP
3C
66
42
C3
C3
81
FF
81
C3
C3
42
66
3C
ENDCHAR
STARTCHAR 03D2
ENCODING 978
SWIDTH 600 0
DWIDTH 10 0
BBX 8 12 1 0
BITMAP
81
C3
42
66
24
3C
18
18
18
18
18
18
ENDCHAR
STARTCHAR 03D3
ENCODING 979
SWIDTH 600 0
DWIDTH 10 0
BBX 10 13 0 0
BITMAP
C000
F0C0
9080
1980
0900
0900
0600
0600
0600
0600
0600
0600
0600
ENDCHAR
STARTCHAR 03D4
ENCODING 980
SWIDTH 600 0
DWIDTH 10 0
BBX 8 15 1 0
BITMAP
66
66
00
81
C3
42
66
24
3C
18
18
18
18
18
18
ENDCHAR
STARTCHAR 03D5
ENCODING 981
SWIDTH 600 0
DWIDTH 10 0
BBX 8 13 1 -4
BITMAP
6E
5B
DB
99
99
99
DB
5A
7E
18
18
18
18
ENDCHAR
STARTCHAR 03D6
ENCODING 982
SWIDTH 600 0
DWIDTH 10 0
BBX 8 9 1 0
BITMAP
FF
66
66
66
66
66
66
66
63
ENDCHAR
STARTCHAR 03D7
ENCODING 983
SWIDTH 600 0
DWIDTH 10 0
BBX 10 13 0 -4
BITMAP
E180
6180
2300
3700
2D00
2B00
3300
6100
61C0
00C0
00C0
00C0
0180
ENDCHAR
STARTCHAR 03D8
ENCODING 984
SWIDTH 600 0
DWIDTH 10 0
BBX 8 12 1 0
BITMAP
3C
66
C3
81
81
81
C3
42
7E
18
18
18
ENDCHAR
STARTCHAR 03D9
ENCODING 985
SWIDTH 600 0
DWIDTH 10 0
BBX 8 13 1 -4
BITMAP
3C
66
C3
83
81
81
C3
42
3C
18
18
18
18
ENDCHAR
STARTCHAR 03DA
ENCODING 986
SWIDTH 600 0
DWIDTH 10 0
BBX 8 12 1 0
BITMAP
3F
61
C0
C0
80
80
C0
60
3C
0C
0C
0C
ENDCHAR
STARTCHAR 03DB
ENCODING 987
SWIDTH 600 0
DWIDTH 10 0
BBX 7 12 1 -3
BITMAP
1E
62
40
40
C0
C0
40
70
1E
02
02
1E
ENDCHAR
STARTCHAR 03DC
ENCODING 988
SWIDTH 600 0
DWIDTH 10 0
BBX 7 12 2 0
BITMAP
FE
80
80
80
80
80
FC
84
84
80
80
80
ENDCHAR
STARTCHAR 03DD
ENCODING 989
SWIDTH 600 0
DWIDTH 10 0
BBX 7 13 2 -4
BITMAP
FE
80
80
80
80
FC
84
84
84
80
80
80
80
ENDCHAR
STARTCHAR 03DE
ENCODING 990
SWIDTH 600 0
DWIDTH 10 0
BBX 8 12 1 0
BITMAP
E0
60
20
60
40
FF
02
02
06
04
06
03
ENDCHAR
STARTCHAR 03DF
ENCODING 991
SWIDTH 600 0
DWIDTH 10 0
BBX 8 17 1 -4
BITMAP
E0
B0
30
20
20
60
41
5F
F2
02
06
04
04
0C
08
0C
06
ENDCHAR
STARTCHAR 03E0
ENCODING 992
SWIDTH 600 0
DWIDTH 10 0
BBX 9 12 0 0
BITMAP
7C00
C700
0700
1D80
3180
0380
0E80
0880
0080
0180
0180
0100
ENDCHAR
STARTCHAR 03E1
ENCODING 993
SWIDTH 600 0
DWIDTH 10 0
BBX 8 17 1 -4
BITMAP
80
E0
30
1C
04
1E
73
03
03
1D
21
01
01
01
01
03
02
ENDCHAR
STARTCHAR 03F0
ENCODING 1008
SWIDTH 600 0
DWIDTH 10 0
BBX 10 9 0 0
BITMAP
E180
2180
2300
3700
2D00
3B00
3300
6100
61C0
ENDCHAR
STARTCHAR 03F1
ENCODING 1009
SWIDTH 600 0
DWIDTH 10 0
BBX 8 13 1 -4
BITMAP
3C
66
43
C1
C1
C1
C3
E6
FC
C0
C0
C0
C0
ENDCHAR
STARTCHAR 03F2
ENCODING 1010
SWIDTH 600 0
DWIDTH 10 0
BBX 7 9 1 0
BITMAP
3E
62
40
C0
C0
C0
40
62
3E
ENDCHAR
STARTCHAR 03F3
ENCODING 1011
SWIDTH 600 0
DWIDTH 10 0
BBX 6 17 1 -4
BITMAP
0C
0C
00
00
7C
0C
0C
0C
0C
0C
0C
0C
0C
0C
0C
98
F0
ENDCHAR
STARTCHAR 03F4
ENCODING 1012
SWIDTH 600 0
DWIDTH 10 0
BBX 8 12 1 0
BITMAP
3C
66
C3
C3
81
BD
81
81
C3
C3
66
3C
ENDCHAR
STARTCHAR 03F5
ENCODING 1013
SWIDTH 600 0
DWIDTH 10 0
BBX 6 9 2 0
BITMAP
7C
C4
80
C0
38
C0
80
C4
7C
ENDCHAR
STARTCHAR 03F6
ENCODING 1014
SWIDTH 600 0
DWIDTH 10 0
BBX 8 9 1 0
BITMAP
F8
8E
02
03
3F
03
02
8E
F8
ENDCHAR
STARTCHAR 03F7
ENCODING 1015
SWIDTH 600 0
DWIDTH 10 0
BBX 7 12 2 0
BITMAP
80
80
FC
8E
86
82
86
86
FC
80
80
80
ENDCHAR
STARTCHAR 03F8
ENCODING 1016
SWIDTH 600 0
DWIDTH 10 0
BBX 8 17 1 -4
BITMAP
C0
C0
C0
C0
DC
E6
C3
C3
C1
C3
C3
E6
DC
C0
C0
C0
C0
ENDCHAR
STARTCHAR 03F9
ENCODING 1017
SWIDTH 600 0
DWIDTH 10 0
BBX 6 12 2 0
BITMAP
FC
C0
40
60
30
18
30
20
60
C0
80
FC
ENDCHAR
STARTCHAR 03FA
ENCODING 1018
SWIDTH 600 0
DWIDTH 10 0
BBX 8 12 1 0
BITMAP
C3
C3
E7
A5
A5
BD
99
99
99
81
81
81
ENDCHAR
STARTCHAR 03FB
ENCODING 1019
SWIDTH 600 0
DWIDTH 10 0
BBX 8 13 1 -4
BITMAP
C3
E3
A5
A5
99
99
81
81
81
80
80
80
80
ENDCHAR
STARTCHAR 03FC
ENCODING 1020
SWIDTH 600 0
DWIDTH 10 0
BBX 9 13 0 -4
BITMAP
1E00
3300
2180
6080
6080
6080
6180
7300
7E00
6000
FC00
6000
6000
ENDCHAR
STARTCHAR 03FD
ENCODING 1021
SWIDTH 600 0
DWIDTH 10 0
BBX 8 12 1 0
BITMAP
F8
8C
06
03
03
03
03
03
03
02
8E
F8
ENDCHAR
STARTCHAR 03FE
ENCODING 1022
SWIDTH 600 0
DWIDTH 10 0
BBX 8 12 1 0
BITMAP
1F
31
60
C0
C0
C6
C6
C0
C0
40
71
1F
ENDCHAR
STARTCHAR 03FF
ENCODING 1023
SWIDTH 600 0
DWIDTH 10 0
BBX 8 12 1 0
BITMAP
F8
8C
06
03
03
63
63
03
03
02
8E
F8
ENDCHAR
STARTCHAR 0400
ENCODING 1024
SWIDTH 600 0
DWIDTH 10 0
BBX 7 16 2 0
BITMAP
C0
60
30
00
FE
80
80
80
80
FC
80
80
80
80
80
FE
ENDCHAR
STARTCHAR 0401
ENCODING 1025
SWIDTH 600 0
DWIDTH 10 0
BBX 7 15 2 0
BITMAP
CC
CC
00
FE
80
80
80
80
FC
80
80
80
80
80
FE
ENDCHAR
STARTCHAR 0402
ENCODING 1026
SWIDTH 600 0
DWIDTH 10 0
BBX 10 12 0 0
BITMAP
FF00
1000
1000
1000
1000
1F00
1180
1080
10C0
1080
1180
1700
ENDCHAR
STARTCHAR 0403
ENCODING 1027
SWIDTH 600 0
DWIDTH 10 0
BBX 7 15 2 0
BITMAP
1C
30
00
FE
80
80
80
80
80
80
80
80
80
80
80
ENDCHAR
STARTCHAR 0404
ENCODING 1028
SWIDTH 600 0
DWIDTH 10 0
BBX 8 12 1 0
BITMAP
1F
31
60
40
C0
FE
C0
C0
C0
60
31
1F
ENDCHAR
STARTCHAR 0405
ENCODING 1029
SWIDTH 600 0
DWIDTH 10 0
BBX 8 12 1 0
BITMAP
3F
62
40
40
60
38
0E
03
03
03
C6
FC
ENDCHAR
STARTCHAR 0406
ENCODING 1030
SWIDTH 600 0
DWIDTH 10 0
BBX 6 12 2 0
BITMAP
FC
30
30
30
30
30
30
30
30
30
30
FC
ENDCHAR
STARTCHAR 0407
ENCODING 1031
SWIDTH 600 0
DWIDTH 10 0
BBX 6 15 2 0
BITMAP
CC
CC
00
FC
30
30
30
30
30
30
30
30
30
30
FC
ENDCHAR
STARTCHAR 0408
ENCODING 1032
SWIDTH 600 0
DWIDTH 10 0
BBX 7 12 1 0
BITMAP
06
06
06
06
06
06
06
06
06
06
8C
F8
ENDCHAR
STARTCHAR 0409
ENCODING 1033
SWIDTH 600 0
DWIDTH 10 0
BBX 10 12 0 0
BITMAP
3C00
2400
2400
2400
2400
2780
2480
24C0
24C0
24C0
6480
C780
ENDCHAR
STARTCHAR 040A
ENCODING 1034
SWIDTH 600 0
DWIDTH 10 0
BBX 9 12 1 0
BITMAP
8800
8800
8800
8800
8800
FF00
8900
8980
8980
8980
8900
8F00
ENDCHAR
STARTCHAR 040B
ENCODING 1035
SWIDTH 600 0
DWIDTH 10 0
BBX 10 12 0 0
BITMAP
FF00
1000
1000
1000
1000
1F00
1180
1080
10C0
10C0
10C0
10C0
ENDCHAR
STARTCHAR 040C
ENCODING 1036
SWIDTH 600 0
DWIDTH 10 0
BBX 8 15 1 0
BITMAP
0C
18
00
C3
C2
C4
CC
C8
F0
D8
CC
C4
C6
C2
C3
ENDCHAR
STARTCHAR 040D
ENCODING 1037
SWIDTH 600 0
DWIDTH 10 0
BBX 8 16 1 0
BITMAP
60
30
18
00
C3
C7
C5
CF
CB
CB
D3
D3
F3
A3
E3
C3
ENDCHAR
STARTCHAR 040E
ENCODING 1038
SWIDTH 600 0
DWIDTH 10 0
BBX 10 15 0 0
BITMAP
3300
1E00
0000
C0C0
6080
6180
3100
3300
1200
1A00
0E00
0C00
0C00
1800
7000
ENDCHAR
STARTCHAR 040F
ENCODING 1039
SWIDTH 600 0
DWIDTH 10 0
BBX 8 14 1 -2
BITMAP
C3
C3
C3
C3
C3
C3
C3
C3
C3
C3
C3
FF
18
18
ENDCHAR
STARTCHAR 0410
ENCODING 1040
SWIDTH 600 0
DWIDTH 10 0
BBX 10 12 0 0
BITMAP
0C00
0C00
1E00
1200
1200
3300
2300
3F00
6180
6180
4080
C0C0
ENDCHAR
STARTCHAR 0411
ENCODING 1041
SWIDTH 600 0
DWIDTH 10 0
BBX 7 12 2 0
BITMAP
FC
80
80
80
80
F8
8E
86
82
86
8E
F8
ENDCHAR
STARTCHAR 0412
ENCODING 1042
SWIDTH 600 0
DWIDTH 10 0
BBX 7 12 2 0
BITMAP
F8
8C
86
86
84
F8
84
86
82
86
86
F8
ENDCHAR
STARTCHAR 0413
ENCODING 1043
SWIDTH 600 0
DWIDTH 10 0
BBX 7 12 2 0
BITMAP
FE
80
80
80
80
80
80
80
80
80
80
80
ENDCHAR
STARTCHAR 0414
ENCODING 1044
SWIDTH 600 0
DWIDTH 10 0
BBX 10 15 0 -3
BITMAP
1F00
1100
1100
1100
1100
1100
1100
3100
3100
2100
6100
FFC0
C0C0
C0C0
C0C0
ENDCHAR
STARTCHAR 0415
ENCODING 1045
SWIDTH 600 0
DWIDTH 10 0
BBX 7 12 2 0
BITMAP
FE
80
80
80
80
FC
80
80
80
80
80
FE
ENDCHAR
STARTCHAR 0416
ENCODING 1046
SWIDTH 600 0
DWIDTH 10 0
BBX 10 12 0 0
BITMAP
CCC0
4C80
4C80
6D80
2D00
3F00
2D00
2D00
6D80
4C80
4C80
CCC0
ENDCHAR
STARTCHAR 0417
ENCODING 1047
SWIDTH 600 0
DWIDTH 10 0
BBX 8 12 1 0
BITMAP
FC
86
03
02
06
78
06
03
03
03
86
FC
ENDCHAR
STARTCHAR 0418
ENCODING 1048
SWIDTH 600 0
DWIDTH 10 0
BBX 8 12 1 0
BITMAP
C3
C7
C5
CF
CB
CB
D3
D3
F3
A3
E3
C3
ENDCHAR
STARTCHAR 0419
ENCODING 1049
SWIDTH 600 0
DWIDTH 10 0
BBX 8 15 1 0
BITMAP
66
3C
00
C3
C7
C5
CF
CB
CB
D3
D3
F3
A3
E3
C3
ENDCHAR
STARTCHAR 041A
ENCODING 1050
SWIDTH 600 0
DWIDTH 10 0
BBX 8 12 1 0
BITMAP
C3
C2
C4
CC
C8
F0
D8
CC
C4
C6
C2
C3
ENDCHAR
STARTCHAR 041B
ENCODING 1051
SWIDTH 600 0
DWIDTH 10 0
BBX 9 12 0 0
BITMAP
1F80
1180
1180
1180
1180
3180
3180
3180
3180
3180
2180
E180
ENDCHAR
STARTCHAR 041C
ENCODING 1052
SWIDTH 600 0
DWIDTH 10 0
BBX 8 12 1 0
BITMAP
C3
C3
E7
A5
A5
A5
99
99
99
81
81
81
ENDCHAR
STARTCHAR 041D
ENCODING 1053
SWIDTH 600 0
DWIDTH 10 0
BBX 8 12 1 0
BITMAP
C3
C3
C3
C3
C3
FF
C3
C3
C3
C3
C3
C3
ENDCHAR
STARTCHAR 041E
ENCODING 1054
SWIDTH 600 0
DWIDTH 10 0
BBX 8 12 1 0
BITMAP
3C
66
C3
C3
81
81
81
81
C3
C3
66
3C
ENDCHAR
STARTCHAR 041F
ENCODING 1055
SWIDTH 600 0
DWIDTH 10 0
BBX 8 12 1 0
BITMAP
FF
C3
C3
C3
C3
C3
C3
C3
C3
C3
C3
C3
ENDCHAR
STARTCHAR 0420
ENCODING 1056
SWIDTH 600 0
DWIDTH 10 0
BBX 8 12 1 0
BITMAP
FE
C3
C3
C1
C3
C3
FE
C0
C0
C0
C0
C0
ENDCHAR
STARTCHAR 0421
ENCODING 1057
SWIDTH 600 0
DWIDTH 10 0
BBX 8 12 1 0
BITMAP
1F
31
60
40
C0
C0
C0
C0
C0
60
31
1F
ENDCHAR
STARTCHAR 0422
ENCODING 1058
SWIDTH 600 0
DWIDTH 10 0
BBX 8 12 1 0
BITMAP
FF
18
18
18
18
18
18
18
18
18
18
18
ENDCHAR
STARTCHAR 0423
ENCODING 1059
SWIDTH 600 0
DWIDTH 10 0
BBX 10 12 0 0
BITMAP
C0C0
6080
6180
3100
3300
1200
1A00
0E00
0C00
0C00
1800
7000
ENDCHAR
STARTCHAR 0424
ENCODING 1060
SWIDTH 600 0
DWIDTH 10 0
BBX 10 12 0 0
BITMAP
0C00
3F00
6D80
4C80
CCC0
CCC0
CCC0
4C80
6D80
3F00
0C00
0C00
ENDCHAR
STARTCHAR 0425
ENCODING 1061
SWIDTH 600 0
DWIDTH 10 0
BBX 8 12 1 0
BITMAP
C3
42
66
24
1C
18
18
3C
24
66
43
81
ENDCHAR
STARTCHAR 0426
ENCODING 1062
SWIDTH 600 0
DWIDTH 10 0
BBX 9 15 1 -3
BITMAP
C200
C200
C200
C200
C200
C200
C200
C200
C200
C200
C200
FF80
0180
0180
0180
ENDCHAR
STARTCHAR 0427
ENCODING 1063
SWIDTH 600 0
DWIDTH 10 0
BBX 8 12 1 0
BITMAP
83
83
83
83
83
C3
7F
03
03
03
03
03
ENDCHAR
STARTCHAR 0428
ENCODING 1064
SWIDTH 600 0
DWIDTH 10 0
BBX 8 12 1 0
BITMAP
99
99
99
99
99
99
99
99
99
99
99
FF
ENDCHAR
STARTCHAR 0429
ENCODING 1065
SWIDTH 600 0
DWIDTH 10 0
BBX 9 15 1 -3
BITMAP
9300
9300
9300
9300
9300
9300
9300
9300
9300
9300
9300
FF80
0080
0080
0080
ENDCHAR
STARTCHAR 042A
ENCODING 1066
SWIDTH 600 0
DWIDTH 10 0
BBX 9 12 0 0
BITMAP
F000
3000
3000
3000
3000
3E00
3180
3180
3080
3180
3380
3E00
ENDCHAR
STARTCHAR 042B
ENCODING 1067
SWIDTH 600 0
DWIDTH 10 0
BBX 8 12 1 0
BITMAP
81
81
81
81
81
F1
99
8D
8D
8D
99
F1
ENDCHAR
STARTCHAR 042C
ENCODING 1068
SWIDTH 600 0
DWIDTH 10 0
BBX 7 12 2 0
BITMAP
80
80
80
80
80
F8
8C
86
86
86
8C
F8
ENDCHAR
STARTCHAR 042D
ENCODING 1069
SWIDTH 600 0
DWIDTH 10 0
BBX 8 12 1 0
BITMAP
F8
8E
02
03
03
7F
01
03
03
06
8E
F8
ENDCHAR
STARTCHAR 042E
ENCODING 1070
SWIDTH 600 0
DWIDTH 10 0
BBX 9 12 1 0
BITMAP
8E00
9B00
9100
9100
9100
F180
9100
9100
9100
9100
9B00
8E00
ENDCHAR
STARTCHAR 042F
ENCODING 1071
SWIDTH 600 0
DWIDTH 10 0
BBX 9 12 0 0
BITMAP
1F80
3180
6180
6180
6180
3180
1F80
1980
1180
3180
6180
E180
ENDCHAR
STARTCHAR 0430
ENCODING 1072
SWIDTH 600 0
DWIDTH 10 0
BBX 8 9 1 0
BITMAP
7C
46
02
3F
E3
C3
C3
C7
7B
ENDCHAR
STARTCHAR 0431
ENCODING 1073
SWIDTH 600 0
DWIDTH 10 0
BBX 8 13 1 0
BITMAP
0E
3D
60
C0
BC
E6
C3
C1
81
C3
C3
66
3C
ENDCHAR
STARTCHAR 0432
ENCODING 1074
SWIDTH 600 0
DWIDTH 10 0
BBX 8 9 1 0
BITMAP
FE
C2
C3
C2
FC
C3
C3
C3
FE
ENDCHAR
STARTCHAR 0433
ENCODING 1075
SWIDTH 600 0
DWIDTH 10 0
BBX 7 9 2 0
BITMAP
FE
C0
C0
C0
C0
C0
C0
C0
C0
ENDCHAR
STARTCHAR 0434
ENCODING 1076
SWIDTH 600 0
DWIDTH 10 0
BBX 9 11 0 -2
BITMAP
1F00
1100
1100
1100
3100
3100
2100
6100
FF80
C080
C080
ENDCHAR
STARTCHAR 0435
ENCODING 1077
SWIDTH 600 0
DWIDTH 10 0
BBX 8 9 1 0
BITMAP
3C
63
C3
FF
80
C0
C0
63
3E
ENDCHAR
STARTCHAR 0436
ENCODING 1078
SWIDTH 600 0
DWIDTH 10 0
BBX 10 9 0 0
BITMAP
CCC0
4C80
2D80
2D00
3F00
2D00
2D00
4C80
CCC0
ENDCHAR
STARTCHAR 0437
ENCODING 1079
SWIDTH 600 0
DWIDTH 10 0
BBX 7 9 1 0
BITMAP
7C
46
02
06
3C
02
02
86
FC
ENDCHAR
STARTCHAR 0438
ENCODING 1080
SWIDTH 600 0
DWIDTH 10 0
BBX 8 9 1 0
BITMAP
C3
C7
CF
CB
DB
D3
F3
E3
C3
ENDCHAR
STARTCHAR 0439
ENCODING 1081
SWIDTH 600 0
DWIDTH 10 0
BBX 8 12 1 0
BITMAP
66
3C
00
C3
C7
CF
CB
DB
D3
F3
E3
C3
ENDCHAR
STARTCHAR 043A
ENCODING 1082
SWIDTH 600 0
DWIDTH 10 0
BBX 8 9 1 0
BITMAP
C3
C6
C4
CC
F8
CC
C4
C6
C3
ENDCHAR
STARTCHAR 043B
ENCODING 1083
SWIDTH 600 0
DWIDTH 10 0
BBX 8 9 1 0
BITMAP
3F
23
23
23
23
23
63
63
C3
ENDCHAR
STARTCHAR 043C
ENCODING 1084
SWIDTH 600 0
DWIDTH 10 0
BBX 8 9 1 0
BITMAP
C3
C3
E7
A5
A5
BD
99
99
99
ENDCHAR
STARTCHAR 043D
ENCODING 1085
SWIDTH 600 0
DWIDTH 10 0
BBX 8 9 1 0
BITMAP
C3
C3
C3
C3
FF
C3
C3
C3
C3
ENDCHAR
STARTCHAR 043E
ENCODING 1086
SWIDTH 600 0
DWIDTH 10 0
BBX 8 9 1 0
BITMAP
3C
66
C3
83
81
83
C3
66
3C
ENDCHAR
STARTCHAR 043F
ENCODING 1087
SWIDTH 600 0
DWIDTH 10 0
BBX 8 9 1 0
BITMAP
FF
C3
C3
C3
C3
C3
C3
C3
C3
ENDCHAR
STARTCHAR 0440
ENCODING 1088
SWIDTH 600 0
DWIDTH 10 0
BBX 8 13 1 -4
BITMAP
DC
E6
C3
C3
C1
C3
C3
E6
DC
C0
C0
C0
C0
ENDCHAR
STARTCHAR 0441
ENCODING 1089
SWIDTH 600 0
DWIDTH 10 0
BBX 8 9 1 0
BITMAP
1F
71
40
40
C0
C0
40
71
1F
ENDCHAR
STARTCHAR 0442
ENCODING 1090
SWIDTH 600 0
DWIDTH 10 0
BBX 8 9 1 0
BITMAP
FF
18
18
18
18
18
18
18
18
ENDCHAR
STARTCHAR 0443
ENCODING 1091
SWIDTH 600 0
DWIDTH 10 0
BBX 8 13 1 -4
BITMAP
C1
C3
42
62
26
24
34
18
18
18
10
30
E0
ENDCHAR
STARTCHAR 0444
ENCODING 1092
SWIDTH 600 0
DWIDTH 10 0
BBX 8 17 1 -4
BITMAP
18
18
18
18
3C
7E
DB
99
99
99
DB
DB
7E
18
18
18
18
ENDCHAR
STARTCHAR 0445
ENCODING 1093
SWIDTH 600 0
DWIDTH 10 0
BBX 8 9 1 0
BITMAP
C3
66
24
3C
18
3C
24
46
C3
ENDCHAR
STARTCHAR 0446
ENCODING 1094
SWIDTH 600 0
DWIDTH 10 0
BBX 9 11 1 -2
BITMAP
C300
C300
C300
C300
C300
C300
C300
C300
FF80
0180
0180
ENDCHAR
STARTCHAR 0447
ENCODING 1095
SWIDTH 600 0
DWIDTH 10 0
BBX 8 9 1 0
BITMAP
C3
C3
C3
C3
43
7F
03
03
03
ENDCHAR
STARTCHAR 0448
ENCODING 1096
SWIDTH 600 0
DWIDTH 10 0
BBX 8 9 1 0
BITMAP
99
99
99
99
99
99
99
99
FF
ENDCHAR
STARTCHAR 0449
ENCODING 1097
SWIDTH 600 0
DWIDTH 10 0
BBX 9 12 1 -3
BITMAP
9900
9900
9900
9900
9900
9900
9900
9900
FF80
0080
0080
0080
ENDCHAR
STARTCHAR 044A
ENCODING 1098
SWIDTH 600 0
DWIDTH 10 0
BBX 9 9 0 0
BITMAP
F000
3000
3000
3F00
3180
3180
3180
3100
3E00
ENDCHAR
STARTCHAR 044B
ENCODING 1099
SWIDTH 600 0
DWIDTH 10 0
BBX 8 9 1 0
BITMAP
81
81
81
F9
89
8D
8D
89
F1
ENDCHAR
STARTCHAR 044C
ENCODING 1100
SWIDTH 600 0
DWIDTH 10 0
BBX 7 9 2 0
BITMAP
80
80
80
FC
86
86
86
84
F8
ENDCHAR
STARTCHAR 044D
ENCODING 1101
SWIDTH 600 0
DWIDTH 10 0
BBX 8 9 1 0
BITMAP
F8
8E
02
03
3F
03
02
8E
F8
ENDCHAR
STARTCHAR 044E
ENCODING 1102
SWIDTH 600 0
DWIDTH 10 0
BBX 8 9 1 0
BITMAP
8E
9B
91
91
F1
91
91
9B
8E
ENDCHAR
STARTCHAR 044F
ENCODING 1103
SWIDTH 600 0
DWIDTH 10 0
BBX 8 9 1 0
BITMAP
3F
43
C3
43
7F
33
23
63
C3
ENDCHAR
STARTCHAR 0450
ENCODING 1104
SWIDTH 600 0
DWIDTH 10 0
BBX 8 13 1 0
BITMAP
20
10
08
00
3C
66
C3
C3
FF
C0
C0
61
3E
ENDCHAR
STARTCHAR 0451
ENCODING 1105
SWIDTH 600 0
DWIDTH 10 0
BBX 8 12 1 0
BITMAP
66
66
00
3C
63
C3
FF
80
C0
C0
63
3E
ENDCHAR
STARTCHAR 0452
ENCODING 1106
SWIDTH 600 0
DWIDTH 10 0
BBX 9 17 0 -4
BITMAP
6000
6000
FC00
6000
6F00
7300
6180
6180
6180
6180
6180
6180
6180
0180
0180
0180
0700
ENDCHAR
STARTCHAR 0453
ENCODING 1107
SWIDTH 600 0
DWIDTH 10 0
BBX 7 13 2 0
BITMAP
0C
08
10
00
FE
C0
C0
C0
C0
C0
C0
C0
C0
ENDCHAR
STARTCHAR 0454
ENCODING 1108
SWIDTH 600 0
DWIDTH 10 0
BBX 8 9 1 0
BITMAP
1F
71
40
40
FC
C0
40
71
1F
ENDCHAR
STARTCHAR 0455
ENCODING 1109
SWIDTH 600 0
DWIDTH 10 0
BBX 6 9 2 0
BITMAP
7C
C4
80
E0
38
0C
04
8C
F8
ENDCHAR
STARTCHAR 0456
ENCODING 1110
SWIDTH 600 0
DWIDTH 10 0
BBX 8 13 1 0
BITMAP
18
18
00
00
78
08
08
08
08
08
08
08
FF
ENDCHAR
STARTCHAR 0457
ENCODING 1111
SWIDTH 600 0
DWIDTH 10 0
BBX 8 12 1 0
BITMAP
66
66
00
78
08
08
08
08
08
08
08
FF
ENDCHAR
STARTCHAR 0458
ENCODING 1112
SWIDTH 600 0
DWIDTH 10 0
BBX 6 17 1 -4
BITMAP
0C
0C
00
00
7C
0C
0C
0C
0C
0C
0C
0C
0C
0C
0C
98
F0
ENDCHAR
STARTCHAR 0459
ENCODING 1113
SWIDTH 600 0
DWIDTH 10 0
BBX 10 9 0 0
BITMAP
3C00
2400
2400
2780
24C0
24C0
24C0
64C0
C780
ENDCHAR
STARTCHAR 045A
ENCODING 1114
SWIDTH 600 0
DWIDTH 10 0
BBX 9 9 1 0
BITMAP
9800
9800
9800
9800
FF00
9980
9980
9900
9F00
ENDCHAR
STARTCHAR 045B
ENCODING 1115
SWIDTH 600 0
DWIDTH 10 0
BBX 9 13 0 0
BITMAP
6000
6000
FC00
6000
6F00
7300
6180
6180
6180
6180
6180
6180
6180
ENDCHAR
STARTCHAR 045C
ENCODING 1116
SWIDTH 600 0
DWIDTH 10 0
BBX 8 13 1 0
BITMAP
06
0C
18
00
C3
C6
C4
CC
F8
CC
C4
C6
C3
ENDCHAR
STARTCHAR 045D
ENCODING 1117
SWIDTH 600 0
DWIDTH 10 0
BBX 8 13 1 0
BITMAP
60
30
18
00
C3
C7
CF
CB
DB
D3
F3
E3
C3
ENDCHAR
STARTCHAR 045E
ENCODING 1118
SWIDTH 600 0
DWIDTH 10 0
BBX 8 16 1 -4
BITMAP
66
3C
00
C1
C3
42
62
26
24
34
18
18
18
10
30
E0
ENDCHAR
STARTCHAR 045F
ENCODING 1119
SWIDTH 600 0
DWIDTH 10 0
BBX 8 11 1 -2
BITMAP
C3
C3
C3
C3
C3
C3
C3
C3
FF
18
18
ENDCHAR
STARTCHAR 0460
ENCODING 1120
SWIDTH 600 0
DWIDTH 10 0
BBX 9 12 0 0
BITMAP
CC80
CC80
CC80
CC80
CC80
4C80
4C80
5480
5780
7300
3300
3300
ENDCHAR
STARTCHAR 0461
ENCODING 1121
SWIDTH 600 0
DWIDTH 10 0
BBX 9 9 0 0
BITMAP
8C80
CC80
CC80
CC80
4C80
5480
5780
7300
3300
ENDCHAR
STARTCHAR 0462
ENCODING 1122
SWIDTH 600 0
DWIDTH 10 0
BBX 9 12 0 0
BITMAP
3000
3000
FE00
3000
3000
3F00
3180
3080
3080
3080
3180
3F00
ENDCHAR
STARTCHAR 0463
ENCODING 1123
SWIDTH 600 0
DWIDTH 10 0
BBX 10 11 0 0
BITMAP
3000
3000
FC00
3000
3000
3000
3F80
30C0
30C0
30C0
3F80
ENDCHAR
STARTCHAR 0464
ENCODING 1124
SWIDTH 600 0
DWIDTH 10 0
BBX 9 12 1 0
BITMAP
C780
CC80
C800
D800
D800
FF00
D800
D800
D800
C800
CC80
C780
ENDCHAR
STARTCHAR 0465
ENCODING 1125
SWIDTH 600 0
DWIDTH 10 0
BBX 9 9 1 0
BITMAP
8780
8C80
9800
9800
FF00
9800
9800
8C00
8700
ENDCHAR
STARTCHAR 0466
ENCODING 1126
SWIDTH 600 0
DWIDTH 10 0
BBX 10 12 0 0
BITMAP
0C00
0C00
1E00
1200
1200
3F00
2D00
2D00
6D80
4C80
4C80
CCC0
ENDCHAR
STARTCHAR 0467
ENCODING 1127
SWIDTH 600 0
DWIDTH 10 0
BBX 10 9 0 0
BITMAP
0C00
1E00
1200
1200
3F00
2D00
6D80
4C80
CCC0
ENDCHAR
STARTCHAR 0468
ENCODING 1128
SWIDTH 1200 0
DWIDTH 20 0
BBX 16 12 3 0
BITMAP
8060
80E0
80B0
8190
8118
FFF8
8348
824C
8644
8446
8C42
8843
ENDCHAR
STARTCHAR 0469
ENCODING 1129
SWIDTH 600 0
DWIDTH 10 0
BBX 9 9 1 0
BITMAP
8400
8A00
8A00
8A00
FF00
9500
9500
9500
B580
ENDCHAR
STARTCHAR 046A
ENCODING 1130
SWIDTH 600 0
DWIDTH 10 0
BBX 10 12 0 0
BITMAP
7F80
6180
3300
1200
1E00
3E00
2D00
6D80
4C80
4C80
CCC0
CCC0
ENDCHAR
STARTCHAR 046B
ENCODING 1131
SWIDTH 600 0
DWIDTH 10 0
BBX 10 9 0 0
BITMAP
7F80
2100
3300
1E00
3F00
6D80
4C80
4C80
CCC0
ENDCHAR
STARTCHAR 046C
ENCODING 1132
SWIDTH 1200 0
DWIDTH 20 0
BBX 17 12 2 0
BITMAP
C7FF00
C30200
C10400
C08800
C05000
FFFC00
C32600
C22200
C62300
C62100
C42100
CC2180
ENDCHAR
STARTCHAR 046D
ENCODING 1133
SWIDTH 1200 0
DWIDTH 20 0
BBX 16 9 2 0
BITMAP
C3FE
C306
C18C
C0D8
FFFC
C326
C222
C623
C421
ENDCHAR
STARTCHAR 046E
ENCODING 1134
SWIDTH 600 0
DWIDTH 10 0
BBX 8 18 1 -4
BITMAP
66
3C
3C
C6
03
03
06
78
06
03
03
03
06
FC
80
80
FF
01
ENDCHAR
STARTCHAR 046F
ENCODING 1135
SWIDTH 600 0
DWIDTH 10 0
BBX 7 14 1 -3
BITMAP
66
3C
7C
46
02
06
38
06
02
06
FC
80
80
FE
ENDCHAR
STARTCHAR 0470
ENCODING 1136
SWIDTH 600 0
DWIDTH 10 0
BBX 8 12 1 0
BITMAP
99
99
99
99
99
99
DB
7E
18
18
18
18
ENDCHAR
STARTCHAR 0471
ENCODING 1137
SWIDTH 600 0
DWIDTH 10 0
BBX 8 17 1 -4
BITMAP
18
18
18
18
DB
DB
D9
D9
D9
D9
5B
7A
3E
18
18
18
18
ENDCHAR
STARTCHAR 0472
ENCODING 1138
SWIDTH 600 0
DWIDTH 10 0
BBX 8 12 1 0
BITMAP
3C
66
C3
81
81
FF
81
81
C3
C3
66
3C
ENDCHAR
STARTCHAR 0473
ENCODING 1139
SWIDTH 600 0
DWIDTH 10 0
BBX 8 9 1 0
BITMAP
3C
66
C3
C3
FF
81
C3
66
3C
ENDCHAR
STARTCHAR 0474
ENCODING 1140
SWIDTH 600 0
DWIDTH 10 0
BBX 10 12 0 0
BITMAP
C0C0
C180
4100
6300
6300
2200
3200
3600
1400
1400
1C00
0C00
ENDCHAR
STARTCHAR 0475
ENCODING 1141
SWIDTH 600 0
DWIDTH 10 0
BBX 10 9 0 0
BITMAP
C0C0
4180
6100
2300
2200
3200
1600
1C00
0C00
ENDCHAR
STARTCHAR 0476
ENCODING 1142
SWIDTH 600 0
DWIDTH 10 0
BBX 10 16 0 0
BITMAP
6C00
2400
1200
0000
C0C0
C180
4100
6300
6300
2200
3200
3600
1400
1400
1C00
0C00
ENDCHAR
STARTCHAR 0477
ENCODING 1143
SWIDTH 600 0
DWIDTH 10 0
BBX 10 13 0 0
BITMAP
6C00
2400
1200
0000
C0C0
4180
6100
2300
2200
3200
1600
1C00
0C00
ENDCHAR
STARTCHAR 0478
ENCODING 1144
SWIDTH 1200 0
DWIDTH 20 0
BBX 18 16 1 -4
BITMAP
3C0000
660000
C30000
C32040
8130C0
811080
811880
810980
C30900
C30D00
660600
3C0600
000600
000400
000C00
003800
ENDCHAR
STARTCHAR 0479
ENCODING 1145
SWIDTH 1200 0
DWIDTH 20 0
BBX 18 13 1 -4
BITMAP
3C2040
6630C0
C31080
831880
810980
830900
C30D00
660600
3C0600
000600
000400
000C00
003800
ENDCHAR
STARTCHAR 047A
ENCODING 1146
SWIDTH 600 0
DWIDTH 10 0
BBX 8 14 1 -1
BITMAP
18
3C
7E
C3
81
81
81
81
81
81
C3
5A
7E
18
ENDCHAR
STARTCHAR 047B
ENCODING 1147
SWIDTH 600 0
DWIDTH 10 0
BBX 8 11 1 -1
BITMAP
18
3C
7E
C3
81
81
81
C3
5A
7E
18
ENDCHAR
STARTCHAR 047C
ENCODING 1148
SWIDTH 600 0
DWIDTH 10 0
BBX 10 17 0 0
BITMAP
1C00
2700
0C00
0400
0800
3F00
6D80
4080
4080
4080
C0C0
40C0
4C80
4C80
4C80
6D80
3F00
ENDCHAR
STARTCHAR 047D
ENCODING 1149
SWIDTH 600 0
DWIDTH 10 0
BBX 8 15 1 0
BITMAP
38
4E
18
08
10
00
7E
C3
81
81
99
99
99
DB
7E
ENDCHAR
STARTCHAR 047E
ENCODING 1150
SWIDTH 600 0
DWIDTH 10 0
BBX 9 15 0 0
BITMAP
3F00
2900
0000
CC80
CC80
CC80
CC80
CC80
4C80
4C80
5480
5780
7300
3300
3300
ENDCHAR
STARTCHAR 047F
ENCODING 1151
SWIDTH 600 0
DWIDTH 10 0
BBX 9 12 0 0
BITMAP
3F00
2900
0000
8C80
CC80
CC80
CC80
4C80
5480
5780
7300
3300
ENDCHAR
STARTCHAR 0480
ENCODING 1152
SWIDTH 600 0
DWIDTH 10 0
BBX 8 16 1 -4
BITMAP
1F
31
60
C0
C0
C0
C0
C0
C0
60
30
1E
02
02
02
02
ENDCHAR
STARTCHAR 0481
ENCODING 1153
SWIDTH 600 0
DWIDTH 10 0
BBX 7 13 1 -4
BITMAP
3E
62
40
C0
C0
C0
40
62
3C
04
04
04
04
ENDCHAR
STARTCHAR 0482
ENCODING 1154
SWIDTH 600 0
DWIDTH 10 0
BBX 8 10 1 0
BITMAP
02
36
1C
0E
09
D0
30
38
64
40
ENDCHAR
STARTCHAR 0483
ENCODING 1155
SWIDTH 0 0
DWIDTH 0 0
BBX 6 3 -3 9
BITMAP
04
FC
80
ENDCHAR
STARTCHAR 0484
ENCODING 1156
SWIDTH 0 0
DWIDTH 0 0
BBX 6 2 -3 10
BITMAP
3C
E4
ENDCHAR
STARTCHAR 0485
ENCODING 1157
SWIDTH 0 0
DWIDTH 0 0
BBX 2 3 -1 10
BITMAP
C0
80
40
ENDCHAR
STARTCHAR 0486
ENCODING 1158
SWIDTH 0 0
DWIDTH 0 0
BBX 2 3 -1 10
BITMAP
C0
40
80
ENDCHAR
STARTCHAR 0487
ENCODING 1159
SWIDTH 0 0
DWIDTH 0 0
BBX 6 2 -3 13
BITMAP
F0
9C
ENDCHAR
STARTCHAR 0488
ENCODING 1160
SWIDTH 0 0
DWIDTH 0 0
BBX 18 17 -9 -4
BITMAP
01C000
012000
000000
380700
480480
000000
000000
000000
E001C0
900240
000000
000000
380700
480480
000000
01C000
012000
ENDCHAR
STARTCHAR 0489
ENCODING 1161
SWIDTH 0 0
DWIDTH 0 0
BBX 18 18 -9 -5
BITMAP
004000
00C000
108000
100300
180E00
080000
000000
000000
C00100
6001C0
000000
000000
000000
080400
1C0600
204200
00C200
008000
ENDCHAR
STARTCHAR 048A
ENCODING 1162
SWIDTH 600 0
DWIDTH 10 0
BBX 9 18 1 -3
BITMAP
6600
3C00
0000
C300
C700
C500
CF00
CB00
CB00
D300
D300
F300
A300
E300
C380
0180
0100
0300
ENDCHAR
STARTCHAR 048B
ENCODING 1163
SWIDTH 600 0
DWIDTH 10 0
BBX 9 15 1 -3
BITMAP
6600
3C00
0000
C300
C700
C700
CB00
DB00
D300
F300
E300
C380
0180
0100
0300
ENDCHAR
STARTCHAR 048C
ENCODING 1164
SWIDTH 600 0
DWIDTH 10 0
BBX 9 12 0 0
BITMAP
2000
2000
FC00
2000
2000
3E00
2300
2180
2180
2180
2300
3E00
ENDCHAR
STARTCHAR 048D
ENCODING 1165
SWIDTH 600 0
DWIDTH 10 0
BBX 9 13 0 0
BITMAP
2000
2000
FC00
2000
2000
2000
2000
2000
3F00
2180
2080
2180
3F00
ENDCHAR
STARTCHAR 048E
ENCODING 1166
SWIDTH 600 0
DWIDTH 10 0
BBX 7 12 2 0
BITMAP
FC
86
86
82
96
8E
FC
86
80
80
80
80
ENDCHAR
STARTCHAR 048F
ENCODING 1167
SWIDTH 600 0
DWIDTH 10 0
BBX 8 13 1 -4
BITMAP
DC
E6
C3
C3
C1
C3
CF
E6
DE
C3
C0
C0
C0
ENDCHAR
STARTCHAR 0490
ENCODING 1168
SWIDTH 600 0
DWIDTH 10 0
BBX 7 14 2 0
BITMAP
06
06
FE
80
80
80
80
80
80
80
80
80
80
80
ENDCHAR
STARTCHAR 0491
ENCODING 1169
SWIDTH 600 0
DWIDTH 10 0
BBX 7 12 2 0
BITMAP
02
02
02
FE
C0
C0
C0
C0
C0
C0
C0
C0
ENDCHAR
STARTCHAR 0492
ENCODING 1170
SWIDTH 600 0
DWIDTH 10 0
BBX 9 12 0 0
BITMAP
3F80
2000
2000
2000
2000
2000
FE00
2000
2000
2000
2000
2000
ENDCHAR
STARTCHAR 0493
ENCODING 1171
SWIDTH 600 0
DWIDTH 10 0
BBX 8 9 1 0
BITMAP
7F
60
60
60
FC
60
60
60
60
ENDCHAR
STARTCHAR 0494
ENCODING 1172
SWIDTH 600 0
DWIDTH 10 0
BBX 8 16 2 -4
BITMAP
FC
80
80
80
80
F8
8C
86
82
82
83
82
02
06
4C
78
ENDCHAR
STARTCHAR 0495
ENCODING 1173
SWIDTH 600 0
DWIDTH 10 0
BBX 7 13 2 -4
BITMAP
F8
80
80
80
F8
8C
84
84
86
06
04
4C
78
ENDCHAR
STARTCHAR 0496
ENCODING 1174
SWIDTH 600 0
DWIDTH 10 0
BBX 10 15 0 -3
BITMAP
CCC0
4C80
4C80
6D80
2D00
3F00
2D00
2D00
6D80
4C80
4C80
CCC0
0040
0040
0040
ENDCHAR
STARTCHAR 0497
ENCODING 1175
SWIDTH 600 0
DWIDTH 10 0
BBX 10 12 0 -3
BITMAP
CCC0
4C80
2D80
2D00
3F00
2D00
2D00
4C80
CCC0
0040
0040
0040
ENDCHAR
STARTCHAR 0498
ENCODING 1176
SWIDTH 600 0
DWIDTH 10 0
BBX 8 16 1 -4
BITMAP
FC
86
03
02
06
78
06
03
03
03
86
FC
10
18
0C
38
ENDCHAR
STARTCHAR 0499
ENCODING 1177
SWIDTH 600 0
DWIDTH 10 0
BBX 7 13 1 -4
BITMAP
7C
46
02
06
3C
02
02
86
FC
08
08
08
18
ENDCHAR
STARTCHAR 049A
ENCODING 1178
SWIDTH 600 0
DWIDTH 10 0
BBX 9 15 1 -3
BITMAP
C300
C200
C400
CC00
C800
F000
D800
C800
C400
C600
C200
C380
0180
0180
0180
ENDCHAR
STARTCHAR 049B
ENCODING 1179
SWIDTH 600 0
DWIDTH 10 0
BBX 9 12 1 -3
BITMAP
C300
C600
C400
CC00
F800
CC00
C400
C600
C380
0180
0180
0180
ENDCHAR
STARTCHAR 049C
ENCODING 1180
SWIDTH 600 0
DWIDTH 10 0
BBX 8 12 1 0
BITMAP
C3
C2
D4
DC
D8
F0
D8
DC
D4
D6
C2
C3
ENDCHAR
STARTCHAR 049D
ENCODING 1181
SWIDTH 600 0
DWIDTH 10 0
BBX 8 9 1 0
BITMAP
C3
D6
D4
DC
F8
DC
D4
D6
C3
ENDCHAR
STARTCHAR 049E
ENCODING 1182
SWIDTH 600 0
DWIDTH 10 0
BBX 9 12 0 0
BITMAP
6180
6100
F200
6600
6400
7800
6C00
6600
6200
6300
6100
6180
ENDCHAR
STARTCHAR 049F
ENCODING 1183
SWIDTH 600 0
DWIDTH 10 0
BBX 10 13 0 0
BITMAP
2000
2000
FC00
2000
2180
2300
2600
2C00
3800
2C00
2600
2300
21C0
ENDCHAR
STARTCHAR 04A0
ENCODING 1184
SWIDTH 600 0
DWIDTH 10 0
BBX 10 12 0 0
BITMAP
F0C0
1180
1300
1200
1400
1C00
1C00
1600
1200
1300
1180
10C0
ENDCHAR
STARTCHAR 04A1
ENCODING 1185
SWIDTH 600 0
DWIDTH 10 0
BBX 10 9 0 0
BITMAP
F0C0
1100
1200
1600
1C00
1600
1300
1180
10C0
ENDCHAR
STARTCHAR 04A2
ENCODING 1186
SWIDTH 600 0
DWIDTH 10 0
BBX 9 15 1 -3
BITMAP
C300
C300
C300
C300
C300
FF00
C300
C300
C300
C300
C300
C380
0180
0180
0180
ENDCHAR
STARTCHAR 04A3
ENCODING 1187
SWIDTH 600 0
DWIDTH 10 0
BBX 9 12 1 -3
BITMAP
C300
C300
C300
C300
FF00
C300
C300
C300
C380
0180
0180
0180
ENDCHAR
STARTCHAR 04A4
ENCODING 1188
SWIDTH 600 0
DWIDTH 10 0
BBX 9 12 1 0
BITMAP
C380
C200
C200
C200
C200
FE00
C200
C200
C200
C200
C200
C200
ENDCHAR
STARTCHAR 04A5
ENCODING 1189
SWIDTH 600 0
DWIDTH 10 0
BBX 9 9 1 0
BITMAP
C780
C600
C600
C600
FE00
C600
C600
C600
C600
ENDCHAR
STARTCHAR 04A6
ENCODING 1190
SWIDTH 600 0
DWIDTH 10 0
BBX 9 16 1 -4
BITMAP
F800
8800
8800
8800
8800
8E00
8B00
8900
8980
8980
8980
8980
0180
0100
0300
0600
ENDCHAR
STARTCHAR 04A7
ENCODING 1191
SWIDTH 600 0
DWIDTH 10 0
BBX 9 13 1 -4
BITMAP
F800
8800
8800
8800
8E00
8900
8900
8980
8980
0180
0100
0300
0600
ENDCHAR
STARTCHAR 04A8
ENCODING 1192
SWIDTH 600 0
DWIDTH 10 0
BBX 9 12 1 0
BITMAP
3800
6800
C000
8E00
8900
9900
9900
9900
9900
CB00
6E00
3F80
ENDCHAR
STARTCHAR 04A9
ENCODING 1193
SWIDTH 600 0
DWIDTH 10 0
BBX 9 9 1 0
BITMAP
7800
C000
8F00
8900
9900
9900
8900
CE00
3F80
ENDCHAR
STARTCHAR 04AA
ENCODING 1194
SWIDTH 600 0
DWIDTH 10 0
BBX 8 16 1 -4
BITMAP
1F
31
60
C0
C0
C0
C0
C0
C0
40
71
3F
0C
04
04
0C
ENDCHAR
STARTCHAR 04AB
ENCODING 1195
SWIDTH 600 0
DWIDTH 10 0
BBX 7 13 1 -4
BITMAP
3E
62
40
40
C0
C0
40
62
3E
08
04
04
1C
ENDCHAR
STARTCHAR 04AC
ENCODING 1196
SWIDTH 600 0
DWIDTH 10 0
BBX 8 15 1 -3
BITMAP
FF
18
18
18
18
18
18
18
18
18
18
1C
04
04
04
ENDCHAR
STARTCHAR 04AD
ENCODING 1197
SWIDTH 600 0
DWIDTH 10 0
BBX 8 12 1 -3
BITMAP
FF
18
18
18
18
18
18
18
1C
0C
0C
0C
ENDCHAR
STARTCHAR 04AE
ENCODING 1198
SWIDTH 600 0
DWIDTH 10 0
BBX 8 12 1 0
BITMAP
81
C3
42
66
24
3C
18
18
18
18
18
18
ENDCHAR
STARTCHAR 04AF
ENCODING 1199
SWIDTH 600 0
DWIDTH 10 0
BBX 8 13 1 -4
BITMAP
81
C3
42
66
64
24
3C
18
18
18
18
18
18
ENDCHAR
STARTCHAR 04B0
ENCODING 1200
SWIDTH 600 0
DWIDTH 10 0
BBX 8 12 1 0
BITMAP
81
C3
42
66
24
3C
18
18
7E
18
18
18
ENDCHAR
STARTCHAR 04B1
ENCODING 1201
SWIDTH 600 0
DWIDTH 10 0
BBX 8 13 1 -4
BITMAP
81
C3
42
66
64
24
3C
18
18
7E
18
18
18
ENDCHAR
STARTCHAR 04B2
ENCODING 1202
SWIDTH 600 0
DWIDTH 10 0
BBX 9 15 1 -3
BITMAP
C300
4200
6600
2400
3C00
1800
1800
3C00
2400
6600
4200
8180
0180
0180
0180
ENDCHAR
STARTCHAR 04B3
ENCODING 1203
SWIDTH 600 0
DWIDTH 10 0
BBX 9 12 1 -3
BITMAP
C300
6600
2400
3C00
1800
3C00
2400
6600
C380
0180
0180
0180
ENDCHAR
STARTCHAR 04B4
ENCODING 1204
SWIDTH 600 0
DWIDTH 10 0
BBX 10 15 0 -3
BITMAP
F900
2100
2100
2100
2100
2100
2100
2100
2100
2100
2100
3FC0
00C0
00C0
00C0
ENDCHAR
STARTCHAR 04B5
ENCODING 1205
SWIDTH 600 0
DWIDTH 10 0
BBX 10 12 0 -3
BITMAP
F900
2100
2100
2100
2100
2100
2100
2100
3FC0
00C0
00C0
00C0
ENDCHAR
STARTCHAR 04B6
ENCODING 1206
SWIDTH 600 0
DWIDTH 10 0
BBX 9 15 1 -3
BITMAP
8300
8300
8300
8300
8300
C300
7F00
0300
0300
0300
0300
0380
0080
0080
0080
ENDCHAR
STARTCHAR 04B7
ENCODING 1207
SWIDTH 600 0
DWIDTH 10 0
BBX 9 12 1 -3
BITMAP
C300
C300
C300
C300
4300
7F00
0300
0300
0380
0180
0180
0180
ENDCHAR
STARTCHAR 04B8
ENCODING 1208
SWIDTH 600 0
DWIDTH 10 0
BBX 8 12 1 0
BITMAP
83
83
83
83
93
D3
7F
13
13
13
03
03
ENDCHAR
STARTCHAR 04B9
ENCODING 1209
SWIDTH 600 0
DWIDTH 10 0
BBX 8 9 1 0
BITMAP
C3
C3
C3
CB
4B
3F
0B
0B
03
ENDCHAR
STARTCHAR 04BA
ENCODING 1210
SWIDTH 600 0
DWIDTH 10 0
BBX 8 12 1 0
BITMAP
C0
C0
C0
C0
C0
FE
C3
C1
C1
C1
C1
C1
ENDCHAR
STARTCHAR 04BB
ENCODING 1211
SWIDTH 600 0
DWIDTH 10 0
BBX 8 13 1 0
BITMAP
C0
C0
C0
C0
DE
E6
C3
C3
C3
C3
C3
C3
C3
ENDCHAR
STARTCHAR 04BC
ENCODING 1212
SWIDTH 600 0
DWIDTH 10 0
BBX 10 12 0 0
BITMAP
0F00
1980
1080
D080
B080
FFC0
3000
3000
1000
1000
1880
0F80
ENDCHAR
STARTCHAR 04BD
ENCODING 1213
SWIDTH 600 0
DWIDTH 10 0
BBX 10 9 0 0
BITMAP
0F00
1980
D080
90C0
7FC0
3000
1000
1880
0F80
ENDCHAR
STARTCHAR 04BE
ENCODING 1214
SWIDTH 600 0
DWIDTH 10 0
BBX 10 15 0 -3
BITMAP
0F00
1980
1080
D080
B080
FFC0
3000
3000
1000
1000
1880
0F80
0600
0600
0600
ENDCHAR
STARTCHAR 04BF
ENCODING 1215
SWIDTH 600 0
DWIDTH 10 0
BBX 10 12 0 -3
BITMAP
0F00
1980
D080
90C0
7FC0
3000
1000
1840
0F80
0200
0200
0200
ENDCHAR
STARTCHAR 04C0
ENCODING 1216
SWIDTH 600 0
DWIDTH 10 0
BBX 6 12 2 0
BITMAP
FC
30
30
30
30
30
30
30
30
30
30
FC
ENDCHAR
STARTCHAR 04C1
ENCODING 1217
SWIDTH 600 0
DWIDTH 10 0
BBX 10 15 0 0
BITMAP
3300
1E00
0000
CCC0
4C80
4C80
6D80
2D00
3F00
2D00
2D00
6D80
4C80
4C80
CCC0
ENDCHAR
STARTCHAR 04C2
ENCODING 1218
SWIDTH 600 0
DWIDTH 10 0
BBX 10 12 0 0
BITMAP
3300
1E00
0000
CCC0
4C80
2D80
2D00
3F00
2D00
2D00
4C80
CCC0
ENDCHAR
STARTCHAR 04C3
ENCODING 1219
SWIDTH 600 0
DWIDTH 10 0
BBX 9 16 1 -4
BITMAP
C300
C200
C400
CC00
D800
D000
FC00
C700
C300
C100
C180
C100
0100
0100
0300
1C00
ENDCHAR
STARTCHAR 04C4
ENCODING 1220
SWIDTH 600 0
DWIDTH 10 0
BBX 8 13 1 -4
BITMAP
C6
CC
D8
D0
FC
C6
C3
C3
C3
03
02
26
3C
ENDCHAR
STARTCHAR 04C5
ENCODING 1221
SWIDTH 600 0
DWIDTH 10 0
BBX 10 15 0 -3
BITMAP
1F80
1180
1180
1180
1180
3180
3180
3180
3180
3180
2180
E1C0
0080
0080
0180
ENDCHAR
STARTCHAR 04C6
ENCODING 1222
SWIDTH 600 0
DWIDTH 10 0
BBX 9 12 1 -3
BITMAP
3F00
2300
2300
2300
2300
2300
6300
6300
C380
0180
0100
0100
ENDCHAR
STARTCHAR 04C7
ENCODING 1223
SWIDTH 600 0
DWIDTH 10 0
BBX 8 16 1 -4
BITMAP
C3
C3
C3
C3
C3
FF
C3
C3
C3
C3
C3
C3
03
03
26
3C
ENDCHAR
STARTCHAR 04C8
ENCODING 1224
SWIDTH 600 0
DWIDTH 10 0
BBX 8 13 1 -4
BITMAP
C3
C3
C3
C3
FF
C3
C3
C3
C3
03
03
26
3C
ENDCHAR
STARTCHAR 04C9
ENCODING 1225
SWIDTH 600 0
DWIDTH 10 0
BBX 9 15 1 -3
BITMAP
C300
C300
C300
C300
C300
FF00
C300
C300
C300
C300
C300
C380
0100
0100
0300
ENDCHAR
STARTCHAR 04CA
ENCODING 1226
SWIDTH 600 0
DWIDTH 10 0
BBX 9 12 1 -3
BITMAP
C300
C300
C300
C300
FF00
C300
C300
C300
C380
0180
0100
0100
ENDCHAR
STARTCHAR 04CB
ENCODING 1227
SWIDTH 600 0
DWIDTH 10 0
BBX 8 15 1 -3
BITMAP
83
83
83
83
83
C3
7F
03
03
03
03
07
06
06
06
ENDCHAR
STARTCHAR 04CC
ENCODING 1228
SWIDTH 600 0
DWIDTH 10 0
BBX 8 12 1 -3
BITMAP
C3
C3
C3
C3
43
7F
03
03
07
06
06
06
ENDCHAR
STARTCHAR 04CD
ENCODING 1229
SWIDTH 600 0
DWIDTH 10 0
BBX 9 15 1 -3
BITMAP
C300
C300
E700
A500
A500
BD00
9900
9900
9900
8100
8100
8180
0180
0100
0300
ENDCHAR
STARTCHAR 04CE
ENCODING 1230
SWIDTH 600 0
DWIDTH 10 0
BBX 9 12 1 -3
BITMAP
C300
C300
E700
A500
A500
BD00
9900
9900
9980
0180
0100
0300
ENDCHAR
STARTCHAR 04CF
ENCODING 1231
SWIDTH 600 0
DWIDTH 10 0
BBX 6 12 2 0
BITMAP
FC
30
30
30
30
30
30
30
30
30
30
FC
ENDCHAR
STARTCHAR 04D0
ENCODING 1232
SWIDTH 600 0
DWIDTH 10 0
BBX 10 15 0 0
BITMAP
3300
1E00
0000
0C00
0C00
1E00
1200
1200
3300
2300
3F00
6180
6180
4080
C0C0
ENDCHAR
STARTCHAR 04D1
ENCODING 1233
SWIDTH 600 0
DWIDTH 10 0
BBX 8 12 1 0
BITMAP
22
3C
00
7C
46
02
3F
E3
C3
C3
C7
7B
ENDCHAR
STARTCHAR 04D2
ENCODING 1234
SWIDTH 600 0
DWIDTH 10 0
BBX 10 15 0 0
BITMAP
3300
3300
0000
0C00
0C00
1E00
1200
1200
3300
2300
3F00
6180
6180
4080
C0C0
ENDCHAR
STARTCHAR 04D3
ENCODING 1235
SWIDTH 600 0
DWIDTH 10 0
BBX 8 12 1 0
BITMAP
66
66
00
7C
46
02
3F
E3
C3
C3
C7
7B
ENDCHAR
STARTCHAR 04D4
ENCODING 1236
SWIDTH 600 0
DWIDTH 10 0
BBX 9 12 0 0
BITMAP
1F80
1400
3400
3400
2400
2780
2400
7C00
6400
4400
4400
C780
ENDCHAR
STARTCHAR 04D5
ENCODING 1237
SWIDTH 600 0
DWIDTH 10 0
BBX 10 9 0 0
BITMAP
7B80
4C80
0CC0
0CC0
7FC0
CC00
CC00
CE40
7380
ENDCHAR
STARTCHAR 04D6
ENCODING 1238
SWIDTH 600 0
DWIDTH 10 0
BBX 7 15 2 0
BITMAP
C4
78
00
FE
80
80
80
80
FC
80
80
80
80
80
FE
ENDCHAR
STARTCHAR 04D7
ENCODING 1239
SWIDTH 600 0
DWIDTH 10 0
BBX 8 12 1 0
BITMAP
22
3C
00
3C
63
C3
FF
80
C0
C0
63
3E
ENDCHAR
STARTCHAR 04D8
ENCODING 1240
SWIDTH 600 0
DWIDTH 10 0
BBX 8 12 1 0
BITMAP
7C
C6
03
03
01
01
FF
81
81
C3
46
3C
ENDCHAR
STARTCHAR 04D9
ENCODING 1241
SWIDTH 600 0
DWIDTH 10 0
BBX 8 9 1 0
BITMAP
7C
86
03
03
FF
C3
C3
66
3C
ENDCHAR
STARTCHAR 04DA
ENCODING 1242
SWIDTH 600 0
DWIDTH 10 0
BBX 8 15 1 0
BITMAP
64
66
00
7C
C6
03
03
01
01
FF
81
81
C3
46
3C
ENDCHAR
STARTCHAR 04DB
ENCODING 1243
SWIDTH 600 0
DWIDTH 10 0
BBX 8 12 1 0
BITMAP
66
66
00
7C
86
03
03
FF
C3
C3
66
3C
ENDCHAR
STARTCHAR 04DC
ENCODING 1244
SWIDTH 600 0
DWIDTH 10 0
BBX 10 15 0 0
BITMAP
3300
3300
0000
CCC0
4C80
4C80
6D80
2D00
3F00
2D00
2D00
6D80
4C80
4C80
CCC0
ENDCHAR
STARTCHAR 04DD
ENCODING 1245
SWIDTH 600 0
DWIDTH 10 0
BBX 10 12 0 0
BITMAP
3300
3300
0000
CCC0
4C80
2D80
2D00
3F00
2D00
2D00
4C80
CCC0
ENDCHAR
STARTCHAR 04DE
ENCODING 1246
SWIDTH 600 0
DWIDTH 10 0
BBX 8 15 1 0
BITMAP
66
66
00
FC
86
03
02
06
78
06
03
03
03
86
FC
ENDCHAR
STARTCHAR 04DF
ENCODING 1247
SWIDTH 600 0
DWIDTH 10 0
BBX 7 12 1 0
BITMAP
66
66
00
7C
46
02
06
3C
02
02
86
FC
ENDCHAR
STARTCHAR 04E0
ENCODING 1248
SWIDTH 600 0
DWIDTH 10 0
BBX 8 12 1 0
BITMAP
FE
06
0C
18
30
3C
06
03
03
03
86
FC
ENDCHAR
STARTCHAR 04E1
ENCODING 1249
SWIDTH 600 0
DWIDTH 10 0
BBX 8 13 1 -4
BITMAP
FE
06
0C
18
30
3C
06
03
03
03
02
86
FC
ENDCHAR
STARTCHAR 04E2
ENCODING 1250
SWIDTH 600 0
DWIDTH 10 0
BBX 8 14 1 0
BITMAP
3C
00
C3
C7
C5
CF
CB
CB
D3
D3
F3
A3
E3
C3
ENDCHAR
STARTCHAR 04E3
ENCODING 1251
SWIDTH 600 0
DWIDTH 10 0
BBX 8 11 1 0
BITMAP
3E
00
C3
C7
CF
CB
DB
D3
F3
E3
C3
ENDCHAR
STARTCHAR 04E4
ENCODING 1252
SWIDTH 600 0
DWIDTH 10 0
BBX 8 15 1 0
BITMAP
66
66
00
C3
C7
C5
CF
CB
CB
D3
D3
F3
A3
E3
C3
ENDCHAR
STARTCHAR 04E5
ENCODING 1253
SWIDTH 600 0
DWIDTH 10 0
BBX 8 12 1 0
BITMAP
66
66
00
C3
C7
CF
CB
DB
D3
F3
E3
C3
ENDCHAR
STARTCHAR 04E6
ENCODING 1254
SWIDTH 600 0
DWIDTH 10 0
BBX 8 15 1 0
BITMAP
66
66
00
3C
66
C3
C3
81
81
81
81
C3
C3
66
3C
ENDCHAR
STARTCHAR 04E7
ENCODING 1255
SWIDTH 600 0
DWIDTH 10 0
BBX 8 12 1 0
BITMAP
66
66
00
3C
66
C3
83
81
83
C3
66
3C
ENDCHAR
STARTCHAR 04E8
ENCODING 1256
SWIDTH 600 0
DWIDTH 10 0
BBX 8 12 1 0
BITMAP
3C
66
C3
81
81
FF
81
81
C3
C3
66
3C
ENDCHAR
STARTCHAR 04E9
ENCODING 1257
SWIDTH 600 0
DWIDTH 10 0
BBX 8 9 1 0
BITMAP
3C
66
C3
C3
FF
81
C3
66
3C
ENDCHAR
STARTCHAR 04EA
ENCODING 1258
SWIDTH 600 0
DWIDTH 10 0
BBX 8 15 1 0
BITMAP
66
66
00
3C
66
C3
81
81
FF
81
81
C3
C3
66
3C
ENDCHAR
STARTCHAR 04EB
ENCODING 1259
SWIDTH 600 0
DWIDTH 10 0
BBX 8 12 1 0
BITMAP
66
66
00
3C
66
C3
C3
FF
81
C3
66
3C
ENDCHAR
STARTCHAR 04EC
ENCODING 1260
SWIDTH 600 0
DWIDTH 10 0
BBX 8 15 1 0
BITMAP
44
64
00
F8
8E
02
03
03
7F
01
03
03
06
8E
F8
ENDCHAR
STARTCHAR 04ED
ENCODING 1261
SWIDTH 600 0
DWIDTH 10 0
BBX 8 12 1 0
BITMAP
66
66
00
F8
8E
02
03
3F
03
02
8E
F8
ENDCHAR
STARTCHAR 04EE
ENCODING 1262
SWIDTH 600 0
DWIDTH 10 0
BBX 10 14 0 0
BITMAP
1E00
0000
C0C0
6080
6180
3100
3300
1200
1A00
0E00
0C00
0C00
1800
7000
ENDCHAR
STARTCHAR 04EF
ENCODING 1263
SWIDTH 600 0
DWIDTH 10 0
BBX 8 15 1 -4
BITMAP
3C
00
C1
C3
42
62
26
24
34
18
18
18
10
30
E0
ENDCHAR
STARTCHAR 04F0
ENCODING 1264
SWIDTH 600 0
DWIDTH 10 0
BBX 10 15 0 0
BITMAP
3300
3300
0000
C0C0
6080
6180
3100
3300
1200
1A00
0E00
0C00
0C00
1800
7000
ENDCHAR
STARTCHAR 04F1
ENCODING 1265
SWIDTH 600 0
DWIDTH 10 0
BBX 8 16 1 -4
BITMAP
66
66
00
C1
C3
42
62
26
24
34
18
18
18
10
30
E0
ENDCHAR
STARTCHAR 04F2
ENCODING 1266
SWIDTH 600 0
DWIDTH 10 0
BBX 10 16 0 0
BITMAP
0900
1B00
3600
0000
C0C0
6080
6180
3100
3300
1200
1A00
0E00
0C00
0C00
1800
7000
ENDCHAR
STARTCHAR 04F3
ENCODING 1267
SWIDTH 600 0
DWIDTH 10 0
BBX 8 17 1 -4
BITMAP
12
36
6C
00
C1
C3
42
62
26
24
34
18
18
18
10
30
E0
ENDCHAR
STARTCHAR 04F4
ENCODING 1268
SWIDTH 600 0
DWIDTH 10 0
BBX 8 15 1 0
BITMAP
66
66
00
83
83
83
83
83
C3
7F
03
03
03
03
03
ENDCHAR
STARTCHAR 04F5
ENCODING 1269
SWIDTH 600 0
DWIDTH 10 0
BBX 8 12 1 0
BITMAP
66
66
00
C3
C3
C3
C3
43
7F
03
03
03
ENDCHAR
STARTCHAR 04F6
ENCODING 1270
SWIDTH 600 0
DWIDTH 10 0
BBX 7 15 2 -3
BITMAP
FE
80
80
80
80
80
80
80
80
80
80
E0
20
20
20
ENDCHAR
STARTCHAR 04F7
ENCODING 1271
SWIDTH 600 0
DWIDTH 10 0
BBX 7 12 2 -3
BITMAP
FE
C0
C0
C0
C0
C0
C0
C0
E0
20
20
20
ENDCHAR
STARTCHAR 04F8
ENCODING 1272
SWIDTH 600 0
DWIDTH 10 0
BBX 8 15 1 0
BITMAP
66
66
00
81
81
81
81
81
F1
99
8D
8D
8D
99
F1
ENDCHAR
STARTCHAR 04F9
ENCODING 1273
SWIDTH 600 0
DWIDTH 10 0
BBX 8 12 1 0
BITMAP
66
66
00
81
81
81
F9
89
8D
8D
89
F1
ENDCHAR
STARTCHAR 04FA
ENCODING 1274
SWIDTH 600 0
DWIDTH 10 0
BBX 9 15 0 -3
BITMAP
3F80
2000
2000
2000
2000
2000
FE00
2000
2000
2000
2000
3000
1000
1000
3000
ENDCHAR
STARTCHAR 04FB
ENCODING 1275
SWIDTH 600 0
DWIDTH 10 0
BBX 8 12 1 -3
BITMAP
7F
60
60
60
FC
60
60
60
70
10
10
30
ENDCHAR
STARTCHAR 04FC
ENCODING 1276
SWIDTH 600 0
DWIDTH 10 0
BBX 9 15 1 -3
BITMAP
C300
4200
6600
2400
1C00
1800
1800
3C00
2400
6600
C300
8180
0180
0180
0300
ENDCHAR
STARTCHAR 04FD
ENCODING 1277
SWIDTH 600 0
DWIDTH 10 0
BBX 9 12 1 -3
BITMAP
C300
6600
2400
3C00
1800
3C00
2400
6600
C380
0180
0180
0300
ENDCHAR
STARTCHAR 04FE
ENCODING 1278
SWIDTH 600 0
DWIDTH 10 0
BBX 8 12 1 0
BITMAP
C3
42
66
24
18
FF
18
3C
24
66
C3
81
ENDCHAR
STARTCHAR 04FF
ENCODING 1279
SWIDTH 600 0
DWIDTH 10 0
BBX 8 9 1 0
BITMAP
C3
66
24
3C
FF
3C
24
66
C3
ENDCHAR
STARTCHAR 0500
ENCODING 1280
SWIDTH 600 0
DWIDTH 10 0
BBX 7 12 1 0
BITMAP
02
02
02
02
02
3E
62
C2
82
C2
E2
7E
ENDCHAR
STARTCHAR 0501
ENCODING 1281
SWIDTH 600 0
DWIDTH 10 0
BBX 8 13 1 0
BITMAP
03
03
03
03
3B
67
C3
C3
83
C3
C3
67
3B
ENDCHAR
STARTCHAR 0502
ENCODING 1282
SWIDTH 600 0
DWIDTH 10 0
BBX 9 12 0 0
BITMAP
0C00
0C00
0C00
0C00
0C00
3C80
6C80
4C80
CC80
4C80
4C80
3700
ENDCHAR
STARTCHAR 0503
ENCODING 1283
SWIDTH 600 0
DWIDTH 10 0
BBX 9 13 0 0
BITMAP
0400
0400
0400
0400
3400
4C00
4400
4480
C480
4480
4480
4C80
3380
ENDCHAR
STARTCHAR 0504
ENCODING 1284
SWIDTH 600 0
DWIDTH 10 0
BBX 9 12 0 0
BITMAP
F000
9800
0800
0800
1800
6080
1880
0880
0C80
0C80
0D80
0700
ENDCHAR
STARTCHAR 0505
ENCODING 1285
SWIDTH 600 0
DWIDTH 10 0
BBX 9 9 0 0
BITMAP
F000
5800
0800
1880
3080
1880
0880
0D80
0700
ENDCHAR
STARTCHAR 0506
ENCODING 1286
SWIDTH 600 0
DWIDTH 10 0
BBX 9 15 0 -3
BITMAP
7C00
C600
0300
0300
0600
3800
0600
0300
0100
0100
0100
0180
0080
0080
0080
ENDCHAR
STARTCHAR 0507
ENCODING 1287
SWIDTH 600 0
DWIDTH 10 0
BBX 8 12 1 -3
BITMAP
F8
8C
04
0C
70
0C
06
06
07
03
03
03
ENDCHAR
STARTCHAR 0508
ENCODING 1288
SWIDTH 600 0
DWIDTH 10 0
BBX 9 12 0 0
BITMAP
3C00
2400
2400
2400
2400
2480
2480
2480
2480
6480
6680
C380
ENDCHAR
STARTCHAR 0509
ENCODING 1289
SWIDTH 600 0
DWIDTH 10 0
BBX 9 9 0 0
BITMAP
3C00
2C00
2C00
2C80
2C80
6C80
6480
4480
C780
ENDCHAR
STARTCHAR 050A
ENCODING 1290
SWIDTH 600 0
DWIDTH 10 0
BBX 8 12 1 0
BITMAP
88
88
88
88
88
F9
89
89
89
89
89
8F
ENDCHAR
STARTCHAR 050B
ENCODING 1291
SWIDTH 600 0
DWIDTH 10 0
BBX 8 9 1 0
BITMAP
88
88
88
88
F9
89
89
89
8F
ENDCHAR
STARTCHAR 050C
ENCODING 1292
SWIDTH 600 0
DWIDTH 10 0
BBX 8 12 1 0
BITMAP
3E
62
40
C0
80
80
87
81
C1
43
62
3C
ENDCHAR
STARTCHAR 050D
ENCODING 1293
SWIDTH 600 0
DWIDTH 10 0
BBX 8 9 1 0
BITMAP
3E
62
C0
80
8F
81
C3
66
3C
ENDCHAR
STARTCHAR 050E
ENCODING 1294
SWIDTH 600 0
DWIDTH 10 0
BBX 9 12 0 0
BITMAP
FF00
1800
1800
1800
1800
1880
1880
1880
1880
1880
0980
0F00
ENDCHAR
STARTCHAR 050F
ENCODING 1295
SWIDTH 600 0
DWIDTH 10 0
BBX 9 9 0 0
BITMAP
FE00
1000
1000
1080
1080
1080
1080
1980
0F00
ENDCHAR
STARTCHAR 0510
ENCODING 1296
SWIDTH 600 0
DWIDTH 10 0
BBX 8 12 1 0
BITMAP
3E
63
C0
C0
60
1E
60
C0
80
C0
61
3F
ENDCHAR
STARTCHAR 0511
ENCODING 1297
SWIDTH 600 0
DWIDTH 10 0
BBX 6 9 2 0
BITMAP
7C
C4
80
C0
38
C0
80
C4
7C
ENDCHAR
STARTCHAR 0512
ENCODING 1298
SWIDTH 600 0
DWIDTH 10 0
BBX 9 15 0 -3
BITMAP
1F00
1100
1100
1100
3100
3100
3100
3100
2100
2100
6100
C180
0080
0080
0380
ENDCHAR
STARTCHAR 0513
ENCODING 1299
SWIDTH 600 0
DWIDTH 10 0
BBX 9 12 1 -3
BITMAP
3F00
2300
2300
2300
2300
2300
6300
6300
C380
0080
0080
0380
ENDCHAR
STARTCHAR 0514
ENCODING 1300
SWIDTH 600 0
DWIDTH 10 0
BBX 10 12 0 0
BITMAP
38C0
2C80
2480
2500
2700
2300
2300
2700
2580
6C80
4880
D8C0
ENDCHAR
STARTCHAR 0515
ENCODING 1301
SWIDTH 600 0
DWIDTH 10 0
BBX 10 9 0 0
BITMAP
38C0
2C80
2500
2700
6300
6700
6580
4C80
D8C0
ENDCHAR
STARTCHAR 0516
ENCODING 1302
SWIDTH 600 0
DWIDTH 10 0
BBX 9 12 1 0
BITMAP
F980
8F00
8600
8600
8400
8C00
FC00
8600
8600
8300
8300
8180
ENDCHAR
STARTCHAR 0517
ENCODING 1303
SWIDTH 600 0
DWIDTH 10 0
BBX 9 13 1 -4
BITMAP
B180
C900
8A00
8E00
8E00
8E00
8B00
C900
F180
8000
8000
8000
8000
ENDCHAR
STARTCHAR 0518
ENCODING 1304
SWIDTH 1200 0
DWIDTH 20 0
BBX 16 12 2 0
BITMAP
1FFF
7080
6080
4080
6080
20FE
1F80
1880
3080
2080
6080
C0FF
ENDCHAR
STARTCHAR 0519
ENCODING 1305
SWIDTH 600 0
DWIDTH 10 0
BBX 10 9 0 0
BITMAP
7B80
4C80
4C80
4CC0
7FC0
2C00
2C00
4440
C380
ENDCHAR
STARTCHAR 051A
ENCODING 1306
SWIDTH 600 0
DWIDTH 10 0
BBX 8 15 1 -3
BITMAP
3C
66
C3
C3
81
81
81
81
C3
C3
66
3C
06
02
03
ENDCHAR
STARTCHAR 051B
ENCODING 1307
SWIDTH 600 0
DWIDTH 10 0
BBX 8 13 1 -4
BITMAP
3B
67
C3
C3
83
C3
C3
67
3B
03
03
03
03
ENDCHAR
STARTCHAR 051C
ENCODING 1308
SWIDTH 600 0
DWIDTH 10 0
BBX 10 12 0 0
BITMAP
C0C0
4080
4080
4C80
4C80
4C80
5E80
5280
7280
7380
3380
2100
ENDCHAR
STARTCHAR 051D
ENCODING 1309
SWIDTH 600 0
DWIDTH 10 0
BBX 10 9 0 0
BITMAP
C0C0
40C0
4C80
4C80
5E80
5280
7380
7380
3300
ENDCHAR
STARTCHAR 051E
ENCODING 1310
SWIDTH 600 0
DWIDTH 10 0
BBX 8 12 1 0
BITMAP
D3
DA
C4
CF
C9
F0
D8
CC
C4
C6
C2
C3
ENDCHAR
STARTCHAR 051F
ENCODING 1311
SWIDTH 600 0
DWIDTH 10 0
BBX 8 9 1 0
BITMAP
CB
DE
C6
CF
F9
CC
C4
C6
C3
ENDCHAR
STARTCHAR 0520
ENCODING 1312
SWIDTH 1200 0
DWIDTH 20 0
BBX 18 16 1 -4
BITMAP
0FE000
0C2000
082000
082000
082000
083E00
182300
182180
102080
1020C0
3020C0
E020C0
000080
000180
001300
001E00
ENDCHAR
STARTCHAR 0521
ENCODING 1313
SWIDTH 1200 0
DWIDTH 20 0
BBX 16 13 2 -4
BITMAP
1F80
3080
3080
3080
20FC
2086
2083
6083
C081
0001
0003
0046
003C
ENDCHAR
STARTCHAR 0522
ENCODING 1314
SWIDTH 1200 0
DWIDTH 20 0
BBX 16 16 3 -4
BITMAP
C180
C180
C180
C180
C180
FFF8
C18E
C186
C183
C183
C183
C183
0003
0002
0046
0078
ENDCHAR
STARTCHAR 0523
ENCODING 1315
SWIDTH 1200 0
DWIDTH 20 0
BBX 15 13 3 -4
BITMAP
C100
C100
C100
C100
FFF8
C10C
C106
C106
C102
0002
0006
008C
0078
ENDCHAR
STARTCHAR 0524
ENCODING 1316
SWIDTH 600 0
DWIDTH 10 0
BBX 9 15 1 -3
BITMAP
FF00
C300
C300
C300
C300
C300
C300
C300
C300
C300
C300
C380
0180
0180
0180
ENDCHAR
STARTCHAR 0525
ENCODING 1317
SWIDTH 600 0
DWIDTH 10 0
BBX 9 12 1 -3
BITMAP
FF00
C300
C300
C300
C300
C300
C300
C300
C380
0080
0080
0080
ENDCHAR
STARTCHAR 0526
ENCODING 1318
SWIDTH 600 0
DWIDTH 10 0
BBX 9 15 1 -3
BITMAP
C000
C000
C000
C000
C000
FE00
C300
C100
C100
C100
C100
C180
0180
0180
0180
ENDCHAR
STARTCHAR 0527
ENCODING 1319
SWIDTH 600 0
DWIDTH 10 0
BBX 9 16 1 -3
BITMAP
C000
C000
C000
C000
DE00
E600
C300
C300
C300
C300
C300
C300
C380
0080
0080
0080
ENDCHAR
STARTCHAR 0528
ENCODING 1320
SWIDTH 600 0
DWIDTH 10 0
BBX 10 15 -1 -3
BITMAP
30C0
30C0
30C0
30C0
30C0
3FC0
30C0
30C0
30C0
30C0
30C0
30C0
3000
3000
E000
ENDCHAR
STARTCHAR 0529
ENCODING 1321
SWIDTH 600 0
DWIDTH 10 0
BBX 9 13 0 -4
BITMAP
6180
6180
6180
6180
7F80
6180
6180
6180
6180
6000
6000
6000
C000
ENDCHAR
STARTCHAR 052A
ENCODING 1322
SWIDTH 1200 0
DWIDTH 20 0
BBX 20 15 0 -3
BITMAP
1F0830
110860
110840
110880
110980
11FF00
110980
310880
3108C0
210860
610860
FFC830
C0C000
C0C000
C0C000
ENDCHAR
STARTCHAR 052B
ENCODING 1323
SWIDTH 1200 0
DWIDTH 20 0
BBX 19 11 0 -2
BITMAP
1F1860
1118C0
111880
111980
31FF00
311980
211880
6118C0
FF9860
C08000
C08000
ENDCHAR
STARTCHAR 052C
ENCODING 1324
SWIDTH 600 0
DWIDTH 10 0
BBX 10 15 0 -3
BITMAP
4F80
4980
4980
4980
4980
4980
7980
3F80
1180
3180
2180
FFC0
C0C0
C0C0
C0C0
ENDCHAR
STARTCHAR 052D
ENCODING 1325
SWIDTH 600 0
DWIDTH 10 0
BBX 10 12 0 -3
BITMAP
4F00
4900
4900
5900
5300
7D00
3100
2100
FFC0
C0C0
C0C0
C0C0
ENDCHAR
STARTCHAR 052E
ENCODING 1326
SWIDTH 600 0
DWIDTH 10 0
BBX 10 15 0 -3
BITMAP
1F80
1180
1180
1180
1180
3180
3180
3180
3180
3180
2180
E1C0
00C0
00C0
00C0
ENDCHAR
STARTCHAR 052F
ENCODING 1327
SWIDTH 600 0
DWIDTH 10 0
BBX 9 12 1 -3
BITMAP
3F00
2300
2300
2300
2300
2300
6300
6300
C380
0080
0080
0080
ENDCHAR
STARTCHAR 10FB
ENCODING 4347
SWIDTH 600 0
DWIDTH 10 0
BBX 7 12 1 0
BITMAP
C0
C0
00
00
00
06
06
00
00
00
C0
C0
ENDCHAR
STARTCHAR 1AB0
ENCODING 6832
SWIDTH 0 0
DWIDTH 0 0
BBX 10 3 -5 10
BITMAP
2100
7380
8C40
ENDCHAR
STARTCHAR 1AB1
ENCODING 6833
SWIDTH 0 0
DWIDTH 0 0
BBX 8 4 -4 10
BITMAP
18
24
A5
18
ENDCHAR
STARTCHAR 1AB2
ENCODING 6834
SWIDTH 0 0
DWIDTH 0 0
BBX 8 4 -4 10
BITMAP
66
99
99
66
ENDCHAR
STARTCHAR 1AB3
ENCODING 6835
SWIDTH 0 0
DWIDTH 0 0
BBX 4 4 -2 10
BITMAP
40
40
F0
20
ENDCHAR
STARTCHAR 1AB4
ENCODING 6836
SWIDTH 0 0
DWIDTH 0 0
BBX 4 4 -2 11
BITMAP
60
00
00
90
ENDCHAR
STARTCHAR 1AB5
ENCODING 6837
SWIDTH 0 0
DWIDTH 0 0
BBX 8 3 -4 -4
BITMAP
FF
EE
77
ENDCHAR
STARTCHAR 1AB6
ENCODING 6838
SWIDTH 0 0
DWIDTH 0 0
BBX 16 3 -8 -4
BITMAP
6186
9249
8E71
ENDCHAR
STARTCHAR 1AB7
ENCODING 6839
SWIDTH 0 0
DWIDTH 0 0
BBX 2 3 -1 -4
BITMAP
80
80
C0
ENDCHAR
STARTCHAR 1AB8
ENCODING 6840
SWIDTH 0 0
DWIDTH 0 0
BBX 4 3 -2 -4
BITMAP
90
90
90
ENDCHAR
STARTCHAR 1AB9
ENCODING 6841
SWIDTH 0 0
DWIDTH 0 0
BBX 3 5 -10 -4
BITMAP
20
40
40
80
80
ENDCHAR
STARTCHAR 1ABA
ENCODING 6842
SWIDTH 0 0
DWIDTH 0 0
BBX 3 4 -9 -3
BITMAP
60
40
80
80
ENDCHAR
STARTCHAR 1ABB
ENCODING 6843
SWIDTH 0 0
DWIDTH 0 0
BBX 6 4 -3 10
BITMAP
84
84
84
84
ENDCHAR
STARTCHAR 1ABC
ENCODING 6844
SWIDTH 0 0
DWIDTH 0 0
BBX 10 4 -5 10
BITMAP
A140
A140
A140
A140
ENDCHAR
STARTCHAR 1ABD
ENCODING 6845
SWIDTH 0 0
DWIDTH 0 0
BBX 6 4 -3 -4
BITMAP
84
84
84
84
ENDCHAR
STARTCHAR 1ABE
ENCODING 6846
SWIDTH 0 0
DWIDTH 0 0
BBX 14 4 -7 2
BITMAP
4008
8004
8004
4008
ENDCHAR
STARTCHAR 1ABF
ENCODING 6847
SWIDTH 0 0
DWIDTH 0 0
BBX 4 4 -2 -5
BITMAP
90
F0
F0
90
ENDCHAR
STARTCHAR 1AC0
ENCODING 6848
SWIDTH 0 0
DWIDTH 0 0
BBX 4 4 -2 -5
BITMAP
90
F0
F0
B0
ENDCHAR
STARTCHAR 1AC5
ENCODING 6853
SWIDTH 0 0
DWIDTH 0 0
BBX 6 4 -3 10
BITMAP
84
84
84
84
ENDCHAR
STARTCHAR 1AC7
ENCODING 6855
SWIDTH 0 0
DWIDTH 0 0
BBX 6 2 -3 11
BITMAP
A4
FC
ENDCHAR
STARTCHAR 1AC8
ENCODING 6856
SWIDTH 0 0
DWIDTH 0 0
BBX 4 3 -2 10
BITMAP
60
F0
60
ENDCHAR
STARTCHAR 1AC9
ENCODING 6857
SWIDTH 0 0
DWIDTH 0 0
BBX 8 3 -4 10
BITMAP
66
FF
66
ENDCHAR
STARTCHAR 1ACA
ENCODING 6858
SWIDTH 0 0
DWIDTH 0 0
BBX 8 3 -4 -4
BITMAP
66
FF
66
ENDCHAR
STARTCHAR 1ACB
ENCODING 6859
SWIDTH 0 0
DWIDTH 0 0
BBX 10 3 0 10
BITMAP
64C0
4D80
9B00
ENDCHAR
STARTCHAR 1ACC
ENCODING 6860
SWIDTH 0 0
DWIDTH 0 0
BBX 4 6 -2 10
BITMAP
70
40
60
90
90
60
ENDCHAR
STARTCHAR 1ACD
ENCODING 6861
SWIDTH 0 0
DWIDTH 0 0
BBX 3 5 -1 11
BITMAP
C0
A0
A0
A0
80
ENDCHAR
STARTCHAR 1ACE
ENCODING 6862
SWIDTH 0 0
DWIDTH 0 0
BBX 3 4 -1 10
BITMAP
E0
80
80
E0
ENDCHAR
STARTCHAR 1C80
ENCODING 7296
SWIDTH 600 0
DWIDTH 10 0
BBX 8 13 1 0
BITMAP
1E
32
63
62
FE
C0
C0
C0
FE
E3
43
63
3E
ENDCHAR
STARTCHAR 1C81
ENCODING 7297
SWIDTH 600 0
DWIDTH 10 0
BBX 8 13 1 -4
BITMAP
1E
36
36
26
26
66
46
FF
81
81
81
81
81
ENDCHAR
STARTCHAR 1C82
ENCODING 7298
SWIDTH 600 0
DWIDTH 10 0
BBX 8 9 1 0
BITMAP
3C
66
C3
83
81
83
C3
66
3C
ENDCHAR
STARTCHAR 1C83
ENCODING 7299
SWIDTH 600 0
DWIDTH 10 0
BBX 8 9 1 0
BITMAP
3F
61
C0
C0
C0
C0
C0
61
3F
ENDCHAR
STARTCHAR 1C84
ENCODING 7300
SWIDTH 600 0
DWIDTH 10 0
BBX 8 12 1 0
BITMAP
FF
03
03
02
02
06
06
04
04
0C
08
08
ENDCHAR
STARTCHAR 1C85
ENCODING 7301
SWIDTH 600 0
DWIDTH 10 0
BBX 8 9 1 0
BITMAP
FF
99
99
99
99
99
99
99
99
ENDCHAR
STARTCHAR 1C86
ENCODING 7302
SWIDTH 600 0
DWIDTH 10 0
BBX 9 13 0 0
BITMAP
F000
3000
3000
3000
3000
3000
3000
3000
3F00
3180
3080
3180
3F00
ENDCHAR
STARTCHAR 1C87
ENCODING 7303
SWIDTH 600 0
DWIDTH 10 0
BBX 9 12 0 0
BITMAP
3000
3000
3000
FC00
3000
3000
3000
3F00
3180
3080
3180
3F00
ENDCHAR
STARTCHAR 1C88
ENCODING 7304
SWIDTH 600 0
DWIDTH 10 0
BBX 8 13 1 0
BITMAP
C3
42
66
24
1C
3C
66
C3
81
81
C3
C3
7E
ENDCHAR
STARTCHAR 1D00
ENCODING 7424
SWIDTH 600 0
DWIDTH 10 0
BBX 8 9 1 0
BITMAP
18
18
3C
24
24
7E
42
C3
81
ENDCHAR
STARTCHAR 1D01
ENCODING 7425
SWIDTH 600 0
DWIDTH 10 0
BBX 10 9 0 0
BITMAP
0FC0
1E00
1600
1600
37C0
3E00
6600
4600
C7C0
ENDCHAR
STARTCHAR 1D02
ENCODING 7426
SWIDTH 600 0
DWIDTH 10 0
BBX 10 9 0 0
BITMAP
7380
9CC0
0CC0
0CC0
FF80
CC00
CC00
4C80
7780
ENDCHAR
STARTCHAR 1D03
ENCODING 7427
SWIDTH 600 0
DWIDTH 10 0
BBX 8 9 1 0
BITMAP
FE
C2
C3
C2
FF
C2
C3
C3
FE
ENDCHAR
STARTCHAR 1D04
ENCODING 7428
SWIDTH 600 0
DWIDTH 10 0
BBX 7 9 2 0
BITMAP
3E
64
C0
80
80
80
C0
62
3C
ENDCHAR
STARTCHAR 1D05
ENCODING 7429
SWIDTH 600 0
DWIDTH 10 0
BBX 7 9 2 0
BITMAP
F8
8C
86
86
82
86
86
8C
F8
ENDCHAR
STARTCHAR 1D06
ENCODING 7430
SWIDTH 600 0
DWIDTH 10 0
BBX 9 9 0 0
BITMAP
3E00
2300
2180
2180
F880
2180
2180
2300
3E00
ENDCHAR
STARTCHAR 1D07
ENCODING 7431
SWIDTH 600 0
DWIDTH 10 0
BBX 6 9 2 0
BITMAP
FC
C0
C0
C0
F8
C0
C0
C0
FC
ENDCHAR
STARTCHAR 1D08
ENCODING 7432
SWIDTH 600 0
DWIDTH 10 0
BBX 7 9 1 0
BITMAP
7C
86
02
02
3C
06
02
46
7C
ENDCHAR
STARTCHAR 1D09
ENCODING 7433
SWIDTH 600 0
DWIDTH 10 0
BBX 8 13 1 -4
BITMAP
FF
10
10
10
10
10
10
10
1E
00
00
18
18
ENDCHAR
STARTCHAR 1D0A
ENCODING 7434
SWIDTH 600 0
DWIDTH 10 0
BBX 5 9 2 0
BITMAP
18
18
18
18
18
18
18
90
F0
ENDCHAR
STARTCHAR 1D0B
ENCODING 7435
SWIDTH 600 0
DWIDTH 10 0
BBX 7 9 2 0
BITMAP
C6
CC
D8
F0
F0
D8
C8
CC
C6
ENDCHAR
STARTCHAR 1D0C
ENCODING 7436
SWIDTH 600 0
DWIDTH 10 0
BBX 7 9 1 0
BITMAP
20
20
20
28
30
E0
20
20
3E
ENDCHAR
STARTCHAR 1D0D
ENCODING 7437
SWIDTH 600 0
DWIDTH 10 0
BBX 8 9 1 0
BITMAP
C3
E7
A5
A5
BD
99
99
81
81
ENDCHAR
STARTCHAR 1D0E
ENCODING 7438
SWIDTH 600 0
DWIDTH 10 0
BBX 8 9 1 0
BITMAP
C3
C7
C7
CB
DB
D3
B3
E3
C3
ENDCHAR
STARTCHAR 1D0F
ENCODING 7439
SWIDTH 600 0
DWIDTH 10 0
BBX 8 9 1 0
BITMAP
3C
66
C3
83
81
83
C3
66
3C
ENDCHAR
STARTCHAR 1D10
ENCODING 7440
SWIDTH 600 0
DWIDTH 10 0
BBX 7 9 1 0
BITMAP
F8
4C
06
02
02
02
06
8E
78
ENDCHAR
STARTCHAR 1D11
ENCODING 7441
SWIDTH 600 0
DWIDTH 10 0
BBX 10 9 0 0
BITMAP
1E00
6180
4080
C0C0
C0C0
C0C0
4080
6180
1E00
ENDCHAR
STARTCHAR 1D12
ENCODING 7442
SWIDTH 600 0
DWIDTH 10 0
BBX 10 7 0 1
BITMAP
3F00
6180
4080
C0C0
C0C0
40C0
4080
ENDCHAR
STARTCHAR 1D13
ENCODING 7443
SWIDTH 600 0
DWIDTH 10 0
BBX 10 7 0 2
BITMAP
BF00
6180
7080
C8C0
C6C0
6180
3FC0
ENDCHAR
STARTCHAR 1D14
ENCODING 7444
SWIDTH 600 0
DWIDTH 10 0
BBX 10 9 0 0
BITMAP
7700
9C80
0C80
08C0
F8C0
C8C0
CC80
5C80
7700
ENDCHAR
STARTCHAR 1D15
ENCODING 7445
SWIDTH 600 0
DWIDTH 10 0
BBX 8 9 1 0
BITMAP
42
42
66
3C
66
C3
C3
66
3C
ENDCHAR
STARTCHAR 1D16
ENCODING 7446
SWIDTH 600 0
DWIDTH 10 0
BBX 8 5 1 4
BITMAP
3C
66
C3
81
81
ENDCHAR
STARTCHAR 1D17
ENCODING 7447
SWIDTH 600 0
DWIDTH 10 0
BBX 8 5 1 0
BITMAP
81
81
C3
66
3C
ENDCHAR
STARTCHAR 1D18
ENCODING 7448
SWIDTH 600 0
DWIDTH 10 0
BBX 7 9 2 0
BITMAP
F8
CC
C6
C4
FC
C0
C0
C0
C0
ENDCHAR
STARTCHAR 1D19
ENCODING 7449
SWIDTH 600 0
DWIDTH 10 0
BBX 7 9 1 0
BITMAP
3E
42
C2
42
7E
32
22
62
C2
ENDCHAR
STARTCHAR 1D1A
ENCODING 7450
SWIDTH 600 0
DWIDTH 10 0
BBX 7 9 1 0
BITMAP
C2
62
22
32
3E
62
C2
42
3E
ENDCHAR
STARTCHAR 1D1B
ENCODING 7451
SWIDTH 600 0
DWIDTH 10 0
BBX 8 9 1 0
BITMAP
FF
18
18
18
18
18
18
18
18
ENDCHAR
STARTCHAR 1D1C
ENCODING 7452
SWIDTH 600 0
DWIDTH 10 0
BBX 8 9 1 0
BITMAP
C3
C3
C3
C3
C3
C3
C3
66
3C
ENDCHAR
STARTCHAR 1D1D
ENCODING 7453
SWIDTH 600 0
DWIDTH 10 0
BBX 10 7 0 1
BITMAP
FF80
0180
0080
00C0
00C0
0080
FF80
ENDCHAR
STARTCHAR 1D1E
ENCODING 7454
SWIDTH 600 0
DWIDTH 10 0
BBX 10 7 0 1
BITMAP
1F80
C180
0080
00C0
00C0
C080
1F80
ENDCHAR
STARTCHAR 1D1F
ENCODING 7455
SWIDTH 600 0
DWIDTH 10 0
BBX 10 9 0 0
BITMAP
FF80
0180
0080
00C0
FF80
0180
00C0
00C0
FF80
ENDCHAR
STARTCHAR 1D20
ENCODING 7456
SWIDTH 600 0
DWIDTH 10 0
BBX 8 9 1 0
BITMAP
81
C3
42
66
66
24
3C
38
18
ENDCHAR
STARTCHAR 1D21
ENCODING 7457
SWIDTH 600 0
DWIDTH 10 0
BBX 10 9 0 0
BITMAP
C0C0
40C0
4C80
4C80
5E80
5280
7380
7380
3300
ENDCHAR
STARTCHAR 1D22
ENCODING 7458
SWIDTH 600 0
DWIDTH 10 0
BBX 8 9 1 0
BITMAP
7E
02
04
0C
18
30
20
60
FF
ENDCHAR
STARTCHAR 1D23
ENCODING 7459
SWIDTH 600 0
DWIDTH 10 0
BBX 6 9 2 0
BITMAP
FC
0C
18
60
7C
04
04
8C
F8
ENDCHAR
STARTCHAR 1D24
ENCODING 7460
SWIDTH 600 0
DWIDTH 10 0
BBX 6 13 2 0
BITMAP
78
8C
04
04
0C
18
30
70
C0
80
80
C4
7C
ENDCHAR
STARTCHAR 1D25
ENCODING 7461
SWIDTH 600 0
DWIDTH 10 0
BBX 8 9 1 0
BITMAP
3C
7E
7E
7E
3C
3C
18
3C
E7
ENDCHAR
STARTCHAR 1D26
ENCODING 7462
SWIDTH 600 0
DWIDTH 10 0
BBX 7 9 2 0
BITMAP
FE
C0
C0
C0
C0
C0
C0
C0
C0
ENDCHAR
STARTCHAR 1D27
ENCODING 7463
SWIDTH 600 0
DWIDTH 10 0
BBX 8 9 1 0
BITMAP
18
1C
3C
24
66
62
42
C3
81
ENDCHAR
STARTCHAR 1D28
ENCODING 7464
SWIDTH 600 0
DWIDTH 10 0
BBX 8 9 1 0
BITMAP
FF
C3
C3
C3
C3
C3
C3
C3
C3
ENDCHAR
STARTCHAR 1D29
ENCODING 7465
SWIDTH 600 0
DWIDTH 10 0
BBX 7 9 2 0
BITMAP
F8
CC
C6
C4
FC
C0
C0
C0
C0
ENDCHAR
STARTCHAR 1D2A
ENCODING 7466
SWIDTH 600 0
DWIDTH 10 0
BBX 8 9 1 0
BITMAP
99
99
99
99
DB
7E
18
18
18
ENDCHAR
STARTCHAR 1D2B
ENCODING 7467
SWIDTH 600 0
DWIDTH 10 0
BBX 8 9 1 0
BITMAP
3F
23
23
23
23
23
63
63
C3
ENDCHAR
STARTCHAR 1D2C
ENCODING 7468
SWIDTH 600 0
DWIDTH 10 0
BBX 6 7 2 5
BITMAP
30
30
30
48
78
48
84
ENDCHAR
STARTCHAR 1D2D
ENCODING 7469
SWIDTH 600 0
DWIDTH 10 0
BBX 6 7 2 5
BITMAP
3C
50
50
5C
70
50
9C
ENDCHAR
STARTCHAR 1D2E
ENCODING 7470
SWIDTH 600 0
DWIDTH 10 0
BBX 4 7 3 5
BITMAP
F0
90
90
E0
90
90
F0
ENDCHAR
STARTCHAR 1D2F
ENCODING 7471
SWIDTH 600 0
DWIDTH 10 0
BBX 6 7 2 5
BITMAP
78
48
48
FC
44
44
78
ENDCHAR
STARTCHAR 1D30
ENCODING 7472
SWIDTH 600 0
DWIDTH 10 0
BBX 6 7 2 5
BITMAP
F0
88
84
84
84
88
F0
ENDCHAR
STARTCHAR 1D31
ENCODING 7473
SWIDTH 600 0
DWIDTH 10 0
BBX 4 7 3 5
BITMAP
F0
80
80
F0
80
80
F0
ENDCHAR
STARTCHAR 1D32
ENCODING 7474
SWIDTH 600 0
DWIDTH 10 0
BBX 4 7 3 5
BITMAP
F0
10
10
F0
10
10
F0
ENDCHAR
STARTCHAR 1D33
ENCODING 7475
SWIDTH 600 0
DWIDTH 10 0
BBX 6 7 2 5
BITMAP
3C
40
80
9C
84
44
3C
ENDCHAR
STARTCHAR 1D34
ENCODING 7476
SWIDTH 600 0
DWIDTH 10 0
BBX 5 7 3 5
BITMAP
88
88
88
F8
88
88
88
ENDCHAR
STARTCHAR 1D35
ENCODING 7477
SWIDTH 600 0
DWIDTH 10 0
BBX 4 7 3 5
BITMAP
F0
40
40
40
40
40
F0
ENDCHAR
STARTCHAR 1D36
ENCODING 7478
SWIDTH 600 0
DWIDTH 10 0
BBX 4 7 3 5
BITMAP
10
10
10
10
10
10
E0
ENDCHAR
STARTCHAR 1D37
ENCODING 7479
SWIDTH 600 0
DWIDTH 10 0
BBX 6 7 2 5
BITMAP
8C
90
A0
A0
D0
98
8C
ENDCHAR
STARTCHAR 1D38
ENCODING 7480
SWIDTH 600 0
DWIDTH 10 0
BBX 4 7 3 5
BITMAP
80
80
80
80
80
80
F0
ENDCHAR
STARTCHAR 1D39
ENCODING 7481
SWIDTH 600 0
DWIDTH 10 0
BBX 6 7 2 5
BITMAP
CC
CC
B4
B4
B4
84
84
ENDCHAR
STARTCHAR 1D3A
ENCODING 7482
SWIDTH 600 0
DWIDTH 10 0
BBX 5 7 3 5
BITMAP
88
C8
C8
A8
A8
98
98
ENDCHAR
STARTCHAR 1D3B
ENCODING 7483
SWIDTH 600 0
DWIDTH 10 0
BBX 5 7 2 5
BITMAP
88
98
98
A8
A8
C8
C8
ENDCHAR
STARTCHAR 1D3C
ENCODING 7484
SWIDTH 600 0
DWIDTH 10 0
BBX 6 7 2 5
BITMAP
78
48
84
84
84
48
78
ENDCHAR
STARTCHAR 1D3D
ENCODING 7485
SWIDTH 600 0
DWIDTH 10 0
BBX 6 7 2 5
BITMAP
48
48
30
C8
84
84
78
ENDCHAR
STARTCHAR 1D3E
ENCODING 7486
SWIDTH 600 0
DWIDTH 10 0
BBX 4 7 3 5
BITMAP
F0
90
90
E0
80
80
80
ENDCHAR
STARTCHAR 1D3F
ENCODING 7487
SWIDTH 600 0
DWIDTH 10 0
BBX 6 7 2 5
BITMAP
F0
88
88
F0
90
88
8C
ENDCHAR
STARTCHAR 1D40
ENCODING 7488
SWIDTH 600 0
DWIDTH 10 0
BBX 6 7 2 5
BITMAP
FC
20
20
20
20
20
20
ENDCHAR
STARTCHAR 1D41
ENCODING 7489
SWIDTH 600 0
DWIDTH 10 0
BBX 5 7 3 5
BITMAP
88
88
88
88
90
90
F0
ENDCHAR
STARTCHAR 1D42
ENCODING 7490
SWIDTH 600 0
DWIDTH 10 0
BBX 6 7 2 5
BITMAP
84
84
B4
B4
B4
48
48
ENDCHAR
STARTCHAR 1D43
ENCODING 7491
SWIDTH 600 0
DWIDTH 10 0
BBX 4 5 3 5
BITMAP
F0
10
F0
90
F0
ENDCHAR
STARTCHAR 1D44
ENCODING 7492
SWIDTH 600 0
DWIDTH 10 0
BBX 4 5 3 5
BITMAP
F0
90
F0
80
F0
ENDCHAR
STARTCHAR 1D45
ENCODING 7493
SWIDTH 600 0
DWIDTH 10 0
BBX 6 5 2 5
BITMAP
74
4C
84
4C
74
ENDCHAR
STARTCHAR 1D46
ENCODING 7494
SWIDTH 600 0
DWIDTH 10 0
BBX 6 5 2 5
BITMAP
FC
14
FC
A0
FC
ENDCHAR
STARTCHAR 1D47
ENCODING 7495
SWIDTH 600 0
DWIDTH 10 0
BBX 6 7 2 5
BITMAP
80
80
B8
C8
8C
C8
B8
ENDCHAR
STARTCHAR 1D48
ENCODING 7496
SWIDTH 600 0
DWIDTH 10 0
BBX 6 7 2 5
BITMAP
04
04
74
4C
84
4C
74
ENDCHAR
STARTCHAR 1D49
ENCODING 7497
SWIDTH 600 0
DWIDTH 10 0
BBX 6 5 2 5
BITMAP
78
48
FC
40
78
ENDCHAR
STARTCHAR 1D4A
ENCODING 7498
SWIDTH 600 0
DWIDTH 10 0
BBX 6 5 2 5
BITMAP
78
08
FC
48
78
ENDCHAR
STARTCHAR 1D4B
ENCODING 7499
SWIDTH 600 0
DWIDTH 10 0
BBX 4 5 3 5
BITMAP
F0
80
60
80
F0
ENDCHAR
STARTCHAR 1D4C
ENCODING 7500
SWIDTH 600 0
DWIDTH 10 0
BBX 4 5 3 5
BITMAP
F0
10
60
10
F0
ENDCHAR
STARTCHAR 1D4D
ENCODING 7501
SWIDTH 600 0
DWIDTH 10 0
BBX 6 8 2 2
BITMAP
74
4C
84
4C
74
04
08
78
ENDCHAR
STARTCHAR 1D4E
ENCODING 7502
SWIDTH 600 0
DWIDTH 10 0
BBX 5 8 2 2
BITMAP
F8
20
20
20
38
00
00
30
ENDCHAR
STARTCHAR 1D4F
ENCODING 7503
SWIDTH 600 0
DWIDTH 10 0
BBX 6 7 2 5
BITMAP
80
80
88
90
A0
D0
8C
ENDCHAR
STARTCHAR 1D50
ENCODING 7504
SWIDTH 600 0
DWIDTH 10 0
BBX 6 5 2 5
BITMAP
F8
94
94
94
94
ENDCHAR
STARTCHAR 1D51
ENCODING 7505
SWIDTH 600 0
DWIDTH 10 0
BBX 4 8 3 2
BITMAP
F0
90
90
90
90
10
10
30
ENDCHAR
STARTCHAR 1D52
ENCODING 7506
SWIDTH 600 0
DWIDTH 10 0
BBX 6 5 2 5
BITMAP
78
C8
84
C8
78
ENDCHAR
STARTCHAR 1D53
ENCODING 7507
SWIDTH 600 0
DWIDTH 10 0
BBX 4 5 3 5
BITMAP
E0
10
10
10
E0
ENDCHAR
STARTCHAR 1D54
ENCODING 7508
SWIDTH 600 0
DWIDTH 10 0
BBX 6 3 2 7
BITMAP
78
84
84
ENDCHAR
STARTCHAR 1D55
ENCODING 7509
SWIDTH 600 0
DWIDTH 10 0
BBX 6 3 2 5
BITMAP
84
84
78
ENDCHAR
STARTCHAR 1D56
ENCODING 7510
SWIDTH 600 0
DWIDTH 10 0
BBX 6 8 2 2
BITMAP
B8
C8
8C
C8
B8
80
80
80
ENDCHAR
STARTCHAR 1D57
ENCODING 7511
SWIDTH 600 0
DWIDTH 10 0
BBX 5 7 2 5
BITMAP
20
20
F8
20
20
20
38
ENDCHAR
STARTCHAR 1D58
ENCODING 7512
SWIDTH 600 0
DWIDTH 10 0
BBX 4 5 3 5
BITMAP
90
90
90
90
F0
ENDCHAR
STARTCHAR 1D59
ENCODING 7513
SWIDTH 600 0
DWIDTH 10 0
BBX 6 5 2 5
BITMAP
FC
04
04
04
F8
ENDCHAR
STARTCHAR 1D5A
ENCODING 7514
SWIDTH 600 0
DWIDTH 10 0
BBX 6 5 2 5
BITMAP
A4
A4
A4
A4
7C
ENDCHAR
STARTCHAR 1D5B
ENCODING 7515
SWIDTH 600 0
DWIDTH 10 0
BBX 6 5 2 5
BITMAP
84
48
48
30
30
ENDCHAR
STARTCHAR 1D5C
ENCODING 7516
SWIDTH 600 0
DWIDTH 10 0
BBX 6 5 2 5
BITMAP
30
78
78
30
CC
ENDCHAR
STARTCHAR 1D5D
ENCODING 7517
SWIDTH 600 0
DWIDTH 10 0
BBX 6 10 2 2
BITMAP
78
88
88
B0
88
84
F8
80
80
80
ENDCHAR
STARTCHAR 1D5E
ENCODING 7518
SWIDTH 600 0
DWIDTH 10 0
BBX 6 8 2 2
BITMAP
84
48
48
30
30
10
20
20
ENDCHAR
STARTCHAR 1D5F
ENCODING 7519
SWIDTH 600 0
DWIDTH 10 0
BBX 6 7 2 5
BITMAP
38
40
30
48
84
84
78
ENDCHAR
STARTCHAR 1D60
ENCODING 7520
SWIDTH 600 0
DWIDTH 10 0
BBX 6 8 2 2
BITMAP
58
A4
A4
A4
68
30
20
20
ENDCHAR
STARTCHAR 1D61
ENCODING 7521
SWIDTH 600 0
DWIDTH 10 0
BBX 6 8 2 2
BITMAP
4C
28
30
30
30
30
50
8C
ENDCHAR
STARTCHAR 1D62
ENCODING 7522
SWIDTH 600 0
DWIDTH 10 0
BBX 5 8 2 -2
BITMAP
30
00
70
10
10
10
10
F8
ENDCHAR
STARTCHAR 1D63
ENCODING 7523
SWIDTH 600 0
DWIDTH 10 0
BBX 6 6 2 -2
BITMAP
FC
20
20
20
20
F8
ENDCHAR
STARTCHAR 1D64
ENCODING 7524
SWIDTH 600 0
DWIDTH 10 0
BBX 4 6 3 -2
BITMAP
90
90
90
90
90
F0
ENDCHAR
STARTCHAR 1D65
ENCODING 7525
SWIDTH 600 0
DWIDTH 10 0
BBX 6 6 2 -2
BITMAP
84
48
48
48
30
30
ENDCHAR
STARTCHAR 1D66
ENCODING 7526
SWIDTH 600 0
DWIDTH 10 0
BBX 6 10 2 -4
BITMAP
78
88
88
B0
88
84
88
F8
80
80
ENDCHAR
STARTCHAR 1D67
ENCODING 7527
SWIDTH 600 0
DWIDTH 10 0
BBX 6 8 2 -4
BITMAP
84
48
48
30
30
10
20
20
ENDCHAR
STARTCHAR 1D68
ENCODING 7528
SWIDTH 600 0
DWIDTH 10 0
BBX 6 8 2 -4
BITMAP
78
48
88
8C
88
F8
80
80
ENDCHAR
STARTCHAR 1D69
ENCODING 7529
SWIDTH 600 0
DWIDTH 10 0
BBX 6 8 2 -4
BITMAP
58
A4
A4
A4
68
30
20
20
ENDCHAR
STARTCHAR 1D6A
ENCODING 7530
SWIDTH 600 0
DWIDTH 10 0
BBX 6 8 2 -4
BITMAP
4C
28
30
30
30
30
50
8C
ENDCHAR
STARTCHAR 1D6B
ENCODING 7531
SWIDTH 600 0
DWIDTH 10 0
BBX 8 9 1 0
BITMAP
9E
99
99
99
9F
98
98
D9
77
ENDCHAR
STARTCHAR 1D6C
ENCODING 7532
SWIDTH 600 0
DWIDTH 10 0
BBX 10 13 -1 0
BITMAP
3000
7400
B800
3000
3700
3980
30C0
30C0
3040
30C0
30C0
3980
3700
ENDCHAR
STARTCHAR 1D6D
ENCODING 7533
SWIDTH 600 0
DWIDTH 10 0
BBX 10 13 1 0
BITMAP
0300
0740
0B80
0300
3B00
6700
C300
C300
8300
C300
C300
6700
3B00
ENDCHAR
STARTCHAR 1D6E
ENCODING 7534
SWIDTH 600 0
DWIDTH 10 0
BBX 9 13 1 0
BITMAP
0F80
1880
1800
1800
FF00
1800
1800
3A00
5C00
1800
1800
1800
1800
ENDCHAR
STARTCHAR 1D6F
ENCODING 7535
SWIDTH 600 0
DWIDTH 10 0
BBX 10 9 0 0
BITMAP
5B80
6C80
4C80
4C80
FCC0
CFC0
4C80
4C80
4C80
ENDCHAR
STARTCHAR 1D70
ENCODING 7536
SWIDTH 600 0
DWIDTH 10 0
BBX 10 9 0 0
BITMAP
6F00
7100
6180
6180
FFC0
E380
6180
6180
6180
ENDCHAR
STARTCHAR 1D71
ENCODING 7537
SWIDTH 600 0
DWIDTH 10 0
BBX 10 13 -1 -4
BITMAP
3700
3980
30C0
30C0
3040
30C0
30C0
3980
3700
3000
7400
B800
3000
ENDCHAR
STARTCHAR 1D72
ENCODING 7538
SWIDTH 600 0
DWIDTH 10 0
BBX 9 9 1 0
BITMAP
7780
1480
1800
1800
7200
5C00
1000
1000
FE00
ENDCHAR
STARTCHAR 1D73
ENCODING 7539
SWIDTH 600 0
DWIDTH 10 0
BBX 7 9 2 0
BITMAP
1E
32
20
20
E4
B8
20
20
20
ENDCHAR
STARTCHAR 1D74
ENCODING 7540
SWIDTH 600 0
DWIDTH 10 0
BBX 8 9 1 0
BITMAP
3E
62
40
71
FE
86
02
46
7C
ENDCHAR
STARTCHAR 1D75
ENCODING 7541
SWIDTH 600 0
DWIDTH 10 0
BBX 8 12 1 0
BITMAP
10
10
10
FF
10
10
74
9C
10
10
18
0F
ENDCHAR
STARTCHAR 1D76
ENCODING 7542
SWIDTH 600 0
DWIDTH 10 0
BBX 8 9 1 0
BITMAP
7E
02
04
08
FF
10
20
40
FF
ENDCHAR
STARTCHAR 1D77
ENCODING 7543
SWIDTH 600 0
DWIDTH 10 0
BBX 8 13 1 0
BITMAP
3E
63
C0
C0
FC
E6
C3
C3
C1
C3
C3
E6
DC
ENDCHAR
STARTCHAR 1D78
ENCODING 7544
SWIDTH 600 0
DWIDTH 10 0
BBX 4 5 3 5
BITMAP
90
90
F0
90
90
ENDCHAR
STARTCHAR 1D79
ENCODING 7545
SWIDTH 600 0
DWIDTH 10 0
BBX 8 13 1 -4
BITMAP
FF
06
18
30
18
7E
E7
C3
81
81
C3
66
3C
ENDCHAR
STARTCHAR 1D7A
ENCODING 7546
SWIDTH 1200 0
DWIDTH 20 0
BBX 18 14 1 -1
BITMAP
003200
003400
103800
303800
FE3780
307980
30F0C0
30B0C0
3130C0
3230C0
3430C0
1830C0
1F30C0
300000
ENDCHAR
STARTCHAR 1D7B
ENCODING 7547
SWIDTH 600 0
DWIDTH 10 0
BBX 6 9 2 0
BITMAP
FC
30
30
30
FC
30
30
30
FC
ENDCHAR
STARTCHAR 1D7C
ENCODING 7548
SWIDTH 600 0
DWIDTH 10 0
BBX 6 9 2 0
BITMAP
30
30
30
FC
30
30
30
30
1C
ENDCHAR
STARTCHAR 1D7D
ENCODING 7549
SWIDTH 600 0
DWIDTH 10 0
BBX 10 13 0 -4
BITMAP
6E00
7300
6180
6180
FFC0
6080
6180
7300
6E00
6000
6000
6000
6000
ENDCHAR
STARTCHAR 1D7E
ENCODING 7550
SWIDTH 600 0
DWIDTH 10 0
BBX 10 9 0 0
BITMAP
6180
6180
6180
FFC0
6180
6180
6180
3300
1E00
ENDCHAR
STARTCHAR 1D7F
ENCODING 7551
SWIDTH 600 0
DWIDTH 10 0
BBX 10 9 0 0
BITMAP
7380
3200
6100
4080
FFC0
4080
4180
3300
1E00
ENDCHAR
STARTCHAR 1D80
ENCODING 7552
SWIDTH 600 0
DWIDTH 10 0
BBX 8 16 1 -3
BITMAP
C0
C0
C0
C0
DC
E6
C3
C3
C1
C3
C3
E6
DE
02
02
0E
ENDCHAR
STARTCHAR 1D81
ENCODING 7553
SWIDTH 600 0
DWIDTH 10 0
BBX 9 16 1 -3
BITMAP
0300
0300
0300
0300
3B00
6700
C300
C300
8300
C300
C300
6700
3F80
0180
0180
0300
ENDCHAR
STARTCHAR 1D82
ENCODING 7554
SWIDTH 600 0
DWIDTH 10 0
BBX 9 16 1 -3
BITMAP
0F80
1880
1800
1800
FF00
1800
1800
1800
1800
1800
1800
1800
1800
0800
0800
3800
ENDCHAR
STARTCHAR 1D83
ENCODING 7555
SWIDTH 600 0
DWIDTH 10 0
BBX 10 13 1 -4
BITMAP
3A00
6600
C600
C200
8200
C200
C600
6600
3BC0
02C0
06C0
8580
7C00
ENDCHAR
STARTCHAR 1D84
ENCODING 7556
SWIDTH 600 0
DWIDTH 10 0
BBX 8 16 2 -3
BITMAP
80
80
80
80
86
8C
98
B0
B0
D8
8C
84
87
01
01
07
ENDCHAR
STARTCHAR 1D85
ENCODING 7557
SWIDTH 600 0
DWIDTH 10 0
BBX 8 16 1 -3
BITMAP
F8
08
08
08
08
08
08
08
08
08
08
08
FF
02
02
0E
ENDCHAR
STARTCHAR 1D86
ENCODING 7558
SWIDTH 600 0
DWIDTH 10 0
BBX 9 12 1 -3
BITMAP
B700
D900
9900
9900
9900
9900
9900
9900
9980
0080
0080
0380
ENDCHAR
STARTCHAR 1D87
ENCODING 7559
SWIDTH 600 0
DWIDTH 10 0
BBX 9 12 1 -3
BITMAP
DE00
E200
C300
C300
C300
C300
C300
C300
C380
0080
0080
0380
ENDCHAR
STARTCHAR 1D88
ENCODING 7560
SWIDTH 600 0
DWIDTH 10 0
BBX 8 13 1 -4
BITMAP
DC
E6
C3
C3
C1
C3
C3
E6
DE
C2
C6
CC
C0
ENDCHAR
STARTCHAR 1D89
ENCODING 7561
SWIDTH 600 0
DWIDTH 10 0
BBX 9 12 1 -3
BITMAP
F780
1C80
1800
1000
1000
1000
1000
1000
FE00
0200
0200
0C00
ENDCHAR
STARTCHAR 1D8A
ENCODING 7562
SWIDTH 600 0
DWIDTH 10 0
BBX 6 12 2 -3
BITMAP
7C
C4
80
E0
38
0C
04
8C
F8
08
08
38
ENDCHAR
STARTCHAR 1D8B
ENCODING 7563
SWIDTH 600 0
DWIDTH 10 0
BBX 8 17 1 -4
BITMAP
07
09
18
18
18
18
18
18
18
18
18
18
1F
19
19
97
E0
ENDCHAR
STARTCHAR 1D8C
ENCODING 7564
SWIDTH 600 0
DWIDTH 10 0
BBX 8 12 1 -3
BITMAP
81
C3
42
66
66
24
3C
38
1F
03
03
06
ENDCHAR
STARTCHAR 1D8D
ENCODING 7565
SWIDTH 600 0
DWIDTH 10 0
BBX 9 12 1 -3
BITMAP
C300
6600
2400
3C00
1800
3C00
2400
6600
C380
0080
0080
0380
ENDCHAR
STARTCHAR 1D8E
ENCODING 7566
SWIDTH 600 0
DWIDTH 10 0
BBX 8 12 1 -3
BITMAP
7E
02
04
0C
18
30
20
60
FF
03
02
06
ENDCHAR
STARTCHAR 1D8F
ENCODING 7567
SWIDTH 600 0
DWIDTH 10 0
BBX 10 12 1 -3
BITMAP
7C00
4600
0200
3F00
6300
C300
C300
C700
7B00
0100
0100
01C0
ENDCHAR
STARTCHAR 1D90
ENCODING 7568
SWIDTH 600 0
DWIDTH 10 0
BBX 10 12 1 -3
BITMAP
3B00
6700
C300
C300
8300
C300
C300
6700
3980
0180
0080
00C0
ENDCHAR
STARTCHAR 1D91
ENCODING 7569
SWIDTH 600 0
DWIDTH 10 0
BBX 9 16 1 -3
BITMAP
0180
0300
0300
0300
3B00
6700
C300
C300
8300
C300
C300
6700
3B00
0300
0300
0180
ENDCHAR
STARTCHAR 1D92
ENCODING 7570
SWIDTH 600 0
DWIDTH 10 0
BBX 9 12 1 -3
BITMAP
3C00
6600
C300
C300
FF00
C000
C000
6100
3F00
0300
0300
0180
ENDCHAR
STARTCHAR 1D93
ENCODING 7571
SWIDTH 600 0
DWIDTH 10 0
BBX 8 12 2 -3
BITMAP
7C
C4
80
C0
38
C0
80
C4
7C
04
06
07
ENDCHAR
STARTCHAR 1D94
ENCODING 7572
SWIDTH 600 0
DWIDTH 10 0
BBX 7 12 1 -3
BITMAP
7C
46
02
06
38
06
02
86
FC
C0
C0
60
ENDCHAR
STARTCHAR 1D95
ENCODING 7573
SWIDTH 600 0
DWIDTH 10 0
BBX 10 12 1 -3
BITMAP
7800
8C00
0600
0200
FF00
8300
8700
4D00
3900
0100
0100
01C0
ENDCHAR
STARTCHAR 1D96
ENCODING 7574
SWIDTH 600 0
DWIDTH 10 0
BBX 9 16 1 -3
BITMAP
1800
1800
0000
0000
7800
0800
0800
0800
0800
0800
0800
0800
FF00
0200
0200
0380
ENDCHAR
STARTCHAR 1D97
ENCODING 7575
SWIDTH 600 0
DWIDTH 10 0
BBX 7 12 2 -3
BITMAP
F8
8C
04
06
06
06
04
8C
F8
80
80
E0
ENDCHAR
STARTCHAR 1D98
ENCODING 7576
SWIDTH 600 0
DWIDTH 10 0
BBX 8 16 1 -3
BITMAP
07
09
18
18
18
18
18
18
18
18
18
10
E0
C0
C0
60
ENDCHAR
STARTCHAR 1D99
ENCODING 7577
SWIDTH 600 0
DWIDTH 10 0
BBX 10 12 1 -3
BITMAP
C300
C300
C300
C300
C300
C300
C300
4700
7B80
0180
0180
00C0
ENDCHAR
STARTCHAR 1D9A
ENCODING 7578
SWIDTH 600 0
DWIDTH 10 0
BBX 6 12 2 -3
BITMAP
FC
0C
18
30
7C
0C
04
8C
F8
80
80
E0
ENDCHAR
STARTCHAR 1D9B
ENCODING 7579
SWIDTH 600 0
DWIDTH 10 0
BBX 6 5 2 5
BITMAP
B8
C8
84
C8
B8
ENDCHAR
STARTCHAR 1D9C
ENCODING 7580
SWIDTH 600 0
DWIDTH 10 0
BBX 4 5 3 5
BITMAP
70
80
80
80
70
ENDCHAR
STARTCHAR 1D9D
ENCODING 7581
SWIDTH 600 0
DWIDTH 10 0
BBX 4 5 3 5
BITMAP
70
80
F0
90
F0
ENDCHAR
STARTCHAR 1D9E
ENCODING 7582
SWIDTH 600 0
DWIDTH 10 0
BBX 6 8 2 5
BITMAP
28
30
48
78
4C
84
C8
78
ENDCHAR
STARTCHAR 1D9F
ENCODING 7583
SWIDTH 600 0
DWIDTH 10 0
BBX 4 5 3 5
BITMAP
F0
10
60
10
F0
ENDCHAR
STARTCHAR 1DA0
ENCODING 7584
SWIDTH 600 0
DWIDTH 10 0
BBX 6 7 2 5
BITMAP
1C
20
F8
20
20
20
20
ENDCHAR
STARTCHAR 1DA1
ENCODING 7585
SWIDTH 600 0
DWIDTH 10 0
BBX 5 8 2 2
BITMAP
70
10
38
10
10
10
10
E0
ENDCHAR
STARTCHAR 1DA2
ENCODING 7586
SWIDTH 600 0
DWIDTH 10 0
BBX 6 8 2 2
BITMAP
74
4C
84
4C
74
04
08
78
ENDCHAR
STARTCHAR 1DA3
ENCODING 7587
SWIDTH 600 0
DWIDTH 10 0
BBX 4 8 3 2
BITMAP
90
90
90
90
F0
10
10
10
ENDCHAR
STARTCHAR 1DA4
ENCODING 7588
SWIDTH 600 0
DWIDTH 10 0
BBX 5 7 2 5
BITMAP
30
00
70
10
78
10
F8
ENDCHAR
STARTCHAR 1DA5
ENCODING 7589
SWIDTH 600 0
DWIDTH 10 0
BBX 2 5 4 5
BITMAP
80
80
80
80
C0
ENDCHAR
STARTCHAR 1DA6
ENCODING 7590
SWIDTH 600 0
DWIDTH 10 0
BBX 4 5 3 5
BITMAP
F0
40
40
40
F0
ENDCHAR
STARTCHAR 1DA7
ENCODING 7591
SWIDTH 600 0
DWIDTH 10 0
BBX 4 5 3 5
BITMAP
F0
40
F0
40
F0
ENDCHAR
STARTCHAR 1DA8
ENCODING 7592
SWIDTH 600 0
DWIDTH 10 0
BBX 4 10 3 2
BITMAP
20
00
E0
20
20
20
20
20
F0
E0
ENDCHAR
STARTCHAR 1DA9
ENCODING 7593
SWIDTH 600 0
DWIDTH 10 0
BBX 4 10 3 2
BITMAP
E0
20
20
20
20
20
20
20
20
30
ENDCHAR
STARTCHAR 1DAA
ENCODING 7594
SWIDTH 600 0
DWIDTH 10 0
BBX 5 9 2 3
BITMAP
70
10
10
10
10
10
F8
08
18
ENDCHAR
STARTCHAR 1DAB
ENCODING 7595
SWIDTH 600 0
DWIDTH 10 0
BBX 4 5 3 5
BITMAP
80
80
80
80
F0
ENDCHAR
STARTCHAR 1DAC
ENCODING 7596
SWIDTH 600 0
DWIDTH 10 0
BBX 6 8 2 2
BITMAP
F8
94
94
94
94
04
04
0C
ENDCHAR
STARTCHAR 1DAD
ENCODING 7597
SWIDTH 600 0
DWIDTH 10 0
BBX 6 8 2 2
BITMAP
A4
A4
A4
A4
7C
04
04
04
ENDCHAR
STARTCHAR 1DAE
ENCODING 7598
SWIDTH 600 0
DWIDTH 10 0
BBX 6 8 2 2
BITMAP
7C
44
44
44
44
40
40
C0
ENDCHAR
STARTCHAR 1DAF
ENCODING 7599
SWIDTH 600 0
DWIDTH 10 0
BBX 6 8 2 2
BITMAP
F0
88
88
88
88
08
08
0C
ENDCHAR
STARTCHAR 1DB0
ENCODING 7600
SWIDTH 600 0
DWIDTH 10 0
BBX 5 5 2 5
BITMAP
C8
A8
A8
98
88
ENDCHAR
STARTCHAR 1DB1
ENCODING 7601
SWIDTH 600 0
DWIDTH 10 0
BBX 6 5 2 5
BITMAP
78
C8
FC
88
78
ENDCHAR
STARTCHAR 1DB2
ENCODING 7602
SWIDTH 600 0
DWIDTH 10 0
BBX 6 10 2 2
BITMAP
20
20
70
68
A4
A4
68
30
20
20
ENDCHAR
STARTCHAR 1DB3
ENCODING 7603
SWIDTH 600 0
DWIDTH 10 0
BBX 4 7 3 3
BITMAP
F0
80
60
10
F0
80
C0
ENDCHAR
STARTCHAR 1DB4
ENCODING 7604
SWIDTH 600 0
DWIDTH 10 0
BBX 4 10 3 2
BITMAP
30
20
40
40
40
40
40
40
40
C0
ENDCHAR
STARTCHAR 1DB5
ENCODING 7605
SWIDTH 600 0
DWIDTH 10 0
BBX 5 10 2 2
BITMAP
20
20
F8
20
20
20
38
08
08
08
ENDCHAR
STARTCHAR 1DB6
ENCODING 7606
SWIDTH 600 0
DWIDTH 10 0
BBX 6 5 2 5
BITMAP
48
48
FC
48
78
ENDCHAR
STARTCHAR 1DB7
ENCODING 7607
SWIDTH 600 0
DWIDTH 10 0
BBX 6 5 2 5
BITMAP
DC
48
84
88
78
ENDCHAR
STARTCHAR 1DB8
ENCODING 7608
SWIDTH 600 0
DWIDTH 10 0
BBX 4 5 3 5
BITMAP
90
90
90
90
F0
ENDCHAR
STARTCHAR 1DB9
ENCODING 7609
SWIDTH 600 0
DWIDTH 10 0
BBX 4 5 3 5
BITMAP
B0
90
90
90
E0
ENDCHAR
STARTCHAR 1DBA
ENCODING 7610
SWIDTH 600 0
DWIDTH 10 0
BBX 6 5 2 5
BITMAP
30
30
48
48
84
ENDCHAR
STARTCHAR 1DBB
ENCODING 7611
SWIDTH 600 0
DWIDTH 10 0
BBX 4 5 3 5
BITMAP
F0
30
20
40
F0
ENDCHAR
STARTCHAR 1DBC
ENCODING 7612
SWIDTH 600 0
DWIDTH 10 0
BBX 6 8 2 2
BITMAP
F8
10
20
40
F8
08
08
0C
ENDCHAR
STARTCHAR 1DBD
ENCODING 7613
SWIDTH 600 0
DWIDTH 10 0
BBX 6 6 2 4
BITMAP
F8
10
20
58
FC
20
ENDCHAR
STARTCHAR 1DBE
ENCODING 7614
SWIDTH 600 0
DWIDTH 10 0
BBX 6 8 2 2
BITMAP
78
10
20
38
08
04
08
F8
ENDCHAR
STARTCHAR 1DBF
ENCODING 7615
SWIDTH 600 0
DWIDTH 10 0
BBX 6 7 2 5
BITMAP
78
48
84
FC
84
48
78
ENDCHAR
STARTCHAR 1DC0
ENCODING 7616
SWIDTH 0 0
DWIDTH 0 0
BBX 6 2 -3 11
BITMAP
2C
D0
ENDCHAR
STARTCHAR 1DC1
ENCODING 7617
SWIDTH 0 0
DWIDTH 0 0
BBX 6 2 -3 11
BITMAP
34
A0
ENDCHAR
STARTCHAR 1DC2
ENCODING 7618
SWIDTH 0 0
DWIDTH 0 0
BBX 2 3 -1 -4
BITMAP
C0
C0
40
ENDCHAR
STARTCHAR 1DC3
ENCODING 7619
SWIDTH 0 0
DWIDTH 0 0
BBX 6 2 -3 10
BITMAP
8C
F0
ENDCHAR
STARTCHAR 1DC4
ENCODING 7620
SWIDTH 0 0
DWIDTH 0 0
BBX 6 2 -3 10
BITMAP
0C
F0
ENDCHAR
STARTCHAR 1DC5
ENCODING 7621
SWIDTH 0 0
DWIDTH 0 0
BBX 6 2 -3 10
BITMAP
C0
3C
ENDCHAR
STARTCHAR 1DC6
ENCODING 7622
SWIDTH 0 0
DWIDTH 0 0
BBX 6 2 -3 10
BITMAP
F0
1C
ENDCHAR
STARTCHAR 1DC7
ENCODING 7623
SWIDTH 0 0
DWIDTH 0 0
BBX 6 2 -3 10
BITMAP
3C
E0
ENDCHAR
STARTCHAR 1DC8
ENCODING 7624
SWIDTH 0 0
DWIDTH 0 0
BBX 8 2 -4 10
BITMAP
CE
33
ENDCHAR
STARTCHAR 1DC9
ENCODING 7625
SWIDTH 0 0
DWIDTH 0 0
BBX 8 2 -4 10
BITMAP
73
CC
ENDCHAR
STARTCHAR 1DCA
ENCODING 7626
SWIDTH 0 0
DWIDTH 0 0
BBX 4 4 -2 -5
BITMAP
F0
40
40
E0
ENDCHAR
STARTCHAR 1DCB
ENCODING 7627
SWIDTH 0 0
DWIDTH 0 0
BBX 10 2 -5 10
BITMAP
CFC0
7800
ENDCHAR
STARTCHAR 1DCC
ENCODING 7628
SWIDTH 0 0
DWIDTH 0 0
BBX 10 2 -5 11
BITMAP
FCC0
0780
ENDCHAR
STARTCHAR 1DCD
ENCODING 7629
SWIDTH 0 0
DWIDTH 0 0
BBX 14 3 -7 10
BITMAP
0300
0FC0
F03C
ENDCHAR
STARTCHAR 1DCE
ENCODING 7630
SWIDTH 0 0
DWIDTH 0 0
BBX 2 4 -1 9
BITMAP
C0
40
40
80
ENDCHAR
STARTCHAR 1DCF
ENCODING 7631
SWIDTH 0 0
DWIDTH 0 0
BBX 4 3 -2 -4
BITMAP
40
F0
20
ENDCHAR
STARTCHAR 1DD0
ENCODING 7632
SWIDTH 0 0
DWIDTH 0 0
BBX 8 4 -4 -4
BITMAP
22
43
79
CF
ENDCHAR
STARTCHAR 1DD1
ENCODING 7633
SWIDTH 0 0
DWIDTH 0 0
BBX 6 4 -3 10
BITMAP
EC
A4
94
DC
ENDCHAR
STARTCHAR 1DD2
ENCODING 7634
SWIDTH 0 0
DWIDTH 0 0
BBX 4 6 -2 8
BITMAP
60
90
90
D0
20
20
ENDCHAR
STARTCHAR 1DD3
ENCODING 7635
SWIDTH 0 0
DWIDTH 0 0
BBX 10 2 -5 10
BITMAP
8C40
7F80
ENDCHAR
STARTCHAR 1DD4
ENCODING 7636
SWIDTH 0 0
DWIDTH 0 0
BBX 4 4 -2 10
BITMAP
F0
F0
A0
D0
ENDCHAR
STARTCHAR 1DD5
ENCODING 7637
SWIDTH 0 0
DWIDTH 0 0
BBX 4 4 -2 10
BITMAP
F0
50
B0
F0
ENDCHAR
STARTCHAR 1DD6
ENCODING 7638
SWIDTH 0 0
DWIDTH 0 0
BBX 4 4 -2 10
BITMAP
D0
70
A0
E0
ENDCHAR
STARTCHAR 1DD7
ENCODING 7639
SWIDTH 0 0
DWIDTH 0 0
BBX 3 6 -1 10
BITMAP
E0
80
80
E0
40
40
ENDCHAR
STARTCHAR 1DD8
ENCODING 7640
SWIDTH 0 0
DWIDTH 0 0
BBX 4 5 -2 10
BITMAP
40
60
90
90
60
ENDCHAR
STARTCHAR 1DD9
ENCODING 7641
SWIDTH 0 0
DWIDTH 0 0
BBX 4 6 -2 10
BITMAP
50
60
70
90
90
60
ENDCHAR
STARTCHAR 1DDA
ENCODING 7642
SWIDTH 0 0
DWIDTH 0 0
BBX 4 6 -2 10
BITMAP
70
90
90
70
10
60
ENDCHAR
STARTCHAR 1DDB
ENCODING 7643
SWIDTH 0 0
DWIDTH 0 0
BBX 4 4 -2 10
BITMAP
70
B0
90
70
ENDCHAR
STARTCHAR 1DDC
ENCODING 7644
SWIDTH 0 0
DWIDTH 0 0
BBX 3 5 -1 10
BITMAP
80
A0
C0
C0
A0
ENDCHAR
STARTCHAR 1DDD
ENCODING 7645
SWIDTH 0 0
DWIDTH 0 0
BBX 3 6 -1 10
BITMAP
C0
40
40
40
40
E0
ENDCHAR
STARTCHAR 1DDE
ENCODING 7646
SWIDTH 0 0
DWIDTH 0 0
BBX 3 4 -1 10
BITMAP
80
80
80
E0
ENDCHAR
STARTCHAR 1DDF
ENCODING 7647
SWIDTH 0 0
DWIDTH 0 0
BBX 4 4 -2 10
BITMAP
90
D0
B0
90
ENDCHAR
STARTCHAR 1DE0
ENCODING 7648
SWIDTH 0 0
DWIDTH 0 0
BBX 3 4 -1 10
BITMAP
C0
A0
A0
A0
ENDCHAR
STARTCHAR 1DE1
ENCODING 7649
SWIDTH 0 0
DWIDTH 0 0
BBX 4 4 -2 10
BITMAP
D0
D0
B0
90
ENDCHAR
STARTCHAR 1DE2
ENCODING 7650
SWIDTH 0 0
DWIDTH 0 0
BBX 3 4 -1 10
BITMAP
C0
A0
C0
A0
ENDCHAR
STARTCHAR 1DE3
ENCODING 7651
SWIDTH 0 0
DWIDTH 0 0
BBX 4 4 -2 10
BITMAP
E0
10
60
30
ENDCHAR
STARTCHAR 1DE4
ENCODING 7652
SWIDTH 0 0
DWIDTH 0 0
BBX 3 4 -1 10
BITMAP
E0
80
60
C0
ENDCHAR
STARTCHAR 1DE5
ENCODING 7653
SWIDTH 0 0
DWIDTH 0 0
BBX 2 5 0 11
BITMAP
C0
80
80
80
80
ENDCHAR
STARTCHAR 1DE6
ENCODING 7654
SWIDTH 0 0
DWIDTH 0 0
BBX 3 4 -1 10
BITMAP
E0
40
80
E0
ENDCHAR
STARTCHAR 1DE7
ENCODING 7655
SWIDTH 0 0
DWIDTH 0 0
BBX 4 4 -2 10
BITMAP
70
90
90
70
ENDCHAR
STARTCHAR 1DE8
ENCODING 7656
SWIDTH 0 0
DWIDTH 0 0
BBX 3 5 -1 10
BITMAP
80
C0
A0
A0
C0
ENDCHAR
STARTCHAR 1DE9
ENCODING 7657
SWIDTH 0 0
DWIDTH 0 0
BBX 3 7 -1 11
BITMAP
C0
A0
A0
C0
A0
E0
80
ENDCHAR
STARTCHAR 1DEA
ENCODING 7658
SWIDTH 0 0
DWIDTH 0 0
BBX 4 4 -2 10
BITMAP
60
10
F0
60
ENDCHAR
STARTCHAR 1DEB
ENCODING 7659
SWIDTH 0 0
DWIDTH 0 0
BBX 4 6 -2 10
BITMAP
30
20
F0
20
20
20
ENDCHAR
STARTCHAR 1DEC
ENCODING 7660
SWIDTH 0 0
DWIDTH 0 0
BBX 3 6 -1 10
BITMAP
C0
40
E0
E0
C0
E0
ENDCHAR
STARTCHAR 1DED
ENCODING 7661
SWIDTH 0 0
DWIDTH 0 0
BBX 4 5 -2 9
BITMAP
60
90
90
E0
80
ENDCHAR
STARTCHAR 1DEE
ENCODING 7662
SWIDTH 0 0
DWIDTH 0 0
BBX 3 5 -1 10
BITMAP
C0
A0
A0
C0
80
ENDCHAR
STARTCHAR 1DEF
ENCODING 7663
SWIDTH 0 0
DWIDTH 0 0
BBX 3 7 -1 10
BITMAP
60
40
40
40
40
40
80
ENDCHAR
STARTCHAR 1DF0
ENCODING 7664
SWIDTH 0 0
DWIDTH 0 0
BBX 4 5 -2 9
BITMAP
90
90
90
F0
80
ENDCHAR
STARTCHAR 1DF1
ENCODING 7665
SWIDTH 0 0
DWIDTH 0 0
BBX 4 4 -2 10
BITMAP
90
B0
F0
50
ENDCHAR
STARTCHAR 1DF2
ENCODING 7666
SWIDTH 0 0
DWIDTH 0 0
BBX 4 5 -2 10
BITMAP
50
60
70
90
70
ENDCHAR
STARTCHAR 1DF3
ENCODING 7667
SWIDTH 0 0
DWIDTH 0 0
BBX 4 5 -2 10
BITMAP
50
60
90
90
60
ENDCHAR
STARTCHAR 1DF4
ENCODING 7668
SWIDTH 0 0
DWIDTH 0 0
BBX 4 5 -2 10
BITMAP
50
90
90
90
70
ENDCHAR
STARTCHAR 1DF5
ENCODING 7669
SWIDTH 0 0
DWIDTH 0 0
BBX 4 3 -2 8
BITMAP
60
60
F0
ENDCHAR
STARTCHAR 1DF6
ENCODING 7670
SWIDTH 0 0
DWIDTH 0 0
BBX 6 2 -3 10
BITMAP
84
78
ENDCHAR
STARTCHAR 1DF7
ENCODING 7671
SWIDTH 0 0
DWIDTH 0 0
BBX 6 2 -3 10
BITMAP
84
78
ENDCHAR
STARTCHAR 1DF8
ENCODING 7672
SWIDTH 0 0
DWIDTH 0 0
BBX 2 1 -1 11
BITMAP
C0
ENDCHAR
STARTCHAR 1DF9
ENCODING 7673
SWIDTH 0 0
DWIDTH 0 0
BBX 10 3 -5 -3
BITMAP
C0C0
4080
3F00
ENDCHAR
STARTCHAR 1DFB
ENCODING 7675
SWIDTH 0 0
DWIDTH 0 0
BBX 10 4 -5 8
BITMAP
36C0
2580
4900
D200
ENDCHAR
STARTCHAR 1DFC
ENCODING 7676
SWIDTH 0 0
DWIDTH 0 0
BBX 12 3 -6 -4
BITMAP
3FC0
6060
C030
ENDCHAR
STARTCHAR 1DFD
ENCODING 7677
SWIDTH 0 0
DWIDTH 0 0
BBX 6 4 -3 -4
BITMAP
64
9C
00
FC
ENDCHAR
STARTCHAR 1DFE
ENCODING 7678
SWIDTH 0 0
DWIDTH 0 0
BBX 2 3 -1 10
BITMAP
40
80
40
ENDCHAR
STARTCHAR 1DFF
ENCODING 7679
SWIDTH 0 0
DWIDTH 0 0
BBX 6 3 -3 -4
BITMAP
94
74
88
ENDCHAR
STARTCHAR 1E00
ENCODING 7680
SWIDTH 600 0
DWIDTH 10 0
BBX 10 16 0 -4
BITMAP
0C00
0C00
1E00
1200
1200
3300
3300
3F00
6180
6180
4080
C0C0
0000
0C00
1200
1E00
ENDCHAR
STARTCHAR 1E01
ENCODING 7681
SWIDTH 600 0
DWIDTH 10 0
BBX 8 13 1 -4
BITMAP
7C
46
02
3F
63
C3
C3
C7
7B
00
18
24
3C
ENDCHAR
STARTCHAR 1E02
ENCODING 7682
SWIDTH 600 0
DWIDTH 10 0
BBX 7 15 2 0
BITMAP
30
30
00
F8
8C
86
86
84
F8
84
86
82
86
86
F8
ENDCHAR
STARTCHAR 1E03
ENCODING 7683
SWIDTH 600 0
DWIDTH 10 0
BBX 8 13 1 0
BITMAP
C0
DC
C8
C0
DC
E6
C3
C3
C1
C3
C3
E6
DC
ENDCHAR
STARTCHAR 1E04
ENCODING 7684
SWIDTH 600 0
DWIDTH 10 0
BBX 7 16 2 -4
BITMAP
F8
8C
86
86
84
F8
84
86
82
86
86
F8
00
00
30
30
ENDCHAR
STARTCHAR 1E05
ENCODING 7685
SWIDTH 600 0
DWIDTH 10 0
BBX 8 17 1 -4
BITMAP
C0
C0
C0
C0
DC
E6
C3
C3
C1
C3
C3
E6
DC
00
00
18
18
ENDCHAR
STARTCHAR 1E06
ENCODING 7686
SWIDTH 600 0
DWIDTH 10 0
BBX 7 15 2 -3
BITMAP
F8
8C
86
86
84
F8
84
86
82
86
86
F8
00
00
7C
ENDCHAR
STARTCHAR 1E07
ENCODING 7687
SWIDTH 600 0
DWIDTH 10 0
BBX 8 16 1 -3
BITMAP
C0
C0
C0
C0
DC
E6
C3
C3
C1
C3
C3
E6
DC
00
00
3E
ENDCHAR
STARTCHAR 1E08
ENCODING 7688
SWIDTH 600 0
DWIDTH 10 0
BBX 8 20 1 -4
BITMAP
03
06
0C
00
1F
31
60
C0
C0
C0
C0
C0
C0
40
71
1F
08
0C
04
1C
ENDCHAR
STARTCHAR 1E09
ENCODING 7689
SWIDTH 600 0
DWIDTH 10 0
BBX 7 17 1 -4
BITMAP
06
04
08
00
3E
62
40
C0
C0
C0
40
62
3E
08
1C
04
1C
ENDCHAR
STARTCHAR 1E0A
ENCODING 7690
SWIDTH 600 0
DWIDTH 10 0
BBX 8 15 1 0
BITMAP
18
18
00
F8
CE
C3
C3
C1
C1
C1
C1
C3
C2
CE
F8
ENDCHAR
STARTCHAR 1E0B
ENCODING 7691
SWIDTH 600 0
DWIDTH 10 0
BBX 8 13 1 0
BITMAP
03
1B
1B
03
3B
67
C3
C3
83
C3
C3
67
3B
ENDCHAR
STARTCHAR 1E0C
ENCODING 7692
SWIDTH 600 0
DWIDTH 10 0
BBX 8 16 1 -4
BITMAP
F8
CE
C3
C3
C1
C1
C1
C1
C3
C2
CE
F8
00
00
30
30
ENDCHAR
STARTCHAR 1E0D
ENCODING 7693
SWIDTH 600 0
DWIDTH 10 0
BBX 8 17 1 -4
BITMAP
03
03
03
03
3B
67
C3
C3
83
C3
C3
67
3B
00
00
18
18
ENDCHAR
STARTCHAR 1E0E
ENCODING 7694
SWIDTH 600 0
DWIDTH 10 0
BBX 8 15 1 -3
BITMAP
F8
CE
C3
C3
C1
C1
C1
C1
C3
C2
CE
F8
00
00
7C
ENDCHAR
STARTCHAR 1E0F
ENCODING 7695
SWIDTH 600 0
DWIDTH 10 0
BBX 8 16 1 -3
BITMAP
03
03
03
03
3B
67
C3
C3
83
C3
C3
67
3B
00
00
3E
ENDCHAR
STARTCHAR 1E10
ENCODING 7696
SWIDTH 600 0
DWIDTH 10 0
BBX 8 16 1 -4
BITMAP
F8
CE
C3
C3
C1
C1
C1
C1
C3
C2
CE
F8
10
38
08
38
ENDCHAR
STARTCHAR 1E11
ENCODING 7697
SWIDTH 600 0
DWIDTH 10 0
BBX 8 17 1 -4
BITMAP
03
03
03
03
3B
67
C3
C3
83
C3
C3
67
3B
10
08
0C
38
ENDCHAR
STARTCHAR 1E12
ENCODING 7698
SWIDTH 600 0
DWIDTH 10 0
BBX 8 16 1 -4
BITMAP
F8
CE
C3
C3
C1
C1
C1
C1
C3
C2
CE
F8
00
10
38
4C
ENDCHAR
STARTCHAR 1E13
ENCODING 7699
SWIDTH 600 0
DWIDTH 10 0
BBX 8 17 1 -4
BITMAP
03
03
03
03
3B
67
C3
C3
83
C3
C3
67
3B
00
18
3C
66
ENDCHAR
STARTCHAR 1E14
ENCODING 7700
SWIDTH 600 0
DWIDTH 10 0
BBX 7 19 2 0
BITMAP
60
20
10
00
00
7C
00
FE
80
80
80
80
FC
80
80
80
80
80
FE
ENDCHAR
STARTCHAR 1E15
ENCODING 7701
SWIDTH 600 0
DWIDTH 10 0
BBX 8 16 1 0
BITMAP
30
10
08
00
00
3E
00
3C
66
C3
C3
FF
C0
C0
61
3E
ENDCHAR
STARTCHAR 1E16
ENCODING 7702
SWIDTH 600 0
DWIDTH 10 0
BBX 7 19 2 0
BITMAP
0C
18
30
00
00
7C
00
FE
80
80
80
80
FC
80
80
80
80
80
FE
ENDCHAR
STARTCHAR 1E17
ENCODING 7703
SWIDTH 600 0
DWIDTH 10 0
BBX 8 16 1 0
BITMAP
06
0C
18
00
00
3E
00
3C
66
C3
C3
FF
C0
C0
61
3E
ENDCHAR
STARTCHAR 1E18
ENCODING 7704
SWIDTH 600 0
DWIDTH 10 0
BBX 7 16 2 -4
BITMAP
FE
80
80
80
80
FC
80
80
80
80
80
FE
00
30
38
CC
ENDCHAR
STARTCHAR 1E19
ENCODING 7705
SWIDTH 600 0
DWIDTH 10 0
BBX 8 13 1 -4
BITMAP
3C
66
C3
C3
FF
C0
C0
61
3E
00
18
1C
66
ENDCHAR
STARTCHAR 1E1A
ENCODING 7706
SWIDTH 600 0
DWIDTH 10 0
BBX 7 15 2 -3
BITMAP
FE
80
80
80
80
FC
80
80
80
80
80
FE
00
64
9C
ENDCHAR
STARTCHAR 1E1B
ENCODING 7707
SWIDTH 600 0
DWIDTH 10 0
BBX 8 12 1 -3
BITMAP
3C
66
C3
C3
FF
C0
C0
61
3E
00
32
4E
ENDCHAR
STARTCHAR 1E1C
ENCODING 7708
SWIDTH 600 0
DWIDTH 10 0
BBX 7 19 2 -4
BITMAP
C4
78
00
FE
80
80
80
80
FC
80
80
80
80
80
FE
20
30
18
70
ENDCHAR
STARTCHAR 1E1D
ENCODING 7709
SWIDTH 600 0
DWIDTH 10 0
BBX 8 16 1 -4
BITMAP
62
3C
00
3C
66
C3
C3
FF
C0
C0
61
3E
10
18
04
38
ENDCHAR
STARTCHAR 1E1E
ENCODING 7710
SWIDTH 600 0
DWIDTH 10 0
BBX 7 15 2 0
BITMAP
30
30
00
FE
80
80
80
80
80
FC
80
80
80
80
80
ENDCHAR
STARTCHAR 1E1F
ENCODING 7711
SWIDTH 600 0
DWIDTH 10 0
BBX 9 16 1 0
BITMAP
0600
0600
0000
0F80
1880
1800
1800
FF00
1800
1800
1800
1800
1800
1800
1800
1800
ENDCHAR
STARTCHAR 1E20
ENCODING 7712
SWIDTH 600 0
DWIDTH 10 0
BBX 8 14 1 0
BITMAP
3E
00
3F
62
C0
C0
80
80
8F
83
C3
C3
63
3F
ENDCHAR
STARTCHAR 1E21
ENCODING 7713
SWIDTH 600 0
DWIDTH 10 0
BBX 8 15 1 -4
BITMAP
3C
00
3B
67
C3
C3
83
C3
C3
67
3F
03
03
C6
7C
ENDCHAR
STARTCHAR 1E22
ENCODING 7714
SWIDTH 600 0
DWIDTH 10 0
BBX 8 15 1 0
BITMAP
18
18
00
C3
C3
C3
C3
C3
FF
C3
C3
C3
C3
C3
C3
ENDCHAR
STARTCHAR 1E23
ENCODING 7715
SWIDTH 600 0
DWIDTH 10 0
BBX 8 16 1 0
BITMAP
C0
C0
00
C0
C0
C0
C0
DE
E6
C3
C3
C3
C3
C3
C3
C3
ENDCHAR
STARTCHAR 1E24
ENCODING 7716
SWIDTH 600 0
DWIDTH 10 0
BBX 8 16 1 -4
BITMAP
C3
C3
C3
C3
C3
FF
C3
C3
C3
C3
C3
C3
00
00
18
18
ENDCHAR
STARTCHAR 1E25
ENCODING 7717
SWIDTH 600 0
DWIDTH 10 0
BBX 8 17 1 -4
BITMAP
C0
C0
C0
C0
DE
E6
C3
C3
C3
C3
C3
C3
C3
00
00
18
18
ENDCHAR
STARTCHAR 1E26
ENCODING 7718
SWIDTH 600 0
DWIDTH 10 0
BBX 8 15 1 0
BITMAP
66
66
00
C3
C3
C3
C3
C3
FF
C3
C3
C3
C3
C3
C3
ENDCHAR
STARTCHAR 1E27
ENCODING 7719
SWIDTH 600 0
DWIDTH 10 0
BBX 10 16 -1 0
BITMAP
CC00
CC00
0000
3000
3000
3000
3000
3780
3980
30C0
30C0
30C0
30C0
30C0
30C0
30C0
ENDCHAR
STARTCHAR 1E28
ENCODING 7720
SWIDTH 600 0
DWIDTH 10 0
BBX 9 16 0 -4
BITMAP
6180
6180
6180
6180
6180
7F80
6180
6180
6180
6180
6180
6180
4000
6000
3000
E000
ENDCHAR
STARTCHAR 1E29
ENCODING 7721
SWIDTH 600 0
DWIDTH 10 0
BBX 8 17 1 -4
BITMAP
C0
C0
C0
C0
DE
E6
C3
C3
C3
C3
C3
C3
C3
18
18
0C
38
ENDCHAR
STARTCHAR 1E2A
ENCODING 7722
SWIDTH 600 0
DWIDTH 10 0
BBX 8 15 1 -3
BITMAP
C3
C3
C3
C3
C3
FF
C3
C3
C3
C3
C3
C3
00
66
3C
ENDCHAR
STARTCHAR 1E2B
ENCODING 7723
SWIDTH 600 0
DWIDTH 10 0
BBX 8 16 1 -3
BITMAP
C0
C0
C0
C0
DE
E6
C3
C3
C3
C3
C3
C3
C3
00
66
3C
ENDCHAR
STARTCHAR 1E2C
ENCODING 7724
SWIDTH 600 0
DWIDTH 10 0
BBX 6 15 2 -3
BITMAP
FC
30
30
30
30
30
30
30
30
30
30
FC
00
64
9C
ENDCHAR
STARTCHAR 1E2D
ENCODING 7725
SWIDTH 600 0
DWIDTH 10 0
BBX 8 16 1 -3
BITMAP
18
18
00
00
78
08
08
08
08
08
08
08
FF
00
32
4E
ENDCHAR
STARTCHAR 1E2E
ENCODING 7726
SWIDTH 600 0
DWIDTH 10 0
BBX 6 19 2 0
BITMAP
0C
18
30
00
CC
CC
00
FC
30
30
30
30
30
30
30
30
30
30
FC
ENDCHAR
STARTCHAR 1E2F
ENCODING 7727
SWIDTH 600 0
DWIDTH 10 0
BBX 8 16 1 0
BITMAP
06
0C
18
00
66
66
00
78
08
08
08
08
08
08
08
FF
ENDCHAR
STARTCHAR 1E30
ENCODING 7728
SWIDTH 600 0
DWIDTH 10 0
BBX 8 16 1 0
BITMAP
06
0C
18
00
C3
C6
CC
C8
D8
F0
F8
C8
CC
C6
C2
C3
ENDCHAR
STARTCHAR 1E31
ENCODING 7729
SWIDTH 600 0
DWIDTH 10 0
BBX 8 17 2 0
BITMAP
04
0C
18
00
80
80
80
80
86
8C
98
B0
B0
D8
8C
84
87
ENDCHAR
STARTCHAR 1E32
ENCODING 7730
SWIDTH 600 0
DWIDTH 10 0
BBX 8 16 1 -4
BITMAP
C3
C6
CC
C8
D8
F0
F8
C8
CC
C6
C2
C3
00
00
18
18
ENDCHAR
STARTCHAR 1E33
ENCODING 7731
SWIDTH 600 0
DWIDTH 10 0
BBX 8 17 2 -4
BITMAP
80
80
80
80
86
8C
98
B0
B0
D8
8C
84
86
01
00
18
18
ENDCHAR
STARTCHAR 1E34
ENCODING 7732
SWIDTH 600 0
DWIDTH 10 0
BBX 8 15 1 -3
BITMAP
C3
C6
CC
C8
D8
F0
F8
C8
CC
C6
C2
C3
00
00
3E
ENDCHAR
STARTCHAR 1E35
ENCODING 7733
SWIDTH 600 0
DWIDTH 10 0
BBX 8 16 2 -3
BITMAP
80
80
80
80
86
8C
98
B0
B0
D8
8C
84
86
01
00
7C
ENDCHAR
STARTCHAR 1E36
ENCODING 7734
SWIDTH 600 0
DWIDTH 10 0
BBX 7 16 2 -4
BITMAP
80
80
80
80
80
80
80
80
80
80
80
FE
00
00
38
10
ENDCHAR
STARTCHAR 1E37
ENCODING 7735
SWIDTH 600 0
DWIDTH 10 0
BBX 8 17 1 -4
BITMAP
F8
08
08
08
08
08
08
08
08
08
08
08
FF
00
00
18
18
ENDCHAR
STARTCHAR 1E38
ENCODING 7736
SWIDTH 600 0
DWIDTH 10 0
BBX 9 18 0 -4
BITMAP
F800
0000
2000
2000
2000
2000
2000
2000
2000
2000
2000
2000
2000
3F80
0000
0000
0E00
0400
ENDCHAR
STARTCHAR 1E39
ENCODING 7737
SWIDTH 600 0
DWIDTH 10 0
BBX 8 19 1 -4
BITMAP
3C
00
F8
08
08
08
08
08
08
08
08
08
08
08
FF
00
00
18
18
ENDCHAR
STARTCHAR 1E3A
ENCODING 7738
SWIDTH 600 0
DWIDTH 10 0
BBX 7 15 2 -3
BITMAP
80
80
80
80
80
80
80
80
80
80
80
FE
00
00
7C
ENDCHAR
STARTCHAR 1E3B
ENCODING 7739
SWIDTH 600 0
DWIDTH 10 0
BBX 8 16 1 -3
BITMAP
F8
08
08
08
08
08
08
08
08
08
08
08
FF
00
00
3E
ENDCHAR
STARTCHAR 1E3C
ENCODING 7740
SWIDTH 600 0
DWIDTH 10 0
BBX 7 16 2 -4
BITMAP
80
80
80
80
80
80
80
80
80
80
80
FE
00
10
38
44
ENDCHAR
STARTCHAR 1E3D
ENCODING 7741
SWIDTH 600 0
DWIDTH 10 0
BBX 8 17 1 -4
BITMAP
F8
08
08
08
08
08
08
08
08
08
08
08
FF
00
08
1C
26
ENDCHAR
STARTCHAR 1E3E
ENCODING 7742
SWIDTH 600 0
DWIDTH 10 0
BBX 8 16 1 0
BITMAP
06
0C
18
00
C3
C3
E7
A5
A5
BD
99
99
99
81
81
81
ENDCHAR
STARTCHAR 1E3F
ENCODING 7743
SWIDTH 600 0
DWIDTH 10 0
BBX 8 13 1 0
BITMAP
06
04
08
00
B7
D9
99
99
99
99
99
99
99
ENDCHAR
STARTCHAR 1E40
ENCODING 7744
SWIDTH 600 0
DWIDTH 10 0
BBX 8 15 1 0
BITMAP
18
18
00
C3
C3
E7
A5
A5
BD
99
99
99
81
81
81
ENDCHAR
STARTCHAR 1E41
ENCODING 7745
SWIDTH 600 0
DWIDTH 10 0
BBX 8 12 1 0
BITMAP
18
18
00
B7
D9
99
99
99
99
99
99
99
ENDCHAR
STARTCHAR 1E42
ENCODING 7746
SWIDTH 600 0
DWIDTH 10 0
BBX 8 16 1 -4
BITMAP
C3
C3
E7
A5
A5
BD
99
99
99
81
81
81
00
00
18
18
ENDCHAR
STARTCHAR 1E43
ENCODING 7747
SWIDTH 600 0
DWIDTH 10 0
BBX 8 13 1 -4
BITMAP
B7
D9
99
99
99
99
99
99
99
00
00
18
18
ENDCHAR
STARTCHAR 1E44
ENCODING 7748
SWIDTH 600 0
DWIDTH 10 0
BBX 8 15 1 0
BITMAP
18
18
00
C3
E3
A3
F3
D3
DB
CB
CB
CF
C7
C7
C3
ENDCHAR
STARTCHAR 1E45
ENCODING 7749
SWIDTH 600 0
DWIDTH 10 0
BBX 8 12 1 0
BITMAP
18
18
00
DE
E2
C3
C3
C3
C3
C3
C3
C3
ENDCHAR
STARTCHAR 1E46
ENCODING 7750
SWIDTH 600 0
DWIDTH 10 0
BBX 8 16 1 -4
BITMAP
C3
E3
A3
F3
D3
DB
CB
CB
CF
C7
C7
C3
00
00
18
18
ENDCHAR
STARTCHAR 1E47
ENCODING 7751
SWIDTH 600 0
DWIDTH 10 0
BBX 8 13 1 -4
BITMAP
DE
E2
C3
C3
C3
C3
C3
C3
C3
00
00
18
18
ENDCHAR
STARTCHAR 1E48
ENCODING 7752
SWIDTH 600 0
DWIDTH 10 0
BBX 8 15 1 -3
BITMAP
C3
E3
A3
F3
D3
DB
CB
CB
CF
C7
C7
C3
00
00
3E
ENDCHAR
STARTCHAR 1E49
ENCODING 7753
SWIDTH 600 0
DWIDTH 10 0
BBX 8 12 1 -3
BITMAP
DE
E2
C3
C3
C3
C3
C3
C3
C3
00
00
3E
ENDCHAR
STARTCHAR 1E4A
ENCODING 7754
SWIDTH 600 0
DWIDTH 10 0
BBX 8 16 1 -4
BITMAP
C3
E3
A3
F3
D3
DB
CB
CB
CF
C7
C7
C3
00
18
3C
66
ENDCHAR
STARTCHAR 1E4B
ENCODING 7755
SWIDTH 600 0
DWIDTH 10 0
BBX 8 13 1 -4
BITMAP
DE
E2
C3
C3
C3
C3
C3
C3
C3
00
18
1C
66
ENDCHAR
STARTCHAR 1E4C
ENCODING 7756
SWIDTH 600 0
DWIDTH 10 0
BBX 8 19 1 0
BITMAP
06
0C
18
00
32
4E
00
3C
66
C3
C3
81
81
81
81
C3
C3
66
3C
ENDCHAR
STARTCHAR 1E4D
ENCODING 7757
SWIDTH 600 0
DWIDTH 10 0
BBX 8 16 1 0
BITMAP
06
0C
18
00
32
4E
00
3C
66
C3
83
81
83
C3
66
3C
ENDCHAR
STARTCHAR 1E4E
ENCODING 7758
SWIDTH 600 0
DWIDTH 10 0
BBX 8 18 1 0
BITMAP
66
66
00
32
4E
00
3C
66
C3
C3
81
81
81
81
C3
C3
66
3C
ENDCHAR
STARTCHAR 1E4F
ENCODING 7759
SWIDTH 600 0
DWIDTH 10 0
BBX 8 15 1 0
BITMAP
66
66
00
32
4E
00
3C
66
C3
83
81
83
C3
66
3C
ENDCHAR
STARTCHAR 1E50
ENCODING 7760
SWIDTH 600 0
DWIDTH 10 0
BBX 8 19 1 0
BITMAP
30
10
08
00
00
3C
00
3C
66
C3
C3
81
81
81
81
C3
C3
66
3C
ENDCHAR
STARTCHAR 1E51
ENCODING 7761
SWIDTH 600 0
DWIDTH 10 0
BBX 8 16 1 0
BITMAP
30
10
08
00
00
3C
00
3C
66
C3
83
81
83
C3
66
3C
ENDCHAR
STARTCHAR 1E52
ENCODING 7762
SWIDTH 600 0
DWIDTH 10 0
BBX 8 19 1 0
BITMAP
06
0C
18
00
00
3C
00
3C
66
C3
C3
81
81
81
81
C3
C3
66
3C
ENDCHAR
STARTCHAR 1E53
ENCODING 7763
SWIDTH 600 0
DWIDTH 10 0
BBX 8 16 1 0
BITMAP
06
0C
18
00
00
3C
00
3C
66
C3
83
81
83
C3
66
3C
ENDCHAR
STARTCHAR 1E54
ENCODING 7764
SWIDTH 600 0
DWIDTH 10 0
BBX 7 16 2 0
BITMAP
0C
18
30
00
FC
8E
86
82
86
86
FC
80
80
80
80
80
ENDCHAR
STARTCHAR 1E55
ENCODING 7765
SWIDTH 600 0
DWIDTH 10 0
BBX 8 17 1 -4
BITMAP
06
0C
18
00
DC
E6
C3
C3
C1
C3
C3
E6
DC
C0
C0
C0
C0
ENDCHAR
STARTCHAR 1E56
ENCODING 7766
SWIDTH 600 0
DWIDTH 10 0
BBX 7 15 2 0
BITMAP
30
30
00
FC
8E
86
82
86
86
FC
80
80
80
80
80
ENDCHAR
STARTCHAR 1E57
ENCODING 7767
SWIDTH 600 0
DWIDTH 10 0
BBX 8 16 1 -4
BITMAP
18
18
00
DC
E6
C3
C3
C1
C3
C3
E6
DC
C0
C0
C0
C0
ENDCHAR
STARTCHAR 1E58
ENCODING 7768
SWIDTH 600 0
DWIDTH 10 0
BBX 7 15 2 0
BITMAP
30
30
00
F8
8C
84
86
84
8C
F8
98
88
8C
86
82
ENDCHAR
STARTCHAR 1E59
ENCODING 7769
SWIDTH 600 0
DWIDTH 10 0
BBX 9 12 1 0
BITMAP
0C00
0C00
0000
F780
1C80
1800
1000
1000
1000
1000
1000
FE00
ENDCHAR
STARTCHAR 1E5A
ENCODING 7770
SWIDTH 600 0
DWIDTH 10 0
BBX 7 16 2 -4
BITMAP
F8
8C
84
86
84
8C
F8
98
88
8C
86
82
00
00
38
10
ENDCHAR
STARTCHAR 1E5B
ENCODING 7771
SWIDTH 600 0
DWIDTH 10 0
BBX 9 13 1 -4
BITMAP
F780
1C80
1800
1000
1000
1000
1000
1000
FE00
0000
0000
3800
1000
ENDCHAR
STARTCHAR 1E5C
ENCODING 7772
SWIDTH 600 0
DWIDTH 10 0
BBX 7 18 2 -4
BITMAP
78
00
F8
8C
84
86
84
8C
F8
98
88
8C
86
82
00
00
38
10
ENDCHAR
STARTCHAR 1E5D
ENCODING 7773
SWIDTH 600 0
DWIDTH 10 0
BBX 9 15 1 -4
BITMAP
3E00
0000
F780
1C80
1800
1000
1000
1000
1000
1000
FE00
0000
0000
3800
1000
ENDCHAR
STARTCHAR 1E5E
ENCODING 7774
SWIDTH 600 0
DWIDTH 10 0
BBX 7 15 2 -3
BITMAP
F8
8C
84
86
84
8C
F8
98
88
8C
86
82
00
00
7C
ENDCHAR
STARTCHAR 1E5F
ENCODING 7775
SWIDTH 600 0
DWIDTH 10 0
BBX 9 12 1 -3
BITMAP
F780
1C80
1800
1000
1000
1000
1000
1000
FE00
0000
0000
7C00
ENDCHAR
STARTCHAR 1E60
ENCODING 7776
SWIDTH 600 0
DWIDTH 10 0
BBX 8 15 1 0
BITMAP
18
18
00
3F
62
40
40
60
38
0E
03
03
03
C6
7C
ENDCHAR
STARTCHAR 1E61
ENCODING 7777
SWIDTH 600 0
DWIDTH 10 0
BBX 6 12 2 0
BITMAP
30
30
00
7C
C4
80
E0
38
0C
04
8C
F8
ENDCHAR
STARTCHAR 1E62
ENCODING 7778
SWIDTH 600 0
DWIDTH 10 0
BBX 8 16 1 -4
BITMAP
3F
62
40
40
60
38
0E
03
03
03
C6
7C
00
00
18
18
ENDCHAR
STARTCHAR 1E63
ENCODING 7779
SWIDTH 600 0
DWIDTH 10 0
BBX 6 13 2 -4
BITMAP
7C
C4
80
E0
38
0C
04
8C
F8
00
00
30
30
ENDCHAR
STARTCHAR 1E64
ENCODING 7780
SWIDTH 600 0
DWIDTH 10 0
BBX 8 19 1 0
BITMAP
18
18
00
06
04
08
00
3F
62
40
40
60
38
0E
03
03
03
C6
7C
ENDCHAR
STARTCHAR 1E65
ENCODING 7781
SWIDTH 600 0
DWIDTH 10 0
BBX 6 16 2 0
BITMAP
30
30
00
0C
18
30
00
7C
C4
80
E0
38
0C
04
8C
F8
ENDCHAR
STARTCHAR 1E66
ENCODING 7782
SWIDTH 600 0
DWIDTH 10 0
BBX 8 18 1 0
BITMAP
18
18
62
34
18
00
3F
62
40
40
60
38
0E
03
03
03
C6
7C
ENDCHAR
STARTCHAR 1E67
ENCODING 7783
SWIDTH 600 0
DWIDTH 10 0
BBX 6 15 2 0
BITMAP
30
30
84
68
30
00
7C
C4
80
E0
38
0C
04
8C
F8
ENDCHAR
STARTCHAR 1E68
ENCODING 7784
SWIDTH 600 0
DWIDTH 10 0
BBX 8 19 1 -4
BITMAP
18
18
00
3F
62
40
40
60
38
0E
03
03
03
C6
7C
00
00
18
18
ENDCHAR
STARTCHAR 1E69
ENCODING 7785
SWIDTH 600 0
DWIDTH 10 0
BBX 6 16 2 -4
BITMAP
30
30
00
7C
C4
80
E0
38
0C
04
8C
F8
00
00
30
30
ENDCHAR
STARTCHAR 1E6A
ENCODING 7786
SWIDTH 600 0
DWIDTH 10 0
BBX 8 15 1 0
BITMAP
18
18
00
FF
18
18
18
18
18
18
18
18
18
18
18
ENDCHAR
STARTCHAR 1E6B
ENCODING 7787
SWIDTH 600 0
DWIDTH 10 0
BBX 8 14 1 0
BITMAP
30
30
10
10
30
FE
30
30
30
30
30
30
18
1F
ENDCHAR
STARTCHAR 1E6C
ENCODING 7788
SWIDTH 600 0
DWIDTH 10 0
BBX 8 16 1 -4
BITMAP
FF
18
18
18
18
18
18
18
18
18
18
18
00
00
18
18
ENDCHAR
STARTCHAR 1E6D
ENCODING 7789
SWIDTH 600 0
DWIDTH 10 0
BBX 8 16 1 -4
BITMAP
10
10
30
FE
30
30
30
30
30
30
18
1F
00
00
0C
0C
ENDCHAR
STARTCHAR 1E6E
ENCODING 7790
SWIDTH 600 0
DWIDTH 10 0
BBX 8 15 1 -3
BITMAP
FF
18
18
18
18
18
18
18
18
18
18
18
00
00
3E
ENDCHAR
STARTCHAR 1E6F
ENCODING 7791
SWIDTH 600 0
DWIDTH 10 0
BBX 8 15 1 -3
BITMAP
10
10
30
FE
30
30
30
30
30
30
18
1F
00
00
1F
ENDCHAR
STARTCHAR 1E70
ENCODING 7792
SWIDTH 600 0
DWIDTH 10 0
BBX 8 16 1 -4
BITMAP
FF
18
18
18
18
18
18
18
18
18
18
18
00
18
3C
66
ENDCHAR
STARTCHAR 1E71
ENCODING 7793
SWIDTH 600 0
DWIDTH 10 0
BBX 8 16 1 -4
BITMAP
10
10
30
FE
30
30
30
30
30
30
18
1F
00
0C
0E
33
ENDCHAR
STARTCHAR 1E72
ENCODING 7794
SWIDTH 600 0
DWIDTH 10 0
BBX 8 15 1 -3
BITMAP
C3
C3
C3
C3
C3
C3
C3
C3
C3
C3
66
3C
00
66
66
ENDCHAR
STARTCHAR 1E73
ENCODING 7795
SWIDTH 600 0
DWIDTH 10 0
BBX 8 12 1 -3
BITMAP
C3
C3
C3
C3
C3
C3
C3
47
7B
00
66
66
ENDCHAR
STARTCHAR 1E74
ENCODING 7796
SWIDTH 600 0
DWIDTH 10 0
BBX 8 15 1 -3
BITMAP
C3
C3
C3
C3
C3
C3
C3
C3
C3
C3
66
3C
00
32
4E
ENDCHAR
STARTCHAR 1E75
ENCODING 7797
SWIDTH 600 0
DWIDTH 10 0
BBX 8 12 1 -3
BITMAP
C3
C3
C3
C3
C3
C3
C3
47
7B
00
32
4E
ENDCHAR
STARTCHAR 1E76
ENCODING 7798
SWIDTH 600 0
DWIDTH 10 0
BBX 8 16 1 -4
BITMAP
C3
C3
C3
C3
C3
C3
C3
C3
C3
C3
66
3C
00
18
3C
66
ENDCHAR
STARTCHAR 1E77
ENCODING 7799
SWIDTH 600 0
DWIDTH 10 0
BBX 8 13 1 -4
BITMAP
C3
C3
C3
C3
C3
C3
C3
47
7B
00
18
3C
66
ENDCHAR
STARTCHAR 1E78
ENCODING 7800
SWIDTH 600 0
DWIDTH 10 0
BBX 8 19 1 0
BITMAP
06
0C
18
00
32
4E
00
C3
C3
C3
C3
C3
C3
C3
C3
C3
C3
66
3C
ENDCHAR
STARTCHAR 1E79
ENCODING 7801
SWIDTH 600 0
DWIDTH 10 0
BBX 8 16 1 0
BITMAP
06
0C
18
00
32
4E
00
C3
C3
C3
C3
C3
C3
C3
47
7B
ENDCHAR
STARTCHAR 1E7A
ENCODING 7802
SWIDTH 600 0
DWIDTH 10 0
BBX 8 18 1 0
BITMAP
66
66
00
00
3C
00
C3
C3
C3
C3
C3
C3
C3
C3
C3
C3
66
3C
ENDCHAR
STARTCHAR 1E7B
ENCODING 7803
SWIDTH 600 0
DWIDTH 10 0
BBX 8 15 1 0
BITMAP
66
66
00
00
3C
00
C3
C3
C3
C3
C3
C3
C3
47
7B
ENDCHAR
STARTCHAR 1E7C
ENCODING 7804
SWIDTH 600 0
DWIDTH 10 0
BBX 10 15 0 0
BITMAP
1900
2700
0000
C0C0
4080
6180
2100
2100
3300
3300
1200
1A00
1E00
0C00
0C00
ENDCHAR
STARTCHAR 1E7D
ENCODING 7805
SWIDTH 600 0
DWIDTH 10 0
BBX 8 12 1 0
BITMAP
32
4E
00
81
C3
42
66
66
24
3C
38
18
ENDCHAR
STARTCHAR 1E7E
ENCODING 7806
SWIDTH 600 0
DWIDTH 10 0
BBX 10 16 0 -4
BITMAP
C0C0
4080
6180
2100
2100
3300
3300
1200
1A00
1E00
0C00
0C00
0000
0000
0C00
0C00
ENDCHAR
STARTCHAR 1E7F
ENCODING 7807
SWIDTH 600 0
DWIDTH 10 0
BBX 8 13 1 -4
BITMAP
81
C3
42
66
66
24
3C
38
18
00
00
18
18
ENDCHAR
STARTCHAR 1E80
ENCODING 7808
SWIDTH 600 0
DWIDTH 10 0
BBX 10 16 0 0
BITMAP
1800
0800
0400
0000
C0C0
4080
4080
4C80
4C80
4C80
5E80
5280
7280
7380
3380
2100
ENDCHAR
STARTCHAR 1E81
ENCODING 7809
SWIDTH 600 0
DWIDTH 10 0
BBX 10 13 0 0
BITMAP
1800
0800
0400
0000
C0C0
40C0
4C80
4C80
5E80
5280
7380
7380
3300
ENDCHAR
STARTCHAR 1E82
ENCODING 7810
SWIDTH 600 0
DWIDTH 10 0
BBX 10 16 0 0
BITMAP
0300
0600
0C00
0000
C0C0
4080
4080
4C80
4C80
4C80
5E80
5280
7280
7380
3380
2100
ENDCHAR
STARTCHAR 1E83
ENCODING 7811
SWIDTH 600 0
DWIDTH 10 0
BBX 10 13 0 0
BITMAP
0300
0600
0C00
0000
C0C0
40C0
4C80
4C80
5E80
5280
7380
7380
3300
ENDCHAR
STARTCHAR 1E84
ENCODING 7812
SWIDTH 600 0
DWIDTH 10 0
BBX 10 15 0 0
BITMAP
3300
3300
0000
C0C0
4080
4080
4C80
4C80
4C80
5E80
5280
7280
7380
3380
2100
ENDCHAR
STARTCHAR 1E85
ENCODING 7813
SWIDTH 600 0
DWIDTH 10 0
BBX 10 12 0 0
BITMAP
3300
3300
0000
C0C0
40C0
4C80
4C80
5E80
5280
7380
7380
3300
ENDCHAR
STARTCHAR 1E86
ENCODING 7814
SWIDTH 600 0
DWIDTH 10 0
BBX 10 15 0 0
BITMAP
0C00
0C00
0000
C0C0
4080
4080
4C80
4C80
4C80
5E80
5280
7280
7380
3380
2100
ENDCHAR
STARTCHAR 1E87
ENCODING 7815
SWIDTH 600 0
DWIDTH 10 0
BBX 10 12 0 0
BITMAP
0C00
0C00
0000
C0C0
40C0
4C80
4C80
5E80
5280
7380
7380
3300
ENDCHAR
STARTCHAR 1E88
ENCODING 7816
SWIDTH 600 0
DWIDTH 10 0
BBX 10 16 0 -4
BITMAP
C0C0
4080
4080
4C80
4C80
4C80
5E80
5280
7280
7380
3380
2100
0000
0000
0C00
0C00
ENDCHAR
STARTCHAR 1E89
ENCODING 7817
SWIDTH 600 0
DWIDTH 10 0
BBX 10 13 0 -4
BITMAP
C0C0
40C0
4C80
4C80
5E80
5280
7380
7380
3300
0000
0000
0C00
0C00
ENDCHAR
STARTCHAR 1E8A
ENCODING 7818
SWIDTH 600 0
DWIDTH 10 0
BBX 8 15 1 0
BITMAP
18
18
00
C3
42
66
24
1C
18
18
3C
24
66
C3
81
ENDCHAR
STARTCHAR 1E8B
ENCODING 7819
SWIDTH 600 0
DWIDTH 10 0
BBX 8 12 1 0
BITMAP
18
18
00
C3
66
24
3C
18
3C
24
66
C3
ENDCHAR
STARTCHAR 1E8C
ENCODING 7820
SWIDTH 600 0
DWIDTH 10 0
BBX 8 15 1 0
BITMAP
66
66
00
C3
42
66
24
1C
18
18
3C
24
66
C3
81
ENDCHAR
STARTCHAR 1E8D
ENCODING 7821
SWIDTH 600 0
DWIDTH 10 0
BBX 8 12 1 0
BITMAP
66
66
00
C3
66
24
3C
18
3C
24
66
C3
ENDCHAR
STARTCHAR 1E8E
ENCODING 7822
SWIDTH 600 0
DWIDTH 10 0
BBX 8 15 1 0
BITMAP
18
18
00
81
C3
42
66
24
3C
18
18
18
18
18
18
ENDCHAR
STARTCHAR 1E8F
ENCODING 7823
SWIDTH 600 0
DWIDTH 10 0
BBX 8 16 1 -4
BITMAP
18
18
00
81
C3
42
62
26
24
34
18
18
18
10
30
E0
ENDCHAR
STARTCHAR 1E90
ENCODING 7824
SWIDTH 600 0
DWIDTH 10 0
BBX 6 16 2 0
BITMAP
30
38
CC
00
FC
04
0C
08
18
10
30
60
40
C0
80
FC
ENDCHAR
STARTCHAR 1E91
ENCODING 7825
SWIDTH 600 0
DWIDTH 10 0
BBX 8 13 1 0
BITMAP
18
1C
66
00
7E
02
04
0C
18
30
20
60
FF
ENDCHAR
STARTCHAR 1E92
ENCODING 7826
SWIDTH 600 0
DWIDTH 10 0
BBX 6 16 2 -4
BITMAP
FC
04
0C
08
18
10
30
60
40
C0
80
FC
00
00
30
30
ENDCHAR
STARTCHAR 1E93
ENCODING 7827
SWIDTH 600 0
DWIDTH 10 0
BBX 8 13 1 -4
BITMAP
7E
02
04
0C
18
30
20
60
FF
00
00
18
18
ENDCHAR
STARTCHAR 1E94
ENCODING 7828
SWIDTH 600 0
DWIDTH 10 0
BBX 6 15 2 -3
BITMAP
FC
04
0C
08
18
10
30
60
40
C0
80
FC
00
00
7C
ENDCHAR
STARTCHAR 1E95
ENCODING 7829
SWIDTH 600 0
DWIDTH 10 0
BBX 8 12 1 -3
BITMAP
7E
02
04
0C
18
30
20
60
FF
00
00
3E
ENDCHAR
STARTCHAR 1E96
ENCODING 7830
SWIDTH 600 0
DWIDTH 10 0
BBX 8 16 1 -3
BITMAP
C0
C0
C0
C0
DE
E6
C3
C3
C3
C3
C3
C3
C3
00
00
3E
ENDCHAR
STARTCHAR 1E97
ENCODING 7831
SWIDTH 600 0
DWIDTH 10 0
BBX 8 14 1 0
BITMAP
4C
CC
10
10
30
FE
30
30
30
30
30
30
18
1F
ENDCHAR
STARTCHAR 1E98
ENCODING 7832
SWIDTH 600 0
DWIDTH 10 0
BBX 10 13 0 0
BITMAP
0C00
1200
1E00
0000
C0C0
40C0
4C80
4C80
5E80
5280
7380
7380
3300
ENDCHAR
STARTCHAR 1E99
ENCODING 7833
SWIDTH 600 0
DWIDTH 10 0
BBX 8 17 1 -4
BITMAP
18
24
3C
00
81
C3
42
62
26
24
34
18
18
18
10
30
E0
ENDCHAR
STARTCHAR 1E9A
ENCODING 7834
SWIDTH 600 0
DWIDTH 10 0
BBX 9 13 1 0
BITMAP
0100
0080
0180
0000
7C00
4600
0200
7E00
4200
C600
C600
CE00
7A00
ENDCHAR
STARTCHAR 1E9B
ENCODING 7835
SWIDTH 600 0
DWIDTH 10 0
BBX 5 16 4 0
BITMAP
30
30
00
78
C8
80
80
80
80
80
80
80
80
80
80
80
ENDCHAR
STARTCHAR 1E9C
ENCODING 7836
SWIDTH 600 0
DWIDTH 10 0
BBX 7 13 2 0
BITMAP
1E
32
20
20
38
60
A0
20
20
20
20
20
20
ENDCHAR
STARTCHAR 1E9D
ENCODING 7837
SWIDTH 600 0
DWIDTH 10 0
BBX 7 13 2 0
BITMAP
1E
32
20
20
F8
20
20
20
20
20
20
20
20
ENDCHAR
STARTCHAR 1E9E
ENCODING 7838
SWIDTH 600 0
DWIDTH 10 0
BBX 8 12 1 0
BITMAP
3C
66
C2
C6
8C
9E
83
83
83
83
A3
9E
ENDCHAR
STARTCHAR 1E9F
ENCODING 7839
SWIDTH 600 0
DWIDTH 10 0
BBX 8 13 1 0
BITMAP
3E
63
60
20
38
1C
66
C3
C1
81
C3
66
3C
ENDCHAR
STARTCHAR 1EA0
ENCODING 7840
SWIDTH 600 0
DWIDTH 10 0
BBX 10 16 0 -4
BITMAP
0C00
0C00
1E00
1200
1200
3300
3300
3F00
6180
6180
4080
C0C0
0000
0000
0C00
0C00
ENDCHAR
STARTCHAR 1EA1
ENCODING 7841
SWIDTH 600 0
DWIDTH 10 0
BBX 8 13 1 -4
BITMAP
7C
46
02
3F
63
C3
C3
C7
7B
00
00
18
18
ENDCHAR
STARTCHAR 1EA2
ENCODING 7842
SWIDTH 600 0
DWIDTH 10 0
BBX 10 17 0 0
BITMAP
0C00
0200
0600
0C00
0000
0C00
0C00
1E00
1200
1200
3300
3300
3F00
6180
6180
4080
C0C0
ENDCHAR
STARTCHAR 1EA3
ENCODING 7843
SWIDTH 600 0
DWIDTH 10 0
BBX 8 14 1 0
BITMAP
1C
04
0C
08
00
7C
46
02
3F
63
C3
C3
C7
7B
ENDCHAR
STARTCHAR 1EA4
ENCODING 7844
SWIDTH 600 0
DWIDTH 10 0
BBX 10 20 0 0
BITMAP
0300
0600
0C00
0000
0C00
1E00
3300
0000
0C00
0C00
1E00
1200
1200
3300
3300
3F00
6180
6180
4080
C0C0
ENDCHAR
STARTCHAR 1EA5
ENCODING 7845
SWIDTH 600 0
DWIDTH 10 0
BBX 8 17 1 0
BITMAP
06
0C
18
00
18
1C
66
00
7C
46
02
3F
63
C3
C3
C7
7B
ENDCHAR
STARTCHAR 1EA6
ENCODING 7846
SWIDTH 600 0
DWIDTH 10 0
BBX 10 20 0 0
BITMAP
1800
0800
0400
0000
0C00
1E00
3300
0000
0C00
0C00
1E00
1200
1200
3300
3300
3F00
6180
6180
4080
C0C0
ENDCHAR
STARTCHAR 1EA7
ENCODING 7847
SWIDTH 600 0
DWIDTH 10 0
BBX 8 17 1 0
BITMAP
30
10
08
00
18
1C
66
00
7C
46
02
3F
63
C3
C3
C7
7B
ENDCHAR
STARTCHAR 1EA8
ENCODING 7848
SWIDTH 600 0
DWIDTH 10 0
BBX 10 21 0 0
BITMAP
0C00
0200
0600
0C00
0000
0C00
1E00
3300
0000
0C00
0C00
1E00
1200
1200
3300
3300
3F00
6180
6180
4080
C0C0
ENDCHAR
STARTCHAR 1EA9
ENCODING 7849
SWIDTH 600 0
DWIDTH 10 0
BBX 8 18 1 0
BITMAP
1C
04
0C
08
00
18
1C
66
00
7C
46
02
3F
63
C3
C3
C7
7B
ENDCHAR
STARTCHAR 1EAA
ENCODING 7850
SWIDTH 600 0
DWIDTH 10 0
BBX 10 19 0 0
BITMAP
1900
2700
0000
0C00
1E00
3300
0000
0C00
0C00
1E00
1200
1200
3300
3300
3F00
6180
6180
4080
C0C0
ENDCHAR
STARTCHAR 1EAB
ENCODING 7851
SWIDTH 600 0
DWIDTH 10 0
BBX 8 16 1 0
BITMAP
32
4E
00
18
1C
66
00
7C
46
02
3F
63
C3
C3
C7
7B
ENDCHAR
STARTCHAR 1EAC
ENCODING 7852
SWIDTH 600 0
DWIDTH 10 0
BBX 10 20 0 -4
BITMAP
0C00
1E00
3300
0000
0C00
0C00
1E00
1200
1200
3300
3300
3F00
6180
6180
4080
C0C0
0000
0000
0C00
0C00
ENDCHAR
STARTCHAR 1EAD
ENCODING 7853
SWIDTH 600 0
DWIDTH 10 0
BBX 8 17 1 -4
BITMAP
18
1C
66
00
7C
46
02
3F
63
C3
C3
C7
7B
00
00
18
18
ENDCHAR
STARTCHAR 1EAE
ENCODING 7854
SWIDTH 600 0
DWIDTH 10 0
BBX 10 19 0 0
BITMAP
0300
0600
0C00
0000
3300
1E00
0000
0C00
0C00
1E00
1200
1200
3300
3300
3F00
6180
6180
4080
C0C0
ENDCHAR
STARTCHAR 1EAF
ENCODING 7855
SWIDTH 600 0
DWIDTH 10 0
BBX 8 16 1 0
BITMAP
06
0C
18
00
62
3C
00
7C
46
02
3F
63
C3
C3
C7
7B
ENDCHAR
STARTCHAR 1EB0
ENCODING 7856
SWIDTH 600 0
DWIDTH 10 0
BBX 10 19 0 0
BITMAP
1800
0800
0400
0000
3300
1E00
0000
0C00
0C00
1E00
1200
1200
3300
3300
3F00
6180
6180
4080
C0C0
ENDCHAR
STARTCHAR 1EB1
ENCODING 7857
SWIDTH 600 0
DWIDTH 10 0
BBX 8 16 1 0
BITMAP
30
10
08
00
62
3C
00
7C
46
02
3F
63
C3
C3
C7
7B
ENDCHAR
STARTCHAR 1EB2
ENCODING 7858
SWIDTH 600 0
DWIDTH 10 0
BBX 10 20 0 0
BITMAP
0C00
0200
0600
0C00
0000
3300
1E00
0000
0C00
0C00
1E00
1200
1200
3300
3300
3F00
6180
6180
4080
C0C0
ENDCHAR
STARTCHAR 1EB3
ENCODING 7859
SWIDTH 600 0
DWIDTH 10 0
BBX 8 17 1 0
BITMAP
1C
04
0C
08
00
62
3C
00
7C
46
02
3F
63
C3
C3
C7
7B
ENDCHAR
STARTCHAR 1EB4
ENCODING 7860
SWIDTH 600 0
DWIDTH 10 0
BBX 10 18 0 0
BITMAP
1900
2700
0000
3300
1E00
0000
0C00
0C00
1E00
1200
1200
3300
3300
3F00
6180
6180
4080
C0C0
ENDCHAR
STARTCHAR 1EB5
ENCODING 7861
SWIDTH 600 0
DWIDTH 10 0
BBX 8 15 1 0
BITMAP
32
4E
00
62
3C
00
7C
46
02
3F
63
C3
C3
C7
7B
ENDCHAR
STARTCHAR 1EB6
ENCODING 7862
SWIDTH 600 0
DWIDTH 10 0
BBX 10 19 0 -4
BITMAP
3300
1E00
0000
0C00
0C00
1E00
1200
1200
3300
3300
3F00
6180
6180
4080
C0C0
0000
0000
0C00
0C00
ENDCHAR
STARTCHAR 1EB7
ENCODING 7863
SWIDTH 600 0
DWIDTH 10 0
BBX 8 16 1 -4
BITMAP
62
3C
00
7C
46
02
3F
63
C3
C3
C7
7B
00
00
18
18
ENDCHAR
STARTCHAR 1EB8
ENCODING 7864
SWIDTH 600 0
DWIDTH 10 0
BBX 7 16 2 -4
BITMAP
FE
80
80
80
80
FC
80
80
80
80
80
FE
00
00
30
30
ENDCHAR
STARTCHAR 1EB9
ENCODING 7865
SWIDTH 600 0
DWIDTH 10 0
BBX 8 13 1 -4
BITMAP
3C
66
C3
C3
FF
C0
C0
61
3E
00
00
18
18
ENDCHAR
STARTCHAR 1EBA
ENCODING 7866
SWIDTH 600 0
DWIDTH 10 0
BBX 7 17 2 0
BITMAP
38
08
18
10
00
FE
80
80
80
80
FC
80
80
80
80
80
FE
ENDCHAR
STARTCHAR 1EBB
ENCODING 7867
SWIDTH 600 0
DWIDTH 10 0
BBX 8 14 1 0
BITMAP
1C
04
1C
08
00
3C
66
C3
C3
FF
C0
C0
61
3E
ENDCHAR
STARTCHAR 1EBC
ENCODING 7868
SWIDTH 600 0
DWIDTH 10 0
BBX 7 15 2 0
BITMAP
64
9C
00
FE
80
80
80
80
FC
80
80
80
80
80
FE
ENDCHAR
STARTCHAR 1EBD
ENCODING 7869
SWIDTH 600 0
DWIDTH 10 0
BBX 8 12 1 0
BITMAP
32
4E
00
3C
66
C3
C3
FF
C0
C0
61
3E
ENDCHAR
STARTCHAR 1EBE
ENCODING 7870
SWIDTH 600 0
DWIDTH 10 0
BBX 7 20 2 0
BITMAP
0C
18
30
00
30
38
CC
00
FE
80
80
80
80
FC
80
80
80
80
80
FE
ENDCHAR
STARTCHAR 1EBF
ENCODING 7871
SWIDTH 600 0
DWIDTH 10 0
BBX 8 17 1 0
BITMAP
06
0C
18
00
18
1C
66
00
3C
66
C3
C3
FF
C0
C0
61
3E
ENDCHAR
STARTCHAR 1EC0
ENCODING 7872
SWIDTH 600 0
DWIDTH 10 0
BBX 7 20 2 0
BITMAP
60
20
10
00
30
38
CC
00
FE
80
80
80
80
FC
80
80
80
80
80
FE
ENDCHAR
STARTCHAR 1EC1
ENCODING 7873
SWIDTH 600 0
DWIDTH 10 0
BBX 8 17 1 0
BITMAP
30
10
08
00
18
1C
66
00
3C
66
C3
C3
FF
C0
C0
61
3E
ENDCHAR
STARTCHAR 1EC2
ENCODING 7874
SWIDTH 600 0
DWIDTH 10 0
BBX 7 21 2 0
BITMAP
38
08
18
10
00
30
38
CC
00
FE
80
80
80
80
FC
80
80
80
80
80
FE
ENDCHAR
STARTCHAR 1EC3
ENCODING 7875
SWIDTH 600 0
DWIDTH 10 0
BBX 8 18 1 0
BITMAP
1C
04
1C
08
00
18
1C
66
00
3C
66
C3
C3
FF
C0
C0
61
3E
ENDCHAR
STARTCHAR 1EC4
ENCODING 7876
SWIDTH 600 0
DWIDTH 10 0
BBX 7 19 2 0
BITMAP
64
9C
00
30
38
CC
00
FE
80
80
80
80
FC
80
80
80
80
80
FE
ENDCHAR
STARTCHAR 1EC5
ENCODING 7877
SWIDTH 600 0
DWIDTH 10 0
BBX 8 16 1 0
BITMAP
32
4E
00
18
1C
66
00
3C
66
C3
C3
FF
C0
C0
61
3E
ENDCHAR
STARTCHAR 1EC6
ENCODING 7878
SWIDTH 600 0
DWIDTH 10 0
BBX 7 20 2 -4
BITMAP
30
38
CC
00
FE
80
80
80
80
FC
80
80
80
80
80
FE
00
00
30
30
ENDCHAR
STARTCHAR 1EC7
ENCODING 7879
SWIDTH 600 0
DWIDTH 10 0
BBX 8 17 1 -4
BITMAP
18
1C
66
00
3C
66
C3
C3
FF
C0
C0
61
3E
00
00
18
18
ENDCHAR
STARTCHAR 1EC8
ENCODING 7880
SWIDTH 600 0
DWIDTH 10 0
BBX 6 17 2 0
BITMAP
30
08
18
30
00
FC
30
30
30
30
30
30
30
30
30
30
FC
ENDCHAR
STARTCHAR 1EC9
ENCODING 7881
SWIDTH 600 0
DWIDTH 10 0
BBX 8 14 1 0
BITMAP
18
04
0C
18
00
78
08
08
08
08
08
08
08
FF
ENDCHAR
STARTCHAR 1ECA
ENCODING 7882
SWIDTH 600 0
DWIDTH 10 0
BBX 6 16 2 -4
BITMAP
FC
30
30
30
30
30
30
30
30
30
30
FC
00
00
30
30
ENDCHAR
STARTCHAR 1ECB
ENCODING 7883
SWIDTH 600 0
DWIDTH 10 0
BBX 8 17 1 -4
BITMAP
18
18
00
00
78
08
08
08
08
08
08
08
FF
00
00
18
18
ENDCHAR
STARTCHAR 1ECC
ENCODING 7884
SWIDTH 600 0
DWIDTH 10 0
BBX 8 16 1 -4
BITMAP
3C
66
C3
C3
81
81
81
81
C3
C3
66
3C
00
00
18
18
ENDCHAR
STARTCHAR 1ECD
ENCODING 7885
SWIDTH 600 0
DWIDTH 10 0
BBX 8 13 1 -4
BITMAP
3C
66
C3
83
81
83
C3
66
3C
00
00
18
18
ENDCHAR
STARTCHAR 1ECE
ENCODING 7886
SWIDTH 600 0
DWIDTH 10 0
BBX 8 17 1 0
BITMAP
18
04
0C
18
00
3C
66
C3
C3
81
81
81
81
C3
C3
66
3C
ENDCHAR
STARTCHAR 1ECF
ENCODING 7887
SWIDTH 600 0
DWIDTH 10 0
BBX 8 14 1 0
BITMAP
18
04
0C
18
00
3C
66
C3
83
81
83
C3
66
3C
ENDCHAR
STARTCHAR 1ED0
ENCODING 7888
SWIDTH 600 0
DWIDTH 10 0
BBX 8 20 1 0
BITMAP
06
0C
18
00
18
3C
66
00
3C
66
C3
C3
81
81
81
81
C3
C3
66
3C
ENDCHAR
STARTCHAR 1ED1
ENCODING 7889
SWIDTH 600 0
DWIDTH 10 0
BBX 8 17 1 0
BITMAP
06
0C
18
00
18
3C
66
00
3C
66
C3
83
81
83
C3
66
3C
ENDCHAR
STARTCHAR 1ED2
ENCODING 7890
SWIDTH 600 0
DWIDTH 10 0
BBX 8 20 1 0
BITMAP
30
10
08
00
18
3C
66
00
3C
66
C3
C3
81
81
81
81
C3
C3
66
3C
ENDCHAR
STARTCHAR 1ED3
ENCODING 7891
SWIDTH 600 0
DWIDTH 10 0
BBX 8 17 1 0
BITMAP
30
10
08
00
18
3C
66
00
3C
66
C3
83
81
83
C3
66
3C
ENDCHAR
STARTCHAR 1ED4
ENCODING 7892
SWIDTH 600 0
DWIDTH 10 0
BBX 8 21 1 0
BITMAP
18
04
0C
18
00
18
3C
66
00
3C
66
C3
C3
81
81
81
81
C3
C3
66
3C
ENDCHAR
STARTCHAR 1ED5
ENCODING 7893
SWIDTH 600 0
DWIDTH 10 0
BBX 8 18 1 0
BITMAP
18
04
0C
18
00
18
3C
66
00
3C
66
C3
83
81
83
C3
66
3C
ENDCHAR
STARTCHAR 1ED6
ENCODING 7894
SWIDTH 600 0
DWIDTH 10 0
BBX 8 19 1 0
BITMAP
32
4E
00
18
3C
66
00
3C
66
C3
C3
81
81
81
81
C3
C3
66
3C
ENDCHAR
STARTCHAR 1ED7
ENCODING 7895
SWIDTH 600 0
DWIDTH 10 0
BBX 8 16 1 0
BITMAP
32
4E
00
18
3C
66
00
3C
66
C3
83
81
83
C3
66
3C
ENDCHAR
STARTCHAR 1ED8
ENCODING 7896
SWIDTH 600 0
DWIDTH 10 0
BBX 8 20 1 -4
BITMAP
18
3C
66
00
3C
66
C3
C3
81
81
81
81
C3
C3
66
3C
00
00
18
18
ENDCHAR
STARTCHAR 1ED9
ENCODING 7897
SWIDTH 600 0
DWIDTH 10 0
BBX 8 17 1 -4
BITMAP
18
3C
66
00
3C
66
C3
83
81
83
C3
66
3C
00
00
18
18
ENDCHAR
STARTCHAR 1EDA
ENCODING 7898
SWIDTH 600 0
DWIDTH 10 0
BBX 9 16 1 0
BITMAP
0600
0C00
1880
0080
3C80
6700
C300
C300
8100
8100
8100
8100
C300
C300
6600
3C00
ENDCHAR
STARTCHAR 1EDB
ENCODING 7899
SWIDTH 600 0
DWIDTH 10 0
BBX 9 13 1 0
BITMAP
0600
0C00
1980
0080
3D80
6700
C300
8300
8100
8300
C300
6600
3C00
ENDCHAR
STARTCHAR 1EDC
ENCODING 7900
SWIDTH 600 0
DWIDTH 10 0
BBX 9 16 1 0
BITMAP
3000
1000
0880
0080
3C80
6700
C300
C300
8100
8100
8100
8100
C300
C300
6600
3C00
ENDCHAR
STARTCHAR 1EDD
ENCODING 7901
SWIDTH 600 0
DWIDTH 10 0
BBX 9 13 1 0
BITMAP
3000
1000
0980
0080
3D80
6700
C300
8300
8100
8300
C300
6600
3C00
ENDCHAR
STARTCHAR 1EDE
ENCODING 7902
SWIDTH 600 0
DWIDTH 10 0
BBX 9 17 1 0
BITMAP
1800
0400
0C00
1880
0080
3C80
6700
C300
C300
8100
8100
8100
8100
C300
C300
6600
3C00
ENDCHAR
STARTCHAR 1EDF
ENCODING 7903
SWIDTH 600 0
DWIDTH 10 0
BBX 9 14 1 0
BITMAP
1800
0400
0C00
1980
0080
3D80
6700
C300
8300
8100
8300
C300
6600
3C00
ENDCHAR
STARTCHAR 1EE0
ENCODING 7904
SWIDTH 600 0
DWIDTH 10 0
BBX 9 15 1 0
BITMAP
7200
5C80
0080
3C80
6700
C300
C300
8100
8100
8100
8100
C300
C300
6600
3C00
ENDCHAR
STARTCHAR 1EE1
ENCODING 7905
SWIDTH 600 0
DWIDTH 10 0
BBX 9 12 1 0
BITMAP
7200
5D80
0080
3D80
6700
C300
8300
8100
8300
C300
6600
3C00
ENDCHAR
STARTCHAR 1EE2
ENCODING 7906
SWIDTH 600 0
DWIDTH 10 0
BBX 9 18 1 -4
BITMAP
0080
0080
3C80
6700
C300
C300
8100
8100
8100
8100
C300
C300
6600
3C00
0000
0000
1800
1800
ENDCHAR
STARTCHAR 1EE3
ENCODING 7907
SWIDTH 600 0
DWIDTH 10 0
BBX 9 15 1 -4
BITMAP
0180
0080
3D80
6700
C300
8300
8100
8300
C300
6600
3C00
0000
0000
1800
1800
ENDCHAR
STARTCHAR 1EE4
ENCODING 7908
SWIDTH 600 0
DWIDTH 10 0
BBX 8 16 1 -4
BITMAP
C3
C3
C3
C3
C3
C3
C3
C3
C3
C3
66
3C
00
00
18
18
ENDCHAR
STARTCHAR 1EE5
ENCODING 7909
SWIDTH 600 0
DWIDTH 10 0
BBX 8 13 1 -4
BITMAP
C3
C3
C3
C3
C3
C3
C3
47
7B
00
00
18
18
ENDCHAR
STARTCHAR 1EE6
ENCODING 7910
SWIDTH 600 0
DWIDTH 10 0
BBX 8 17 1 0
BITMAP
18
04
0C
18
00
C3
C3
C3
C3
C3
C3
C3
C3
C3
C3
66
3C
ENDCHAR
STARTCHAR 1EE7
ENCODING 7911
SWIDTH 600 0
DWIDTH 10 0
BBX 8 14 1 0
BITMAP
18
04
0C
18
00
C3
C3
C3
C3
C3
C3
C3
47
7B
ENDCHAR
STARTCHAR 1EE8
ENCODING 7912
SWIDTH 600 0
DWIDTH 10 0
BBX 9 16 1 0
BITMAP
0600
0C00
1800
0080
C380
C380
C300
C300
C300
C300
C300
C300
C300
C300
6600
3C00
ENDCHAR
STARTCHAR 1EE9
ENCODING 7913
SWIDTH 600 0
DWIDTH 10 0
BBX 9 13 1 0
BITMAP
0600
0C80
1880
0080
C300
C300
C300
C300
C300
C300
C300
4700
7B00
ENDCHAR
STARTCHAR 1EEA
ENCODING 7914
SWIDTH 600 0
DWIDTH 10 0
BBX 9 16 1 0
BITMAP
3000
1000
0800
0080
C380
C380
C300
C300
C300
C300
C300
C300
C300
C300
6600
3C00
ENDCHAR
STARTCHAR 1EEB
ENCODING 7915
SWIDTH 600 0
DWIDTH 10 0
BBX 9 13 1 0
BITMAP
3000
1080
0880
0080
C300
C300
C300
C300
C300
C300
C300
4700
7B00
ENDCHAR
STARTCHAR 1EEC
ENCODING 7916
SWIDTH 600 0
DWIDTH 10 0
BBX 9 17 1 0
BITMAP
1800
0400
0C00
1800
0080
C380
C380
C300
C300
C300
C300
C300
C300
C300
C300
6600
3C00
ENDCHAR
STARTCHAR 1EED
ENCODING 7917
SWIDTH 600 0
DWIDTH 10 0
BBX 9 14 1 0
BITMAP
1800
0400
0C80
1880
0080
C300
C300
C300
C300
C300
C300
C300
4700
7B00
ENDCHAR
STARTCHAR 1EEE
ENCODING 7918
SWIDTH 600 0
DWIDTH 10 0
BBX 9 15 1 0
BITMAP
3200
4E00
0080
C380
C380
C300
C300
C300
C300
C300
C300
C300
C300
6600
3C00
ENDCHAR
STARTCHAR 1EEF
ENCODING 7919
SWIDTH 600 0
DWIDTH 10 0
BBX 9 12 1 0
BITMAP
3280
4E80
0080
C300
C300
C300
C300
C300
C300
C300
4700
7B00
ENDCHAR
STARTCHAR 1EF0
ENCODING 7920
SWIDTH 600 0
DWIDTH 10 0
BBX 9 17 1 -4
BITMAP
0080
C380
C380
C300
C300
C300
C300
C300
C300
C300
C300
6600
3C00
0000
0000
1800
1800
ENDCHAR
STARTCHAR 1EF1
ENCODING 7921
SWIDTH 600 0
DWIDTH 10 0
BBX 9 16 1 -4
BITMAP
0080
0080
0080
C300
C300
C300
C300
C300
C300
C300
4700
7B00
0000
0000
1800
1800
ENDCHAR
STARTCHAR 1EF2
ENCODING 7922
SWIDTH 600 0
DWIDTH 10 0
BBX 8 16 1 0
BITMAP
30
10
08
00
81
C3
42
66
24
3C
18
18
18
18
18
18
ENDCHAR
STARTCHAR 1EF3
ENCODING 7923
SWIDTH 600 0
DWIDTH 10 0
BBX 8 17 1 -4
BITMAP
30
10
08
00
81
C3
42
62
26
24
34
18
18
18
10
30
E0
ENDCHAR
STARTCHAR 1EF4
ENCODING 7924
SWIDTH 600 0
DWIDTH 10 0
BBX 8 16 1 -4
BITMAP
81
C3
42
66
24
3C
18
18
18
18
18
18
00
00
18
18
ENDCHAR
STARTCHAR 1EF5
ENCODING 7925
SWIDTH 600 0
DWIDTH 10 0
BBX 8 13 1 -4
BITMAP
81
C3
42
62
26
24
34
18
18
18
10
36
E6
ENDCHAR
STARTCHAR 1EF6
ENCODING 7926
SWIDTH 600 0
DWIDTH 10 0
BBX 8 17 1 0
BITMAP
18
04
0C
18
00
81
C3
42
66
24
3C
18
18
18
18
18
18
ENDCHAR
STARTCHAR 1EF7
ENCODING 7927
SWIDTH 600 0
DWIDTH 10 0
BBX 8 18 1 -4
BITMAP
18
04
0C
18
00
81
C3
42
62
26
24
34
18
18
18
10
30
E0
ENDCHAR
STARTCHAR 1EF8
ENCODING 7928
SWIDTH 600 0
DWIDTH 10 0
BBX 8 15 1 0
BITMAP
32
4E
00
81
C3
42
66
24
3C
18
18
18
18
18
18
ENDCHAR
STARTCHAR 1EF9
ENCODING 7929
SWIDTH 600 0
DWIDTH 10 0
BBX 8 16 1 -4
BITMAP
32
4E
00
81
C3
42
62
26
24
34
18
18
18
10
30
E0
ENDCHAR
STARTCHAR 1EFA
ENCODING 7930
SWIDTH 600 0
DWIDTH 10 0
BBX 9 12 1 0
BITMAP
C800
C800
C800
C800
C800
C800
C800
C800
C800
C800
C800
CF80
ENDCHAR
STARTCHAR 1EFB
ENCODING 7931
SWIDTH 600 0
DWIDTH 10 0
BBX 10 13 0 0
BITMAP
3300
3300
FFC0
3300
3300
3300
3300
3300
3300
3300
3300
3300
3300
ENDCHAR
STARTCHAR 1EFC
ENCODING 7932
SWIDTH 600 0
DWIDTH 10 0
BBX 8 12 1 0
BITMAP
18
60
40
DE
C3
83
81
81
C1
C3
66
3C
ENDCHAR
STARTCHAR 1EFD
ENCODING 7933
SWIDTH 600 0
DWIDTH 10 0
BBX 8 13 1 0
BITMAP
04
18
30
60
40
DC
C6
83
81
C1
C3
66
3C
ENDCHAR
STARTCHAR 1EFE
ENCODING 7934
SWIDTH 600 0
DWIDTH 10 0
BBX 10 12 0 0
BITMAP
C0C0
6080
2180
3100
1300
1A00
0A00
1E00
6400
CC00
D800
7000
ENDCHAR
STARTCHAR 1EFF
ENCODING 7935
SWIDTH 600 0
DWIDTH 10 0
BBX 8 13 1 -4
BITMAP
81
C3
42
62
26
24
34
18
38
D8
90
B0
E0
ENDCHAR
STARTCHAR 1F00
ENCODING 7936
SWIDTH 600 0
DWIDTH 10 0
BBX 9 13 1 0
BITMAP
1800
1800
0000
0000
3B00
4600
C200
8200
8200
8200
C200
4600
3B80
ENDCHAR
STARTCHAR 1F01
ENCODING 7937
SWIDTH 600 0
DWIDTH 10 0
BBX 9 13 1 0
BITMAP
1800
1800
0000
0000
3B00
4600
C200
8200
8200
8200
C200
4600
3B80
ENDCHAR
STARTCHAR 1F02
ENCODING 7938
SWIDTH 600 0
DWIDTH 10 0
BBX 9 13 1 0
BITMAP
3C00
3400
0000
0000
3B00
4600
C200
8200
8200
8200
C200
4600
3B80
ENDCHAR
STARTCHAR 1F03
ENCODING 7939
SWIDTH 600 0
DWIDTH 10 0
BBX 9 13 1 0
BITMAP
3C00
2400
1000
0000
3B00
4600
C200
8200
8200
8200
C200
4600
3B80
ENDCHAR
STARTCHAR 1F04
ENCODING 7940
SWIDTH 600 0
DWIDTH 10 0
BBX 9 13 1 0
BITMAP
3400
3800
0000
0000
3B00
4600
C200
8200
8200
8200
C200
4600
3B80
ENDCHAR
STARTCHAR 1F05
ENCODING 7941
SWIDTH 600 0
DWIDTH 10 0
BBX 9 13 1 0
BITMAP
2400
2800
1000
0000
3B00
4600
C200
8200
8200
8200
C200
4600
3B80
ENDCHAR
STARTCHAR 1F06
ENCODING 7942
SWIDTH 600 0
DWIDTH 10 0
BBX 9 14 1 0
BITMAP
7E00
0000
1800
1800
0000
3B00
4600
C200
8200
8200
8200
C200
4600
3B80
ENDCHAR
STARTCHAR 1F07
ENCODING 7943
SWIDTH 600 0
DWIDTH 10 0
BBX 9 14 1 0
BITMAP
7E00
0000
1800
1800
0000
3B00
4600
C200
8200
8200
8200
C200
4600
3B80
ENDCHAR
STARTCHAR 1F08
ENCODING 7944
SWIDTH 600 0
DWIDTH 10 0
BBX 10 12 0 0
BITMAP
CC00
CC00
1E00
1200
1200
3300
3300
3F00
6180
6180
4080
C0C0
ENDCHAR
STARTCHAR 1F09
ENCODING 7945
SWIDTH 600 0
DWIDTH 10 0
BBX 10 12 0 0
BITMAP
CC00
CC00
1E00
1200
1200
3300
3300
3F00
6180
6180
4080
C0C0
ENDCHAR
STARTCHAR 1F0A
ENCODING 7946
SWIDTH 1200 0
DWIDTH 20 0
BBX 14 12 4 0
BITMAP
F0C0
50C0
88E0
01A0
0120
0130
0310
03F0
0218
0608
0408
0C0C
ENDCHAR
STARTCHAR 1F0B
ENCODING 7947
SWIDTH 1200 0
DWIDTH 20 0
BBX 15 12 3 0
BITMAP
D060
4860
0070
00D0
0090
0098
0188
01F8
010C
0304
0204
0606
ENDCHAR
STARTCHAR 1F0C
ENCODING 7948
SWIDTH 1200 0
DWIDTH 20 0
BBX 14 12 4 0
BITMAP
D0C0
E0C0
00E0
01A0
0120
0130
0310
03F0
0218
0608
0408
0C0C
ENDCHAR
STARTCHAR 1F0D
ENCODING 7949
SWIDTH 1200 0
DWIDTH 20 0
BBX 14 12 4 0
BITMAP
D0C0
A0C0
40E0
01A0
0120
0130
0310
03F0
0218
0608
0408
0C0C
ENDCHAR
STARTCHAR 1F0E
ENCODING 7950
SWIDTH 1200 0
DWIDTH 20 0
BBX 15 13 3 0
BITMAP
7C00
8060
3060
3070
00D0
0090
0098
0188
01F8
010C
0304
0204
0606
ENDCHAR
STARTCHAR 1F0F
ENCODING 7951
SWIDTH 1200 0
DWIDTH 20 0
BBX 15 13 3 0
BITMAP
FC00
0060
3060
3070
00D0
0090
0098
0188
01F8
010C
0304
0204
0606
ENDCHAR
STARTCHAR 1F10
ENCODING 7952
SWIDTH 600 0
DWIDTH 10 0
BBX 6 13 2 0
BITMAP
30
30
00
00
7C
C4
80
C0
38
C0
80
C4
7C
ENDCHAR
STARTCHAR 1F11
ENCODING 7953
SWIDTH 600 0
DWIDTH 10 0
BBX 6 13 2 0
BITMAP
30
30
00
00
7C
C4
80
C0
38
C0
80
C4
7C
ENDCHAR
STARTCHAR 1F12
ENCODING 7954
SWIDTH 600 0
DWIDTH 10 0
BBX 6 13 2 0
BITMAP
78
68
00
00
7C
C4
80
C0
38
C0
80
C4
7C
ENDCHAR
STARTCHAR 1F13
ENCODING 7955
SWIDTH 600 0
DWIDTH 10 0
BBX 6 13 2 0
BITMAP
78
48
20
00
7C
C4
80
C0
38
C0
80
C4
7C
ENDCHAR
STARTCHAR 1F14
ENCODING 7956
SWIDTH 600 0
DWIDTH 10 0
BBX 6 13 2 0
BITMAP
68
70
00
00
7C
C4
80
C0
38
C0
80
C4
7C
ENDCHAR
STARTCHAR 1F15
ENCODING 7957
SWIDTH 600 0
DWIDTH 10 0
BBX 6 13 2 0
BITMAP
48
50
20
00
7C
C4
80
C0
38
C0
80
C4
7C
ENDCHAR
STARTCHAR 1F18
ENCODING 7960
SWIDTH 600 0
DWIDTH 10 0
BBX 9 12 0 0
BITMAP
DF80
5000
9000
1000
1000
1F00
1000
1000
1000
1000
1000
1F80
ENDCHAR
STARTCHAR 1F19
ENCODING 7961
SWIDTH 600 0
DWIDTH 10 0
BBX 9 12 0 0
BITMAP
DF80
9000
5000
1000
1000
1F00
1000
1000
1000
1000
1000
1F80
ENDCHAR
STARTCHAR 1F1A
ENCODING 7962
SWIDTH 1200 0
DWIDTH 20 0
BBX 14 12 4 0
BITMAP
F1FC
5180
8180
0180
0180
01FC
0180
0180
0180
0180
0180
01FC
ENDCHAR
STARTCHAR 1F1B
ENCODING 7963
SWIDTH 1200 0
DWIDTH 20 0
BBX 14 12 4 0
BITMAP
F1FC
9180
4180
0180
0180
01FC
0180
0180
0180
0180
0180
01FC
ENDCHAR
STARTCHAR 1F1C
ENCODING 7964
SWIDTH 1200 0
DWIDTH 20 0
BBX 14 12 4 0
BITMAP
D9FC
7180
8180
0180
0180
01FC
0180
0180
0180
0180
0180
01FC
ENDCHAR
STARTCHAR 1F1D
ENCODING 7965
SWIDTH 1200 0
DWIDTH 20 0
BBX 14 12 4 0
BITMAP
91FC
A180
4180
0180
0180
01FC
0180
0180
0180
0180
0180
01FC
ENDCHAR
STARTCHAR 1F20
ENCODING 7968
SWIDTH 600 0
DWIDTH 10 0
BBX 8 17 1 -4
BITMAP
18
18
00
00
DE
E2
C3
C3
C3
C3
C3
C3
C3
03
03
03
03
ENDCHAR
STARTCHAR 1F21
ENCODING 7969
SWIDTH 600 0
DWIDTH 10 0
BBX 8 17 1 -4
BITMAP
18
18
00
00
DE
E2
C3
C3
C3
C3
C3
C3
C3
03
03
03
03
ENDCHAR
STARTCHAR 1F22
ENCODING 7970
SWIDTH 600 0
DWIDTH 10 0
BBX 8 17 1 -4
BITMAP
3C
34
00
00
DE
E2
C3
C3
C3
C3
C3
C3
C3
03
03
03
03
ENDCHAR
STARTCHAR 1F23
ENCODING 7971
SWIDTH 600 0
DWIDTH 10 0
BBX 8 17 1 -4
BITMAP
3C
24
10
00
DE
E2
C3
C3
C3
C3
C3
C3
C3
03
03
03
03
ENDCHAR
STARTCHAR 1F24
ENCODING 7972
SWIDTH 600 0
DWIDTH 10 0
BBX 8 17 1 -4
BITMAP
34
38
00
00
DE
E2
C3
C3
C3
C3
C3
C3
C3
03
03
03
03
ENDCHAR
STARTCHAR 1F25
ENCODING 7973
SWIDTH 600 0
DWIDTH 10 0
BBX 8 17 1 -4
BITMAP
24
28
10
00
DE
E2
C3
C3
C3
C3
C3
C3
C3
03
03
03
03
ENDCHAR
STARTCHAR 1F26
ENCODING 7974
SWIDTH 600 0
DWIDTH 10 0
BBX 8 18 1 -4
BITMAP
7E
00
18
18
00
DE
E2
C3
C3
C3
C3
C3
C3
C3
03
03
03
03
ENDCHAR
STARTCHAR 1F27
ENCODING 7975
SWIDTH 600 0
DWIDTH 10 0
BBX 8 18 1 -4
BITMAP
7E
00
18
18
00
DE
E2
C3
C3
C3
C3
C3
C3
C3
03
03
03
03
ENDCHAR
STARTCHAR 1F28
ENCODING 7976
SWIDTH 600 0
DWIDTH 10 0
BBX 9 12 0 0
BITMAP
D180
5180
9180
1180
1180
1F80
1180
1180
1180
1180
1180
1180
ENDCHAR
STARTCHAR 1F29
ENCODING 7977
SWIDTH 600 0
DWIDTH 10 0
BBX 9 12 0 0
BITMAP
D180
9180
5180
1180
1180
1F80
1180
1180
1180
1180
1180
1180
ENDCHAR
STARTCHAR 1F2A
ENCODING 7978
SWIDTH 1200 0
DWIDTH 20 0
BBX 14 12 3 0
BITMAP
F104
D104
0104
0104
0104
01FC
0104
0104
0104
0104
0104
0104
ENDCHAR
STARTCHAR 1F2B
ENCODING 7979
SWIDTH 1200 0
DWIDTH 20 0
BBX 14 12 3 0
BITMAP
F104
9104
4104
0104
0104
01FC
0104
0104
0104
0104
0104
0104
ENDCHAR
STARTCHAR 1F2C
ENCODING 7980
SWIDTH 1200 0
DWIDTH 20 0
BBX 14 12 3 0
BITMAP
D104
E104
0104
0104
0104
01FC
0104
0104
0104
0104
0104
0104
ENDCHAR
STARTCHAR 1F2D
ENCODING 7981
SWIDTH 1200 0
DWIDTH 20 0
BBX 14 12 3 0
BITMAP
D104
A104
4104
0104
0104
01FC
0104
0104
0104
0104
0104
0104
ENDCHAR
STARTCHAR 1F2E
ENCODING 7982
SWIDTH 1200 0
DWIDTH 20 0
BBX 15 13 2 0
BITMAP
FC00
0082
3082
3082
0082
0082
00FE
0082
0082
0082
0082
0082
0082
ENDCHAR
STARTCHAR 1F2F
ENCODING 7983
SWIDTH 1200 0
DWIDTH 20 0
BBX 15 13 2 0
BITMAP
FC00
0082
3082
3082
0082
0082
00FE
0082
0082
0082
0082
0082
0082
ENDCHAR
STARTCHAR 1F30
ENCODING 7984
SWIDTH 600 0
DWIDTH 10 0
BBX 4 13 4 0
BITMAP
C0
C0
00
00
C0
C0
C0
C0
C0
C0
C0
C0
70
ENDCHAR
STARTCHAR 1F31
ENCODING 7985
SWIDTH 600 0
DWIDTH 10 0
BBX 4 13 4 0
BITMAP
C0
C0
00
00
C0
C0
C0
C0
C0
C0
C0
C0
70
ENDCHAR
STARTCHAR 1F32
ENCODING 7986
SWIDTH 600 0
DWIDTH 10 0
BBX 5 13 3 0
BITMAP
F0
D0
00
00
60
60
60
60
60
60
60
60
38
ENDCHAR
STARTCHAR 1F33
ENCODING 7987
SWIDTH 600 0
DWIDTH 10 0
BBX 5 13 3 0
BITMAP
F0
90
40
00
60
60
60
60
60
60
60
60
38
ENDCHAR
STARTCHAR 1F34
ENCODING 7988
SWIDTH 600 0
DWIDTH 10 0
BBX 5 13 3 0
BITMAP
D0
E0
00
00
60
60
60
60
60
60
60
60
38
ENDCHAR
STARTCHAR 1F35
ENCODING 7989
SWIDTH 600 0
DWIDTH 10 0
BBX 5 13 3 0
BITMAP
90
A0
40
00
60
60
60
60
60
60
60
60
38
ENDCHAR
STARTCHAR 1F36
ENCODING 7990
SWIDTH 600 0
DWIDTH 10 0
BBX 6 14 2 0
BITMAP
FC
00
30
30
00
30
30
30
30
30
30
30
30
1C
ENDCHAR
STARTCHAR 1F37
ENCODING 7991
SWIDTH 600 0
DWIDTH 10 0
BBX 6 14 2 0
BITMAP
FC
00
30
30
00
30
30
30
30
30
30
30
30
1C
ENDCHAR
STARTCHAR 1F38
ENCODING 7992
SWIDTH 600 0
DWIDTH 10 0
BBX 9 12 0 0
BITMAP
DF80
4600
8600
0600
0600
0600
0600
0600
0600
0600
0600
1F80
ENDCHAR
STARTCHAR 1F39
ENCODING 7993
SWIDTH 600 0
DWIDTH 10 0
BBX 9 12 0 0
BITMAP
DF80
8600
4600
0600
0600
0600
0600
0600
0600
0600
0600
1F80
ENDCHAR
STARTCHAR 1F3A
ENCODING 7994
SWIDTH 600 0
DWIDTH 10 0
BBX 10 12 0 0
BITMAP
FFC0
5300
8300
0300
0300
0300
0300
0300
0300
0300
0300
0FC0
ENDCHAR
STARTCHAR 1F3B
ENCODING 7995
SWIDTH 600 0
DWIDTH 10 0
BBX 10 12 0 0
BITMAP
FFC0
9300
4300
0300
0300
0300
0300
0300
0300
0300
0300
0FC0
ENDCHAR
STARTCHAR 1F3C
ENCODING 7996
SWIDTH 600 0
DWIDTH 10 0
BBX 11 12 -1 0
BITMAP
5FE0
5180
8180
0180
0180
0180
0180
0180
0180
0180
0180
07E0
ENDCHAR
STARTCHAR 1F3D
ENCODING 7997
SWIDTH 600 0
DWIDTH 10 0
BBX 11 12 -1 0
BITMAP
DFE0
9180
4180
0180
0180
0180
0180
0180
0180
0180
0180
07E0
ENDCHAR
STARTCHAR 1F3E
ENCODING 7998
SWIDTH 600 0
DWIDTH 10 0
BBX 11 13 -1 0
BITMAP
FC00
03E0
33C0
1180
2180
0180
0180
0180
0180
0180
0180
0180
03E0
ENDCHAR
STARTCHAR 1F3F
ENCODING 7999
SWIDTH 600 0
DWIDTH 10 0
BBX 11 13 -1 0
BITMAP
FC00
03E0
33C0
2180
1180
0180
0180
0180
0180
0180
0180
0180
03E0
ENDCHAR
STARTCHAR 1F40
ENCODING 8000
SWIDTH 600 0
DWIDTH 10 0
BBX 8 13 1 0
BITMAP
18
18
00
00
3C
66
C3
83
81
83
C3
66
3C
ENDCHAR
STARTCHAR 1F41
ENCODING 8001
SWIDTH 600 0
DWIDTH 10 0
BBX 8 13 1 0
BITMAP
18
18
00
00
3C
66
C3
83
81
83
C3
66
3C
ENDCHAR
STARTCHAR 1F42
ENCODING 8002
SWIDTH 600 0
DWIDTH 10 0
BBX 8 13 1 0
BITMAP
3C
34
00
00
3C
66
C3
83
81
83
C3
66
3C
ENDCHAR
STARTCHAR 1F43
ENCODING 8003
SWIDTH 600 0
DWIDTH 10 0
BBX 8 13 1 0
BITMAP
3C
24
10
00
3C
66
C3
83
81
83
C3
66
3C
ENDCHAR
STARTCHAR 1F44
ENCODING 8004
SWIDTH 600 0
DWIDTH 10 0
BBX 8 13 1 0
BITMAP
34
38
00
00
3C
66
C3
83
81
83
C3
66
3C
ENDCHAR
STARTCHAR 1F45
ENCODING 8005
SWIDTH 600 0
DWIDTH 10 0
BBX 8 13 1 0
BITMAP
24
28
10
00
3C
66
C3
83
81
83
C3
66
3C
ENDCHAR
STARTCHAR 1F48
ENCODING 8008
SWIDTH 600 0
DWIDTH 10 0
BBX 9 12 0 0
BITMAP
CE00
5B00
B180
2080
2080
2080
2080
2080
2080
3180
1B00
0E00
ENDCHAR
STARTCHAR 1F49
ENCODING 8009
SWIDTH 600 0
DWIDTH 10 0
BBX 9 12 0 0
BITMAP
CE00
9B00
7180
2080
2080
2080
2080
2080
2080
3180
1B00
0E00
ENDCHAR
STARTCHAR 1F4A
ENCODING 8010
SWIDTH 1200 0
DWIDTH 20 0
BBX 15 12 3 0
BITMAP
F0F0
518C
8104
0304
0306
0306
0306
0306
0304
0104
018C
00F0
ENDCHAR
STARTCHAR 1F4B
ENCODING 8011
SWIDTH 1200 0
DWIDTH 20 0
BBX 15 12 3 0
BITMAP
B0F0
918C
4104
0304
0306
0306
0306
0306
0304
0104
018C
00F0
ENDCHAR
STARTCHAR 1F4C
ENCODING 8012
SWIDTH 1200 0
DWIDTH 20 0
BBX 15 12 3 0
BITMAP
D8F0
518C
A104
0304
0306
0306
0306
0306
0304
0104
018C
00F0
ENDCHAR
STARTCHAR 1F4D
ENCODING 8013
SWIDTH 1200 0
DWIDTH 20 0
BBX 15 12 3 0
BITMAP
D8F0
918C
6104
0304
0306
0306
0306
0306
0304
0104
018C
00F0
ENDCHAR
STARTCHAR 1F50
ENCODING 8016
SWIDTH 600 0
DWIDTH 10 0
BBX 8 13 1 0
BITMAP
18
18
00
00
C3
C3
C1
C1
C1
C1
43
66
3C
ENDCHAR
STARTCHAR 1F51
ENCODING 8017
SWIDTH 600 0
DWIDTH 10 0
BBX 8 13 1 0
BITMAP
18
18
00
00
C3
C3
C1
C1
C1
C1
43
66
3C
ENDCHAR
STARTCHAR 1F52
ENCODING 8018
SWIDTH 600 0
DWIDTH 10 0
BBX 8 13 1 0
BITMAP
3C
34
00
00
C3
C3
C1
C1
C1
C1
43
66
3C
ENDCHAR
STARTCHAR 1F53
ENCODING 8019
SWIDTH 600 0
DWIDTH 10 0
BBX 8 13 1 0
BITMAP
3C
24
10
00
C3
C3
C1
C1
C1
C1
43
66
3C
ENDCHAR
STARTCHAR 1F54
ENCODING 8020
SWIDTH 600 0
DWIDTH 10 0
BBX 8 13 1 0
BITMAP
34
38
00
00
C3
C3
C1
C1
C1
C1
43
66
3C
ENDCHAR
STARTCHAR 1F55
ENCODING 8021
SWIDTH 600 0
DWIDTH 10 0
BBX 8 13 1 0
BITMAP
24
28
10
00
C3
C3
C1
C1
C1
C1
43
66
3C
ENDCHAR
STARTCHAR 1F56
ENCODING 8022
SWIDTH 600 0
DWIDTH 10 0
BBX 8 14 1 0
BITMAP
7E
00
18
18
00
C3
C3
C1
C1
C1
C1
43
66
3C
ENDCHAR
STARTCHAR 1F57
ENCODING 8023
SWIDTH 600 0
DWIDTH 10 0
BBX 8 14 1 0
BITMAP
7E
00
18
18
00
C3
C3
C1
C1
C1
C1
43
66
3C
ENDCHAR
STARTCHAR 1F59
ENCODING 8025
SWIDTH 600 0
DWIDTH 10 0
BBX 10 12 0 0
BITMAP
B0C0
9080
5980
0900
0D00
0600
0600
0600
0600
0600
0600
0600
ENDCHAR
STARTCHAR 1F5B
ENCODING 8027
SWIDTH 1200 0
DWIDTH 20 0
BBX 15 12 3 0
BITMAP
A302
9186
4084
00CC
0048
0078
0030
0030
0030
0030
0030
0030
ENDCHAR
STARTCHAR 1F5D
ENCODING 8029
SWIDTH 1200 0
DWIDTH 20 0
BBX 15 12 3 0
BITMAP
9302
A186
4084
00CC
0048
0078
0030
0030
0030
0030
0030
0030
ENDCHAR
STARTCHAR 1F5F
ENCODING 8031
SWIDTH 1200 0
DWIDTH 20 0
BBX 16 13 2 0
BITMAP
FC00
0181
30C3
3042
0066
0024
003C
0018
0018
0018
0018
0018
0018
ENDCHAR
STARTCHAR 1F60
ENCODING 8032
SWIDTH 600 0
DWIDTH 10 0
BBX 8 13 1 0
BITMAP
18
18
00
00
42
C3
81
99
99
99
99
DB
66
ENDCHAR
STARTCHAR 1F61
ENCODING 8033
SWIDTH 600 0
DWIDTH 10 0
BBX 8 13 1 0
BITMAP
18
18
00
00
42
C3
81
99
99
99
99
DB
66
ENDCHAR
STARTCHAR 1F62
ENCODING 8034
SWIDTH 600 0
DWIDTH 10 0
BBX 8 13 1 0
BITMAP
3C
34
00
00
42
C3
81
99
99
99
99
DB
66
ENDCHAR
STARTCHAR 1F63
ENCODING 8035
SWIDTH 600 0
DWIDTH 10 0
BBX 8 13 1 0
BITMAP
3C
24
10
00
42
C3
81
99
99
99
99
DB
66
ENDCHAR
STARTCHAR 1F64
ENCODING 8036
SWIDTH 600 0
DWIDTH 10 0
BBX 8 13 1 0
BITMAP
34
38
00
00
42
C3
81
99
99
99
99
DB
66
ENDCHAR
STARTCHAR 1F65
ENCODING 8037
SWIDTH 600 0
DWIDTH 10 0
BBX 8 13 1 0
BITMAP
24
28
10
00
42
C3
81
99
99
99
99
DB
66
ENDCHAR
STARTCHAR 1F66
ENCODING 8038
SWIDTH 600 0
DWIDTH 10 0
BBX 8 14 1 0
BITMAP
7E
00
18
18
00
42
C3
81
99
99
99
99
DB
66
ENDCHAR
STARTCHAR 1F67
ENCODING 8039
SWIDTH 600 0
DWIDTH 10 0
BBX 8 14 1 0
BITMAP
7E
00
18
18
00
42
C3
81
99
99
99
99
DB
66
ENDCHAR
STARTCHAR 1F68
ENCODING 8040
SWIDTH 600 0
DWIDTH 10 0
BBX 10 12 0 0
BITMAP
CE00
5900
B180
3080
2080
2080
2080
3080
3080
1100
1900
3BC0
ENDCHAR
STARTCHAR 1F69
ENCODING 8041
SWIDTH 600 0
DWIDTH 10 0
BBX 10 12 0 0
BITMAP
CE00
9900
7180
3080
2080
2080
2080
3080
3080
1100
1900
3BC0
ENDCHAR
STARTCHAR 1F6A
ENCODING 8042
SWIDTH 1200 0
DWIDTH 20 0
BBX 16 12 2 0
BITMAP
F078
58CC
8186
0182
0182
0182
0182
0182
0186
0084
00CC
03CF
ENDCHAR
STARTCHAR 1F6B
ENCODING 8043
SWIDTH 1200 0
DWIDTH 20 0
BBX 16 12 2 0
BITMAP
F078
D8CC
0186
0182
0182
0182
0182
0182
0186
0084
00CC
03CF
ENDCHAR
STARTCHAR 1F6C
ENCODING 8044
SWIDTH 1200 0
DWIDTH 20 0
BBX 15 12 3 0
BITMAP
D0F0
E198
030C
0304
0304
0304
0304
0304
030C
0108
0198
079E
ENDCHAR
STARTCHAR 1F6D
ENCODING 8045
SWIDTH 1200 0
DWIDTH 20 0
BBX 15 12 3 0
BITMAP
D0F0
A198
430C
0304
0304
0304
0304
0304
030C
0108
0198
079E
ENDCHAR
STARTCHAR 1F6E
ENCODING 8046
SWIDTH 1200 0
DWIDTH 20 0
BBX 16 13 2 0
BITMAP
FC00
0078
30CC
3186
0182
0182
0182
0182
0182
0186
0084
00CC
03CF
ENDCHAR
STARTCHAR 1F6F
ENCODING 8047
SWIDTH 1200 0
DWIDTH 20 0
BBX 16 13 2 0
BITMAP
FC00
0078
30CC
3186
0182
0182
0182
0182
0182
0186
0084
00CC
03CF
ENDCHAR
STARTCHAR 1F70
ENCODING 8048
SWIDTH 600 0
DWIDTH 10 0
BBX 9 13 1 0
BITMAP
3000
1000
1800
0000
3B00
4600
C200
8200
8200
8200
C200
4600
3B80
ENDCHAR
STARTCHAR 1F71
ENCODING 8049
SWIDTH 600 0
DWIDTH 10 0
BBX 9 13 1 0
BITMAP
0C00
0800
1800
0000
3B00
4600
C200
8200
8200
8200
C200
4600
3B80
ENDCHAR
STARTCHAR 1F72
ENCODING 8050
SWIDTH 600 0
DWIDTH 10 0
BBX 6 13 2 0
BITMAP
60
20
30
00
7C
C4
80
C0
38
C0
80
C4
7C
ENDCHAR
STARTCHAR 1F73
ENCODING 8051
SWIDTH 600 0
DWIDTH 10 0
BBX 6 13 2 0
BITMAP
18
10
30
00
7C
C4
80
C0
38
C0
80
C4
7C
ENDCHAR
STARTCHAR 1F74
ENCODING 8052
SWIDTH 600 0
DWIDTH 10 0
BBX 8 17 1 -4
BITMAP
30
10
18
00
DE
E2
C3
C3
C3
C3
C3
C3
C3
03
03
03
03
ENDCHAR
STARTCHAR 1F75
ENCODING 8053
SWIDTH 600 0
DWIDTH 10 0
BBX 8 17 1 -4
BITMAP
0C
08
18
00
DE
E2
C3
C3
C3
C3
C3
C3
C3
03
03
03
03
ENDCHAR
STARTCHAR 1F76
ENCODING 8054
SWIDTH 600 0
DWIDTH 10 0
BBX 5 13 3 0
BITMAP
C0
40
60
00
60
60
60
60
60
60
60
60
38
ENDCHAR
STARTCHAR 1F77
ENCODING 8055
SWIDTH 600 0
DWIDTH 10 0
BBX 4 13 4 0
BITMAP
60
40
C0
00
C0
C0
C0
C0
C0
C0
C0
C0
70
ENDCHAR
STARTCHAR 1F78
ENCODING 8056
SWIDTH 600 0
DWIDTH 10 0
BBX 8 13 1 0
BITMAP
30
10
18
00
3C
66
C3
83
81
83
C3
66
3C
ENDCHAR
STARTCHAR 1F79
ENCODING 8057
SWIDTH 600 0
DWIDTH 10 0
BBX 8 13 1 0
BITMAP
0C
08
18
00
3C
66
C3
83
81
83
C3
66
3C
ENDCHAR
STARTCHAR 1F7A
ENCODING 8058
SWIDTH 600 0
DWIDTH 10 0
BBX 8 13 1 0
BITMAP
30
10
18
00
C3
C3
C1
C1
C1
C1
43
66
3C
ENDCHAR
STARTCHAR 1F7B
ENCODING 8059
SWIDTH 600 0
DWIDTH 10 0
BBX 8 13 1 0
BITMAP
0C
08
18
00
C3
C3
C1
C1
C1
C1
43
66
3C
ENDCHAR
STARTCHAR 1F7C
ENCODING 8060
SWIDTH 600 0
DWIDTH 10 0
BBX 8 13 1 0
BITMAP
30
10
18
00
42
C3
81
99
99
99
99
DB
66
ENDCHAR
STARTCHAR 1F7D
ENCODING 8061
SWIDTH 600 0
DWIDTH 10 0
BBX 8 13 1 0
BITMAP
0C
08
18
00
42
C3
81
99
99
99
99
DB
66
ENDCHAR
STARTCHAR 1F80
ENCODING 8064
SWIDTH 600 0
DWIDTH 10 0
BBX 9 17 1 -4
BITMAP
1800
1800
0000
0000
3B00
4600
C200
8200
8200
8200
C200
4600
3B80
0000
0000
1000
1C00
ENDCHAR
STARTCHAR 1F81
ENCODING 8065
SWIDTH 600 0
DWIDTH 10 0
BBX 9 17 1 -4
BITMAP
1800
1800
0000
0000
3B00
4600
C200
8200
8200
8200
C200
4600
3B80
0000
0000
1000
1C00
ENDCHAR
STARTCHAR 1F82
ENCODING 8066
SWIDTH 600 0
DWIDTH 10 0
BBX 9 17 1 -4
BITMAP
3C00
3400
0000
0000
3B00
4600
C200
8200
8200
8200
C200
4600
3B80
0000
0000
1000
1C00
ENDCHAR
STARTCHAR 1F83
ENCODING 8067
SWIDTH 600 0
DWIDTH 10 0
BBX 9 17 1 -4
BITMAP
3C00
2400
1000
0000
3B00
4600
C200
8200
8200
8200
C200
4600
3B80
0000
0000
1000
1C00
ENDCHAR
STARTCHAR 1F84
ENCODING 8068
SWIDTH 600 0
DWIDTH 10 0
BBX 9 17 1 -4
BITMAP
3400
3800
0000
0000
3B00
4600
C200
8200
8200
8200
C200
4600
3B80
0000
0000
1000
1C00
ENDCHAR
STARTCHAR 1F85
ENCODING 8069
SWIDTH 600 0
DWIDTH 10 0
BBX 9 17 1 -4
BITMAP
2400
2800
1000
0000
3B00
4600
C200
8200
8200
8200
C200
4600
3B80
0000
0000
1000
1C00
ENDCHAR
STARTCHAR 1F86
ENCODING 8070
SWIDTH 600 0
DWIDTH 10 0
BBX 9 18 1 -4
BITMAP
7E00
0000
1800
1800
0000
3B00
4600
C200
8200
8200
8200
C200
4600
3B80
0000
0000
1000
1C00
ENDCHAR
STARTCHAR 1F87
ENCODING 8071
SWIDTH 600 0
DWIDTH 10 0
BBX 9 18 1 -4
BITMAP
7E00
0000
1800
1800
0000
3B00
4600
C200
8200
8200
8200
C200
4600
3B80
0000
0000
1000
1C00
ENDCHAR
STARTCHAR 1F88
ENCODING 8072
SWIDTH 1200 0
DWIDTH 20 0
BBX 17 13 2 0
BITMAP
C00000
C60000
070000
050000
0D0400
098400
098400
188400
1FC400
10C400
304400
304600
206380
ENDCHAR
STARTCHAR 1F89
ENCODING 8073
SWIDTH 1200 0
DWIDTH 20 0
BBX 17 12 2 0
BITMAP
860000
870000
050000
0D0400
098400
098400
188400
1FC400
10C400
304400
304600
206380
ENDCHAR
STARTCHAR 1F8A
ENCODING 8074
SWIDTH 1200 0
DWIDTH 20 0
BBX 19 12 0 0
BITMAP
F18000
D1C000
014000
034100
026100
026100
062100
07F100
043100
0C1100
0C1180
0818E0
ENDCHAR
STARTCHAR 1F8B
ENCODING 8075
SWIDTH 1200 0
DWIDTH 20 0
BBX 19 12 0 0
BITMAP
F18000
91C000
414000
034100
026100
026100
062100
07F100
043100
0C1100
0C1180
0818E0
ENDCHAR
STARTCHAR 1F8C
ENCODING 8076
SWIDTH 1200 0
DWIDTH 20 0
BBX 18 12 1 0
BITMAP
B30000
A38000
028000
068200
04C200
04C200
0C4200
0FE200
086200
182200
182300
1031C0
ENDCHAR
STARTCHAR 1F8D
ENCODING 8077
SWIDTH 1200 0
DWIDTH 20 0
BBX 19 12 0 0
BITMAP
D98000
51C000
014000
034100
026100
026100
062100
07F100
043100
0C1100
0C1180
0818E0
ENDCHAR
STARTCHAR 1F8E
ENCODING 8078
SWIDTH 1200 0
DWIDTH 20 0
BBX 19 13 0 0
BITMAP
FC0000
018000
31C000
314000
034100
026100
026100
062100
07F100
043100
0C1100
0C1180
0818E0
ENDCHAR
STARTCHAR 1F8F
ENCODING 8079
SWIDTH 1200 0
DWIDTH 20 0
BBX 19 13 0 0
BITMAP
FC0000
018000
31C000
314000
034100
026100
026100
062100
07F100
043100
0C1100
0C1180
0818E0
ENDCHAR
STARTCHAR 1F90
ENCODING 8080
SWIDTH 600 0
DWIDTH 10 0
BBX 8 17 1 -4
BITMAP
18
18
00
00
DE
E2
C3
C3
C3
C3
C3
C3
C3
03
03
C3
63
ENDCHAR
STARTCHAR 1F91
ENCODING 8081
SWIDTH 600 0
DWIDTH 10 0
BBX 8 17 1 -4
BITMAP
18
18
00
00
DE
E2
C3
C3
C3
C3
C3
C3
C3
03
03
C3
63
ENDCHAR
STARTCHAR 1F92
ENCODING 8082
SWIDTH 600 0
DWIDTH 10 0
BBX 8 17 1 -4
BITMAP
3C
34
00
00
DE
E2
C3
C3
C3
C3
C3
C3
C3
03
03
C3
63
ENDCHAR
STARTCHAR 1F93
ENCODING 8083
SWIDTH 600 0
DWIDTH 10 0
BBX 8 17 1 -4
BITMAP
3C
24
10
00
DE
E2
C3
C3
C3
C3
C3
C3
C3
03
03
C3
63
ENDCHAR
STARTCHAR 1F94
ENCODING 8084
SWIDTH 600 0
DWIDTH 10 0
BBX 8 17 1 -4
BITMAP
34
38
00
00
DE
E2
C3
C3
C3
C3
C3
C3
C3
03
03
C3
63
ENDCHAR
STARTCHAR 1F95
ENCODING 8085
SWIDTH 600 0
DWIDTH 10 0
BBX 8 17 1 -4
BITMAP
24
28
10
00
DE
E2
C3
C3
C3
C3
C3
C3
C3
03
03
C3
63
ENDCHAR
STARTCHAR 1F96
ENCODING 8086
SWIDTH 600 0
DWIDTH 10 0
BBX 8 18 1 -4
BITMAP
7E
00
18
18
00
DE
E2
C3
C3
C3
C3
C3
C3
C3
03
03
C3
63
ENDCHAR
STARTCHAR 1F97
ENCODING 8087
SWIDTH 600 0
DWIDTH 10 0
BBX 8 18 1 -4
BITMAP
7E
00
18
18
00
DE
E2
C3
C3
C3
C3
C3
C3
C3
03
03
C3
63
ENDCHAR
STARTCHAR 1F98
ENCODING 8088
SWIDTH 1200 0
DWIDTH 20 0
BBX 19 12 0 0
BITMAP
CC3000
CC3000
0C3000
0C3100
0C3100
0FF100
0C3100
0C3100
0C3100
0C3100
0C3180
0C30E0
ENDCHAR
STARTCHAR 1F99
ENCODING 8089
SWIDTH 1200 0
DWIDTH 20 0
BBX 18 13 1 0
BITMAP
800000
986000
186000
186000
186200
186200
1FE200
186200
186200
186200
186200
186300
1861C0
ENDCHAR
STARTCHAR 1F9A
ENCODING 8090
SWIDTH 1200 0
DWIDTH 20 0
BBX 20 12 -1 0
BITMAP
761800
5E1800
861800
061880
061880
07F880
061880
061880
061880
061880
0618C0
061870
ENDCHAR
STARTCHAR 1F9B
ENCODING 8091
SWIDTH 1200 0
DWIDTH 20 0
BBX 20 12 -1 0
BITMAP
F61800
DE1800
061800
061880
061880
07F880
061880
061880
061880
061880
0618C0
061870
ENDCHAR
STARTCHAR 1F9C
ENCODING 8092
SWIDTH 1200 0
DWIDTH 20 0
BBX 20 12 -1 0
BITMAP
DE1800
561800
861800
061880
061880
07F880
061880
061880
061880
061880
0618C0
061870
ENDCHAR
STARTCHAR 1F9D
ENCODING 8093
SWIDTH 1200 0
DWIDTH 20 0
BBX 20 12 -1 0
BITMAP
DE1800
D61800
061800
061880
061880
07F880
061880
061880
061880
061880
0618C0
061870
ENDCHAR
STARTCHAR 1F9E
ENCODING 8094
SWIDTH 1200 0
DWIDTH 20 0
BBX 20 13 -1 0
BITMAP
F80000
061800
261800
661800
061880
061880
07F880
061880
061880
061880
061880
0618C0
061870
ENDCHAR
STARTCHAR 1F9F
ENCODING 8095
SWIDTH 1200 0
DWIDTH 20 0
BBX 21 13 -2 0
BITMAP
7C0000
830C00
330C00
130C00
030C40
030C40
03FC40
030C40
030C40
030C40
030C40
030C60
030C38
ENDCHAR
STARTCHAR 1FA0
ENCODING 8096
SWIDTH 600 0
DWIDTH 10 0
BBX 8 17 1 -4
BITMAP
18
18
00
00
42
C3
81
99
99
99
99
DB
66
00
00
18
0C
ENDCHAR
STARTCHAR 1FA1
ENCODING 8097
SWIDTH 600 0
DWIDTH 10 0
BBX 8 17 1 -4
BITMAP
18
18
00
00
42
C3
81
99
99
99
99
DB
66
00
00
18
0C
ENDCHAR
STARTCHAR 1FA2
ENCODING 8098
SWIDTH 600 0
DWIDTH 10 0
BBX 8 17 1 -4
BITMAP
3C
34
00
00
42
C3
81
99
99
99
99
DB
66
00
00
18
0C
ENDCHAR
STARTCHAR 1FA3
ENCODING 8099
SWIDTH 600 0
DWIDTH 10 0
BBX 8 17 1 -4
BITMAP
3C
24
10
00
42
C3
81
99
99
99
99
DB
66
00
00
18
0C
ENDCHAR
STARTCHAR 1FA4
ENCODING 8100
SWIDTH 600 0
DWIDTH 10 0
BBX 8 17 1 -4
BITMAP
34
38
00
00
42
C3
81
99
99
99
99
DB
66
00
00
18
0C
ENDCHAR
STARTCHAR 1FA5
ENCODING 8101
SWIDTH 600 0
DWIDTH 10 0
BBX 8 17 1 -4
BITMAP
24
28
10
00
42
C3
81
99
99
99
99
DB
66
00
00
18
0C
ENDCHAR
STARTCHAR 1FA6
ENCODING 8102
SWIDTH 600 0
DWIDTH 10 0
BBX 8 18 1 -4
BITMAP
7E
00
18
18
00
42
C3
81
99
99
99
99
DB
66
00
00
18
0C
ENDCHAR
STARTCHAR 1FA7
ENCODING 8103
SWIDTH 600 0
DWIDTH 10 0
BBX 8 18 1 -4
BITMAP
7E
00
18
18
00
42
C3
81
99
99
99
99
DB
66
00
00
18
0C
ENDCHAR
STARTCHAR 1FA8
ENCODING 8104
SWIDTH 1200 0
DWIDTH 20 0
BBX 19 13 1 0
BITMAP
C00000
C3C000
0C6000
0C2000
083300
183300
183300
183300
083300
082300
0C2300
044100
1EF1E0
ENDCHAR
STARTCHAR 1FA9
ENCODING 8105
SWIDTH 1200 0
DWIDTH 20 0
BBX 19 12 1 0
BITMAP
C3C000
CC6000
0C2000
083300
183300
183300
183300
083300
082300
0C2300
044100
1EF1E0
ENDCHAR
STARTCHAR 1FAA
ENCODING 8106
SWIDTH 1200 0
DWIDTH 20 0
BBX 20 12 0 0
BITMAP
F1E000
963000
061000
041980
0C1980
0C1980
0C1980
041980
041180
061180
022080
0F78F0
ENDCHAR
STARTCHAR 1FAB
ENCODING 8107
SWIDTH 1200 0
DWIDTH 20 0
BBX 20 12 0 0
BITMAP
F1E000
963000
461000
041980
0C1980
0C1980
0C1980
041980
041180
061180
022080
0F78F0
ENDCHAR
STARTCHAR 1FAC
ENCODING 8108
SWIDTH 1200 0
DWIDTH 20 0
BBX 20 12 0 0
BITMAP
D9E000
763000
861000
041980
0C1980
0C1980
0C1980
041980
041180
061180
022080
0F78F0
ENDCHAR
STARTCHAR 1FAD
ENCODING 8109
SWIDTH 1200 0
DWIDTH 20 0
BBX 20 12 0 0
BITMAP
D9E000
B63000
461000
041980
0C1980
0C1980
0C1980
041980
041180
061180
022080
0F78F0
ENDCHAR
STARTCHAR 1FAE
ENCODING 8110
SWIDTH 1200 0
DWIDTH 20 0
BBX 20 13 0 0
BITMAP
FC0000
01E000
363000
361000
041980
0C1980
0C1980
0C1980
041980
041180
061180
022080
0F78F0
ENDCHAR
STARTCHAR 1FAF
ENCODING 8111
SWIDTH 1200 0
DWIDTH 20 0
BBX 20 13 0 0
BITMAP
FC0000
01E000
363000
361000
041980
0C1980
0C1980
0C1980
041980
041180
061180
022080
0F78F0
ENDCHAR
STARTCHAR 1FB0
ENCODING 8112
SWIDTH 600 0
DWIDTH 10 0
BBX 9 12 1 0
BITMAP
6600
3C00
0000
3B00
4600
C200
8200
8200
8200
C200
4600
3B80
ENDCHAR
STARTCHAR 1FB1
ENCODING 8113
SWIDTH 600 0
DWIDTH 10 0
BBX 9 11 1 0
BITMAP
3C00
0000
3B00
4600
C200
8200
8200
8200
C200
4600
3B80
ENDCHAR
STARTCHAR 1FB2
ENCODING 8114
SWIDTH 600 0
DWIDTH 10 0
BBX 9 17 1 -4
BITMAP
3000
1000
1800
0000
3B00
4600
C200
8200
8200
8200
C200
4600
3B80
0000
0000
1000
1C00
ENDCHAR
STARTCHAR 1FB3
ENCODING 8115
SWIDTH 600 0
DWIDTH 10 0
BBX 9 13 1 -4
BITMAP
3B00
4600
C200
8200
8200
8200
C200
4600
3B80
0000
0000
1000
1C00
ENDCHAR
STARTCHAR 1FB4
ENCODING 8116
SWIDTH 600 0
DWIDTH 10 0
BBX 9 17 1 -4
BITMAP
0C00
0800
1800
0000
3B00
4600
C200
8200
8200
8200
C200
4600
3B80
0000
0000
1000
1C00
ENDCHAR
STARTCHAR 1FB6
ENCODING 8118
SWIDTH 600 0
DWIDTH 10 0
BBX 9 12 1 0
BITMAP
3200
4E00
0000
3B00
4600
C200
8200
8200
8200
C200
4600
3B80
ENDCHAR
STARTCHAR 1FB7
ENCODING 8119
SWIDTH 600 0
DWIDTH 10 0
BBX 9 16 1 -4
BITMAP
3200
4E00
0000
3B00
4600
C200
8200
8200
8200
C200
4600
3B80
0000
0000
1000
1C00
ENDCHAR
STARTCHAR 1FB8
ENCODING 8120
SWIDTH 600 0
DWIDTH 10 0
BBX 10 15 0 0
BITMAP
3300
1E00
0000
0C00
0C00
1E00
1200
1200
3300
3300
3F00
6180
6180
4080
C0C0
ENDCHAR
STARTCHAR 1FB9
ENCODING 8121
SWIDTH 600 0
DWIDTH 10 0
BBX 10 14 0 0
BITMAP
1E00
0000
0C00
0C00
1E00
1200
1200
3300
3300
3F00
6180
6180
4080
C0C0
ENDCHAR
STARTCHAR 1FBA
ENCODING 8122
SWIDTH 600 0
DWIDTH 10 0
BBX 10 13 0 0
BITMAP
C000
4C00
4C00
1E00
1200
1200
3300
3300
3F00
6180
6180
4080
C0C0
ENDCHAR
STARTCHAR 1FBB
ENCODING 8123
SWIDTH 600 0
DWIDTH 10 0
BBX 10 13 0 0
BITMAP
4000
CC00
8C00
1E00
1200
1200
3300
3300
3F00
6180
6180
4080
C0C0
ENDCHAR
STARTCHAR 1FBC
ENCODING 8124
SWIDTH 1200 0
DWIDTH 20 0
BBX 15 12 4 0
BITMAP
1800
1C00
1400
3410
2610
2610
6210
7F10
4310
C110
C118
818E
ENDCHAR
STARTCHAR 1FBD
ENCODING 8125
SWIDTH 600 0
DWIDTH 10 0
BBX 2 2 4 11
BITMAP
C0
C0
ENDCHAR
STARTCHAR 1FBE
ENCODING 8126
SWIDTH 600 0
DWIDTH 10 0
BBX 2 2 4 -4
BITMAP
80
C0
ENDCHAR
STARTCHAR 1FBF
ENCODING 8127
SWIDTH 600 0
DWIDTH 10 0
BBX 2 2 4 11
BITMAP
C0
C0
ENDCHAR
STARTCHAR 1FC0
ENCODING 8128
SWIDTH 600 0
DWIDTH 10 0
BBX 6 2 2 10
BITMAP
64
9C
ENDCHAR
STARTCHAR 1FC1
ENCODING 8129
SWIDTH 600 0
DWIDTH 10 0
BBX 6 4 2 11
BITMAP
64
9C
00
48
ENDCHAR
STARTCHAR 1FC2
ENCODING 8130
SWIDTH 600 0
DWIDTH 10 0
BBX 8 17 1 -4
BITMAP
30
10
18
00
DE
E2
C3
C3
C3
C3
C3
C3
C3
03
03
C3
63
ENDCHAR
STARTCHAR 1FC3
ENCODING 8131
SWIDTH 600 0
DWIDTH 10 0
BBX 8 13 1 -4
BITMAP
DE
E2
C3
C3
C3
C3
C3
C3
C3
03
03
C3
63
ENDCHAR
STARTCHAR 1FC4
ENCODING 8132
SWIDTH 600 0
DWIDTH 10 0
BBX 8 17 1 -4
BITMAP
0C
08
18
00
DE
E2
C3
C3
C3
C3
C3
C3
C3
03
03
C3
63
ENDCHAR
STARTCHAR 1FC6
ENCODING 8134
SWIDTH 600 0
DWIDTH 10 0
BBX 8 16 1 -4
BITMAP
32
4E
00
DE
E2
C3
C3
C3
C3
C3
C3
C3
03
03
03
03
ENDCHAR
STARTCHAR 1FC7
ENCODING 8135
SWIDTH 600 0
DWIDTH 10 0
BBX 8 16 1 -4
BITMAP
32
4E
00
DE
E2
C3
C3
C3
C3
C3
C3
C3
03
03
C3
63
ENDCHAR
STARTCHAR 1FC8
ENCODING 8136
SWIDTH 600 0
DWIDTH 10 0
BBX 9 13 0 0
BITMAP
C000
5F80
5000
1000
1000
1000
1F00
1000
1000
1000
1000
1000
1F80
ENDCHAR
STARTCHAR 1FC9
ENCODING 8137
SWIDTH 600 0
DWIDTH 10 0
BBX 9 13 0 0
BITMAP
C000
DF80
9000
1000
1000
1000
1F00
1000
1000
1000
1000
1000
1F80
ENDCHAR
STARTCHAR 1FCA
ENCODING 8138
SWIDTH 600 0
DWIDTH 10 0
BBX 9 13 0 0
BITMAP
8000
D180
5180
1180
1180
1180
1F80
1180
1180
1180
1180
1180
1180
ENDCHAR
STARTCHAR 1FCB
ENCODING 8139
SWIDTH 600 0
DWIDTH 10 0
BBX 9 13 0 0
BITMAP
C000
9180
9180
1180
1180
1180
1F80
1180
1180
1180
1180
1180
1180
ENDCHAR
STARTCHAR 1FCC
ENCODING 8140
SWIDTH 1200 0
DWIDTH 20 0
BBX 15 12 4 0
BITMAP
C300
C300
C300
C310
C310
FF10
C310
C310
C310
C310
C318
C30E
ENDCHAR
STARTCHAR 1FCD
ENCODING 8141
SWIDTH 600 0
DWIDTH 10 0
BBX 4 2 3 11
BITMAP
F0
D0
ENDCHAR
STARTCHAR 1FCE
ENCODING 8142
SWIDTH 600 0
DWIDTH 10 0
BBX 4 2 3 11
BITMAP
D0
E0
ENDCHAR
STARTCHAR 1FCF
ENCODING 8143
SWIDTH 600 0
DWIDTH 10 0
BBX 6 4 2 10
BITMAP
FC
00
30
30
ENDCHAR
STARTCHAR 1FD0
ENCODING 8144
SWIDTH 600 0
DWIDTH 10 0
BBX 6 12 2 0
BITMAP
CC
78
00
30
30
30
30
30
30
30
30
1C
ENDCHAR
STARTCHAR 1FD1
ENCODING 8145
SWIDTH 600 0
DWIDTH 10 0
BBX 5 11 3 0
BITMAP
F0
00
60
60
60
60
60
60
60
60
38
ENDCHAR
STARTCHAR 1FD2
ENCODING 8146
SWIDTH 600 0
DWIDTH 10 0
BBX 6 13 2 0
BITMAP
60
DC
00
00
30
30
30
30
30
30
30
30
1C
ENDCHAR
STARTCHAR 1FD3
ENCODING 8147
SWIDTH 600 0
DWIDTH 10 0
BBX 6 13 2 0
BITMAP
18
EC
00
00
30
30
30
30
30
30
30
30
1C
ENDCHAR
STARTCHAR 1FD6
ENCODING 8150
SWIDTH 600 0
DWIDTH 10 0
BBX 6 12 2 0
BITMAP
64
9C
00
30
30
30
30
30
30
30
30
1C
ENDCHAR
STARTCHAR 1FD7
ENCODING 8151
SWIDTH 600 0
DWIDTH 10 0
BBX 6 15 2 0
BITMAP
64
9C
00
48
00
00
30
30
30
30
30
30
30
30
1C
ENDCHAR
STARTCHAR 1FD8
ENCODING 8152
SWIDTH 600 0
DWIDTH 10 0
BBX 6 15 2 0
BITMAP
CC
78
00
FC
30
30
30
30
30
30
30
30
30
30
FC
ENDCHAR
STARTCHAR 1FD9
ENCODING 8153
SWIDTH 600 0
DWIDTH 10 0
BBX 6 14 2 0
BITMAP
78
00
FC
30
30
30
30
30
30
30
30
30
30
FC
ENDCHAR
STARTCHAR 1FDA
ENCODING 8154
SWIDTH 600 0
DWIDTH 10 0
BBX 9 13 0 0
BITMAP
C000
5F80
4600
0600
0600
0600
0600
0600
0600
0600
0600
0600
1F80
ENDCHAR
STARTCHAR 1FDB
ENCODING 8155
SWIDTH 600 0
DWIDTH 10 0
BBX 9 13 0 0
BITMAP
C000
DF80
8600
0600
0600
0600
0600
0600
0600
0600
0600
0600
1F80
ENDCHAR
STARTCHAR 1FDD
ENCODING 8157
SWIDTH 600 0
DWIDTH 10 0
BBX 4 2 3 11
BITMAP
F0
D0
ENDCHAR
STARTCHAR 1FDE
ENCODING 8158
SWIDTH 600 0
DWIDTH 10 0
BBX 4 2 3 11
BITMAP
90
E0
ENDCHAR
STARTCHAR 1FDF
ENCODING 8159
SWIDTH 600 0
DWIDTH 10 0
BBX 6 4 2 10
BITMAP
FC
00
30
30
ENDCHAR
STARTCHAR 1FE0
ENCODING 8160
SWIDTH 600 0
DWIDTH 10 0
BBX 8 12 1 0
BITMAP
66
3C
00
C3
C3
C1
C1
C1
C1
43
66
3C
ENDCHAR
STARTCHAR 1FE1
ENCODING 8161
SWIDTH 600 0
DWIDTH 10 0
BBX 8 11 1 0
BITMAP
3C
00
C3
C3
C1
C1
C1
C1
43
66
3C
ENDCHAR
STARTCHAR 1FE2
ENCODING 8162
SWIDTH 600 0
DWIDTH 10 0
BBX 8 13 1 0
BITMAP
30
6E
00
00
C3
C3
C1
C1
C1
C1
43
66
3C
ENDCHAR
STARTCHAR 1FE3
ENCODING 8163
SWIDTH 600 0
DWIDTH 10 0
BBX 8 13 1 0
BITMAP
0C
76
00
00
C3
C3
C1
C1
C1
C1
43
66
3C
ENDCHAR
STARTCHAR 1FE4
ENCODING 8164
SWIDTH 600 0
DWIDTH 10 0
BBX 8 17 1 -4
BITMAP
18
18
00
00
3C
66
43
C1
C1
C1
C3
E6
FC
C0
C0
C0
C0
ENDCHAR
STARTCHAR 1FE5
ENCODING 8165
SWIDTH 600 0
DWIDTH 10 0
BBX 8 17 1 -4
BITMAP
18
18
00
00
3C
66
43
C1
C1
C1
C3
E6
FC
C0
C0
C0
C0
ENDCHAR
STARTCHAR 1FE6
ENCODING 8166
SWIDTH 600 0
DWIDTH 10 0
BBX 8 12 1 0
BITMAP
32
4E
00
C3
C3
C1
C1
C1
C1
43
66
3C
ENDCHAR
STARTCHAR 1FE7
ENCODING 8167
SWIDTH 600 0
DWIDTH 10 0
BBX 8 15 1 0
BITMAP
32
4E
00
24
00
00
C3
C3
C1
C1
C1
C1
43
66
3C
ENDCHAR
STARTCHAR 1FE8
ENCODING 8168
SWIDTH 600 0
DWIDTH 10 0
BBX 8 15 1 0
BITMAP
66
3C
00
81
C3
42
66
24
3C
18
18
18
18
18
18
ENDCHAR
STARTCHAR 1FE9
ENCODING 8169
SWIDTH 600 0
DWIDTH 10 0
BBX 8 14 1 0
BITMAP
3C
00
81
C3
42
66
24
3C
18
18
18
18
18
18
ENDCHAR
STARTCHAR 1FEA
ENCODING 8170
SWIDTH 600 0
DWIDTH 10 0
BBX 10 13 0 0
BITMAP
8000
B0C0
5080
1980
0900
0F00
0600
0600
0600
0600
0600
0600
0600
ENDCHAR
STARTCHAR 1FEB
ENCODING 8171
SWIDTH 600 0
DWIDTH 10 0
BBX 11 13 -1 0
BITMAP
6000
5860
C840
0CC0
0480
0780
0300
0300
0300
0300
0300
0300
0300
ENDCHAR
STARTCHAR 1FEC
ENCODING 8172
SWIDTH 600 0
DWIDTH 10 0
BBX 9 12 0 0
BITMAP
DF00
9180
5080
1080
1080
1180
1F00
1000
1000
1000
1000
1000
ENDCHAR
STARTCHAR 1FED
ENCODING 8173
SWIDTH 600 0
DWIDTH 10 0
BBX 6 2 2 11
BITMAP
60
DC
ENDCHAR
STARTCHAR 1FEE
ENCODING 8174
SWIDTH 600 0
DWIDTH 10 0
BBX 6 2 2 11
BITMAP
18
EC
ENDCHAR
STARTCHAR 1FEF
ENCODING 8175
SWIDTH 600 0
DWIDTH 10 0
BBX 3 3 3 10
BITMAP
C0
40
60
ENDCHAR
STARTCHAR 1FF2
ENCODING 8178
SWIDTH 600 0
DWIDTH 10 0
BBX 8 17 1 -4
BITMAP
30
10
18
00
42
C3
81
99
99
99
99
DB
66
00
00
18
0C
ENDCHAR
STARTCHAR 1FF3
ENCODING 8179
SWIDTH 600 0
DWIDTH 10 0
BBX 8 13 1 -4
BITMAP
42
C3
81
99
99
99
99
DB
66
00
00
18
0C
ENDCHAR
STARTCHAR 1FF4
ENCODING 8180
SWIDTH 600 0
DWIDTH 10 0
BBX 8 17 1 -4
BITMAP
0C
08
18
00
42
C3
81
99
99
99
99
DB
66
00
00
18
0C
ENDCHAR
STARTCHAR 1FF6
ENCODING 8182
SWIDTH 600 0
DWIDTH 10 0
BBX 8 12 1 0
BITMAP
32
4E
00
42
C3
81
99
99
99
99
DB
66
ENDCHAR
STARTCHAR 1FF7
ENCODING 8183
SWIDTH 600 0
DWIDTH 10 0
BBX 8 16 1 -4
BITMAP
32
4E
00
42
C3
81
99
99
99
99
DB
66
00
00
18
0C
ENDCHAR
STARTCHAR 1FF8
ENCODING 8184
SWIDTH 600 0
DWIDTH 10 0
BBX 9 13 0 0
BITMAP
8000
CE00
5B00
3180
2080
2080
2080
2080
2080
2080
3180
1B00
0E00
ENDCHAR
STARTCHAR 1FF9
ENCODING 8185
SWIDTH 600 0
DWIDTH 10 0
BBX 9 13 0 0
BITMAP
4000
CE00
9B00
3180
2080
2080
2080
2080
2080
2080
3180
1B00
0E00
ENDCHAR
STARTCHAR 1FFA
ENCODING 8186
SWIDTH 600 0
DWIDTH 10 0
BBX 10 13 0 0
BITMAP
C000
CE00
5900
3180
3080
2080
2080
2080
3080
3080
1100
1900
3BC0
ENDCHAR
STARTCHAR 1FFB
ENCODING 8187
SWIDTH 600 0
DWIDTH 10 0
BBX 10 13 0 0
BITMAP
4000
4E00
9900
3180
3080
2080
2080
2080
3080
3080
1100
1900
3BC0
ENDCHAR
STARTCHAR 1FFC
ENCODING 8188
SWIDTH 1200 0
DWIDTH 20 0
BBX 16 12 4 0
BITMAP
1E00
6300
6100
4198
C198
C198
C198
4198
4118
6118
2208
F78F
ENDCHAR
STARTCHAR 1FFD
ENCODING 8189
SWIDTH 600 0
DWIDTH 10 0
BBX 3 3 4 10
BITMAP
60
40
C0
ENDCHAR
STARTCHAR 1FFE
ENCODING 8190
SWIDTH 600 0
DWIDTH 10 0
BBX 2 2 4 11
BITMAP
C0
C0
ENDCHAR
STARTCHAR 2000
ENCODING 8192
SWIDTH 600 0
DWIDTH 10 0
BBX 0 0 0 0
BITMAP
ENDCHAR
STARTCHAR 2001
ENCODING 8193
SWIDTH 600 0
DWIDTH 10 0
BBX 0 0 0 0
BITMAP
ENDCHAR
STARTCHAR 2002
ENCODING 8194
SWIDTH 600 0
DWIDTH 10 0
BBX 0 0 0 0
BITMAP
ENDCHAR
STARTCHAR 2003
ENCODING 8195
SWIDTH 600 0
DWIDTH 10 0
BBX 0 0 0 0
BITMAP
ENDCHAR
STARTCHAR 2004
ENCODING 8196
SWIDTH 600 0
DWIDTH 10 0
BBX 0 0 0 0
BITMAP
ENDCHAR
STARTCHAR 2005
ENCODING 8197
SWIDTH 600 0
DWIDTH 10 0
BBX 0 0 0 0
BITMAP
ENDCHAR
STARTCHAR 2006
ENCODING 8198
SWIDTH 600 0
DWIDTH 10 0
BBX 0 0 0 0
BITMAP
ENDCHAR
STARTCHAR 2007
ENCODING 8199
SWIDTH 600 0
DWIDTH 10 0
BBX 0 0 0 0
BITMAP
ENDCHAR
STARTCHAR 2008
ENCODING 8200
SWIDTH 600 0
DWIDTH 10 0
BBX 0 0 0 0
BITMAP
ENDCHAR
STARTCHAR 2009
ENCODING 8201
SWIDTH 600 0
DWIDTH 10 0
BBX 0 0 0 0
BITMAP
ENDCHAR
STARTCHAR 200A
ENCODING 8202
SWIDTH 600 0
DWIDTH 10 0
BBX 0 0 0 0
BITMAP
ENDCHAR
STARTCHAR 200B
ENCODING 8203
SWIDTH 0 0
DWIDTH 0 0
BBX 0 0 0 0
BITMAP
ENDCHAR
STARTCHAR 200C
ENCODING 8204
SWIDTH 0 0
DWIDTH 0 0
BBX 0 0 0 0
BITMAP
ENDCHAR
STARTCHAR 200D
ENCODING 8205
SWIDTH 0 0
DWIDTH 0 0
BBX 0 0 0 0
BITMAP
ENDCHAR
STARTCHAR 200E
ENCODING 8206
SWIDTH 0 0
DWIDTH 0 0
BBX 0 0 0 0
BITMAP
ENDCHAR
STARTCHAR 200F
ENCODING 8207
SWIDTH 0 0
DWIDTH 0 0
BBX 0 0 0 0
BITMAP
ENDCHAR
STARTCHAR 2010
ENCODING 8208
SWIDTH 600 0
DWIDTH 10 0
BBX 6 1 2 4
BITMAP
FC
ENDCHAR
STARTCHAR 2011
ENCODING 8209
SWIDTH 600 0
DWIDTH 10 0
BBX 6 1 2 4
BITMAP
FC
ENDCHAR
STARTCHAR 2012
ENCODING 8210
SWIDTH 600 0
DWIDTH 10 0
BBX 8 1 1 5
BITMAP
FF
ENDCHAR
STARTCHAR 2013
ENCODING 8211
SWIDTH 600 0
DWIDTH 10 0
BBX 6 1 2 4
BITMAP
FC
ENDCHAR
STARTCHAR 2014
ENCODING 8212
SWIDTH 600 0
DWIDTH 10 0
BBX 10 1 0 4
BITMAP
FFC0
ENDCHAR
STARTCHAR 2015
ENCODING 8213
SWIDTH 600 0
DWIDTH 10 0
BBX 10 1 0 4
BITMAP
FFC0
ENDCHAR
STARTCHAR 2016
ENCODING 8214
SWIDTH 600 0
DWIDTH 10 0
BBX 4 17 3 -4
BITMAP
90
90
90
90
90
90
90
90
90
90
90
90
90
90
90
90
90
ENDCHAR
STARTCHAR 2017
ENCODING 8215
SWIDTH 600 0
DWIDTH 10 0
BBX 10 3 0 -4
BITMAP
FFC0
0000
FFC0
ENDCHAR
STARTCHAR 2018
ENCODING 8216
SWIDTH 600 0
DWIDTH 10 0
BBX 2 4 4 8
BITMAP
40
40
C0
80
ENDCHAR
STARTCHAR 2019
ENCODING 8217
SWIDTH 600 0
DWIDTH 10 0
BBX 3 4 3 8
BITMAP
60
60
40
C0
ENDCHAR
STARTCHAR 201A
ENCODING 8218
SWIDTH 600 0
DWIDTH 10 0
BBX 2 4 4 -2
BITMAP
C0
C0
80
80
ENDCHAR
STARTCHAR 201B
ENCODING 8219
SWIDTH 600 0
DWIDTH 10 0
BBX 2 4 4 8
BITMAP
C0
C0
40
40
ENDCHAR
STARTCHAR 201C
ENCODING 8220
SWIDTH 600 0
DWIDTH 10 0
BBX 6 4 2 8
BITMAP
6C
48
48
D8
ENDCHAR
STARTCHAR 201D
ENCODING 8221
SWIDTH 600 0
DWIDTH 10 0
BBX 6 4 2 8
BITMAP
6C
48
48
98
ENDCHAR
STARTCHAR 201E
ENCODING 8222
SWIDTH 600 0
DWIDTH 10 0
BBX 6 4 2 -2
BITMAP
6C
6C
48
D8
ENDCHAR
STARTCHAR 201F
ENCODING 8223
SWIDTH 600 0
DWIDTH 10 0
BBX 6 4 2 8
BITMAP
D8
48
48
6C
ENDCHAR
STARTCHAR 2020
ENCODING 8224
SWIDTH 600 0
DWIDTH 10 0
BBX 6 13 2 0
BITMAP
30
30
20
EC
FC
20
20
20
30
30
30
30
30
ENDCHAR
STARTCHAR 2021
ENCODING 8225
SWIDTH 600 0
DWIDTH 10 0
BBX 6 13 2 0
BITMAP
30
30
30
FC
20
30
30
30
20
FC
30
30
30
ENDCHAR
STARTCHAR 2022
ENCODING 8226
SWIDTH 600 0
DWIDTH 10 0
BBX 4 4 3 4
BITMAP
60
F0
F0
60
ENDCHAR
STARTCHAR 2023
ENCODING 8227
SWIDTH 600 0
DWIDTH 10 0
BBX 4 5 3 4
BITMAP
80
C0
F0
E0
80
ENDCHAR
STARTCHAR 2024
ENCODING 8228
SWIDTH 600 0
DWIDTH 10 0
BBX 2 2 4 0
BITMAP
C0
C0
ENDCHAR
STARTCHAR 2025
ENCODING 8229
SWIDTH 600 0
DWIDTH 10 0
BBX 8 2 1 0
BITMAP
E7
42
ENDCHAR
STARTCHAR 2026
ENCODING 8230
SWIDTH 600 0
DWIDTH 10 0
BBX 8 2 1 0
BITMAP
DB
DB
ENDCHAR
STARTCHAR 2027
ENCODING 8231
SWIDTH 600 0
DWIDTH 10 0
BBX 2 2 4 3
BITMAP
C0
C0
ENDCHAR
STARTCHAR 2028
ENCODING 8232
SWIDTH 600 0
DWIDTH 10 0
BBX 0 0 0 0
BITMAP
ENDCHAR
STARTCHAR 2029
ENCODING 8233
SWIDTH 600 0
DWIDTH 10 0
BBX 0 0 0 0
BITMAP
ENDCHAR
STARTCHAR 202A
ENCODING 8234
SWIDTH 0 0
DWIDTH 0 0
BBX 0 0 0 0
BITMAP
ENDCHAR
STARTCHAR 202B
ENCODING 8235
SWIDTH 0 0
DWIDTH 0 0
BBX 0 0 0 0
BITMAP
ENDCHAR
STARTCHAR 202C
ENCODING 8236
SWIDTH 0 0
DWIDTH 0 0
BBX 0 0 0 0
BITMAP
ENDCHAR
STARTCHAR 202D
ENCODING 8237
SWIDTH 0 0
DWIDTH 0 0
BBX 0 0 0 0
BITMAP
ENDCHAR
STARTCHAR 202E
ENCODING 8238
SWIDTH 0 0
DWIDTH 0 0
BBX 0 0 0 0
BITMAP
ENDCHAR
STARTCHAR 202F
ENCODING 8239
SWIDTH 600 0
DWIDTH 10 0
BBX 0 0 0 0
BITMAP
ENDCHAR
STARTCHAR 2030
ENCODING 8240
SWIDTH 600 0
DWIDTH 10 0
BBX 10 12 0 0
BITMAP
6000
D000
9000
D380
7600
1800
E000
1980
2EC0
2EC0
2EC0
1980
ENDCHAR
STARTCHAR 2031
ENCODING 8241
SWIDTH 1800 0
DWIDTH 30 0
BBX 28 12 1 0
BITMAP
78400000
C8C00000
8C800000
8C800000
8D000000
C93871E0
7B648930
02448B10
06448B10
04448B10
04648930
083870E0
ENDCHAR
STARTCHAR 2032
ENCODING 8242
SWIDTH 600 0
DWIDTH 10 0
BBX 4 4 3 8
BITMAP
30
20
40
80
ENDCHAR
STARTCHAR 2033
ENCODING 8243
SWIDTH 600 0
DWIDTH 10 0
BBX 6 4 2 8
BITMAP
24
48
58
90
ENDCHAR
STARTCHAR 2034
ENCODING 8244
SWIDTH 600 0
DWIDTH 10 0
BBX 10 4 0 8
BITMAP
36C0
2480
4900
D200
ENDCHAR
STARTCHAR 2035
ENCODING 8245
SWIDTH 600 0
DWIDTH 10 0
BBX 4 4 3 8
BITMAP
C0
40
20
10
ENDCHAR
STARTCHAR 2036
ENCODING 8246
SWIDTH 600 0
DWIDTH 10 0
BBX 6 4 2 8
BITMAP
D0
48
68
24
ENDCHAR
STARTCHAR 2037
ENCODING 8247
SWIDTH 600 0
DWIDTH 10 0
BBX 10 4 0 8
BITMAP
DB00
6900
2480
1240
ENDCHAR
STARTCHAR 2038
ENCODING 8248
SWIDTH 600 0
DWIDTH 10 0
BBX 6 6 2 -4
BITMAP
20
30
30
48
48
84
ENDCHAR
STARTCHAR 2039
ENCODING 8249
SWIDTH 600 0
DWIDTH 10 0
BBX 4 7 3 1
BITMAP
10
20
40
C0
40
20
30
ENDCHAR
STARTCHAR 203A
ENCODING 8250
SWIDTH 600 0
DWIDTH 10 0
BBX 4 7 3 1
BITMAP
C0
60
30
30
60
C0
40
ENDCHAR
STARTCHAR 203B
ENCODING 8251
SWIDTH 1200 0
DWIDTH 20 0
BBX 12 12 4 0
BITMAP
8610
4620
2040
1080
0900
C630
C630
0900
1080
2040
4620
8610
ENDCHAR
STARTCHAR 203C
ENCODING 8252
SWIDTH 600 0
DWIDTH 10 0
BBX 6 12 2 0
BITMAP
CC
CC
CC
CC
CC
C4
84
84
00
00
CC
CC
ENDCHAR
STARTCHAR 203D
ENCODING 8253
SWIDTH 600 0
DWIDTH 10 0
BBX 6 12 2 0
BITMAP
F8
AC
24
24
24
28
30
20
20
00
70
20
ENDCHAR
STARTCHAR 203E
ENCODING 8254
SWIDTH 600 0
DWIDTH 10 0
BBX 4 1 3 10
BITMAP
F0
ENDCHAR
STARTCHAR 203F
ENCODING 8255
SWIDTH 600 0
DWIDTH 10 0
BBX 10 4 0 -4
BITMAP
8040
4080
2100
1E00
ENDCHAR
STARTCHAR 2040
ENCODING 8256
SWIDTH 600 0
DWIDTH 10 0
BBX 10 4 0 9
BITMAP
1E00
2100
4080
8040
ENDCHAR
STARTCHAR 2041
ENCODING 8257
SWIDTH 600 0
DWIDTH 10 0
BBX 6 11 2 -4
BITMAP
04
08
08
10
10
30
30
30
50
48
88
ENDCHAR
STARTCHAR 2042
ENCODING 8258
SWIDTH 1200 0
DWIDTH 20 0
BBX 18 15 1 -2
BITMAP
00C000
00C000
029000
07F800
00C000
033000
012000
000000
100600
100200
D212C0
7E1FC0
380700
6C0980
240900
ENDCHAR
STARTCHAR 2043
ENCODING 8259
SWIDTH 600 0
DWIDTH 10 0
BBX 6 1 2 4
BITMAP
FC
ENDCHAR
STARTCHAR 2044
ENCODING 8260
SWIDTH 0 0
DWIDTH 0 0
BBX 6 12 -3 0
BITMAP
04
0C
08
18
10
10
20
20
60
40
C0
80
ENDCHAR
STARTCHAR 2045
ENCODING 8261
SWIDTH 600 0
DWIDTH 10 0
BBX 4 14 3 -2
BITMAP
F0
80
80
80
80
80
80
F0
80
80
80
80
80
F0
ENDCHAR
STARTCHAR 2046
ENCODING 8262
SWIDTH 600 0
DWIDTH 10 0
BBX 4 14 3 -2
BITMAP
F0
30
30
30
30
30
30
F0
30
30
30
30
30
F0
ENDCHAR
STARTCHAR 2047
ENCODING 8263
SWIDTH 1200 0
DWIDTH 20 0
BBX 16 12 2 0
BITMAP
7C7C
C662
0203
0203
0602
0C06
1808
1018
3010
0000
3018
3018
ENDCHAR
STARTCHAR 2048
ENCODING 8264
SWIDTH 600 0
DWIDTH 10 0
BBX 9 12 0 0
BITMAP
7D00
C700
0300
0300
0700
0D00
1900
3100
3000
0000
3180
3100
ENDCHAR
STARTCHAR 2049
ENCODING 8265
SWIDTH 600 0
DWIDTH 10 0
BBX 9 12 1 0
BITMAP
FE00
E300
C180
4180
4100
4300
4C00
4800
0800
0000
CC00
CC00
ENDCHAR
STARTCHAR 204A
ENCODING 8266
SWIDTH 600 0
DWIDTH 10 0
BBX 8 9 1 0
BITMAP
FF
02
02
04
0C
08
10
10
20
ENDCHAR
STARTCHAR 204B
ENCODING 8267
SWIDTH 600 0
DWIDTH 10 0
BBX 8 15 1 -2
BITMAP
FE
9F
9F
9F
9F
9F
9F
9E
90
90
90
90
90
90
90
ENDCHAR
STARTCHAR 204C
ENCODING 8268
SWIDTH 600 0
DWIDTH 10 0
BBX 8 8 1 1
BITMAP
7F
F9
F9
F9
F9
F9
F9
7F
ENDCHAR
STARTCHAR 204D
ENCODING 8269
SWIDTH 600 0
DWIDTH 10 0
BBX 8 8 1 1
BITMAP
FE
9F
9F
9F
9F
9F
9F
FE
ENDCHAR
STARTCHAR 204E
ENCODING 8270
SWIDTH 600 0
DWIDTH 10 0
BBX 8 7 1 -2
BITMAP
18
18
52
FF
18
66
24
ENDCHAR
STARTCHAR 204F
ENCODING 8271
SWIDTH 600 0
DWIDTH 10 0
BBX 2 11 4 -2
BITMAP
C0
C0
00
00
00
00
00
C0
C0
40
40
ENDCHAR
STARTCHAR 2050
ENCODING 8272
SWIDTH 600 0
DWIDTH 10 0
BBX 10 17 0 -4
BITMAP
1E00
2100
4080
8040
0000
0000
0000
0000
0000
0000
0000
0000
0000
8040
4080
2100
1E00
ENDCHAR
STARTCHAR 2051
ENCODING 8273
SWIDTH 600 0
DWIDTH 10 0
BBX 8 15 1 -2
BITMAP
18
18
52
FF
18
66
24
00
18
18
52
FF
18
66
24
ENDCHAR
STARTCHAR 2052
ENCODING 8274
SWIDTH 600 0
DWIDTH 10 0
BBX 6 12 2 0
BITMAP
C4
C8
08
18
10
10
20
20
60
40
4C
8C
ENDCHAR
STARTCHAR 2053
ENCODING 8275
SWIDTH 1200 0
DWIDTH 20 0
BBX 16 2 2 4
BITMAP
7F01
C1FE
ENDCHAR
STARTCHAR 2054
ENCODING 8276
SWIDTH 600 0
DWIDTH 10 0
BBX 10 4 0 -4
BITMAP
1E00
6300
4080
8040
ENDCHAR
STARTCHAR 2055
ENCODING 8277
SWIDTH 600 0
DWIDTH 10 0
BBX 8 8 1 0
BITMAP
18
5A
3C
FF
3C
7E
5A
18
ENDCHAR
STARTCHAR 2056
ENCODING 8278
SWIDTH 600 0
DWIDTH 10 0
BBX 7 12 1 0
BITMAP
06
06
00
00
00
C0
C0
00
00
00
06
06
ENDCHAR
STARTCHAR 2057
ENCODING 8279
SWIDTH 1200 0
DWIDTH 20 0
BBX 12 4 4 8
BITMAP
35B0
6920
4B40
92C0
ENDCHAR
STARTCHAR 2058
ENCODING 8280
SWIDTH 600 0
DWIDTH 10 0
BBX 10 12 0 0
BITMAP
0C00
0C00
0000
0000
0000
C0C0
C0C0
0000
0000
0000
0C00
0C00
ENDCHAR
STARTCHAR 2059
ENCODING 8281
SWIDTH 600 0
DWIDTH 10 0
BBX 10 12 0 0
BITMAP
4080
C0C0
0000
0000
0000
0C00
0C00
0000
0000
0000
4080
C180
ENDCHAR
STARTCHAR 205A
ENCODING 8282
SWIDTH 600 0
DWIDTH 10 0
BBX 2 12 4 0
BITMAP
C0
C0
00
00
00
00
00
00
00
00
C0
C0
ENDCHAR
STARTCHAR 205B
ENCODING 8283
SWIDTH 600 0
DWIDTH 10 0
BBX 10 13 0 0
BITMAP
0C00
0C00
0000
0000
0000
0000
C0C0
4080
0000
0000
0000
0C00
0C00
ENDCHAR
STARTCHAR 205C
ENCODING 8284
SWIDTH 600 0
DWIDTH 10 0
BBX 10 12 0 0
BITMAP
0C00
6D80
6D80
0C00
0C00
FFC0
0C00
0C00
0C00
6D80
6D80
0C00
ENDCHAR
STARTCHAR 205D
ENCODING 8285
SWIDTH 600 0
DWIDTH 10 0
BBX 2 12 4 0
BITMAP
C0
C0
00
00
00
C0
C0
00
00
00
C0
C0
ENDCHAR
STARTCHAR 205E
ENCODING 8286
SWIDTH 600 0
DWIDTH 10 0
BBX 2 12 4 0
BITMAP
C0
C0
00
C0
C0
00
00
C0
C0
00
C0
C0
ENDCHAR
STARTCHAR 205F
ENCODING 8287
SWIDTH 600 0
DWIDTH 10 0
BBX 0 0 0 0
BITMAP
ENDCHAR
STARTCHAR 2060
ENCODING 8288
SWIDTH 0 0
DWIDTH 0 0
BBX 0 0 0 0
BITMAP
ENDCHAR
STARTCHAR 2061
ENCODING 8289
SWIDTH 600 0
DWIDTH 10 0
BBX 0 0 0 0
BITMAP
ENDCHAR
STARTCHAR 2062
ENCODING 8290
SWIDTH 0 0
DWIDTH 0 0
BBX 0 0 0 0
BITMAP
ENDCHAR
STARTCHAR 2063
ENCODING 8291
SWIDTH 600 0
DWIDTH 10 0
BBX 0 0 0 0
BITMAP
ENDCHAR
STARTCHAR 2064
ENCODING 8292
SWIDTH 0 0
DWIDTH 0 0
BBX 0 0 0 0
BITMAP
ENDCHAR
STARTCHAR 2066
ENCODING 8294
SWIDTH 0 0
DWIDTH 0 0
BBX 0 0 0 0
BITMAP
ENDCHAR
STARTCHAR 2067
ENCODING 8295
SWIDTH 0 0
DWIDTH 0 0
BBX 0 0 0 0
BITMAP
ENDCHAR
STARTCHAR 2068
ENCODING 8296
SWIDTH 0 0
DWIDTH 0 0
BBX 0 0 0 0
BITMAP
ENDCHAR
STARTCHAR 2069
ENCODING 8297
SWIDTH 0 0
DWIDTH 0 0
BBX 0 0 0 0
BITMAP
ENDCHAR
STARTCHAR 206A
ENCODING 8298
SWIDTH 0 0
DWIDTH 0 0
BBX 0 0 0 0
BITMAP
ENDCHAR
STARTCHAR 206B
ENCODING 8299
SWIDTH 0 0
DWIDTH 0 0
BBX 0 0 0 0
BITMAP
ENDCHAR
STARTCHAR 206C
ENCODING 8300
SWIDTH 0 0
DWIDTH 0 0
BBX 0 0 0 0
BITMAP
ENDCHAR
STARTCHAR 206D
ENCODING 8301
SWIDTH 0 0
DWIDTH 0 0
BBX 0 0 0 0
BITMAP
ENDCHAR
STARTCHAR 206E
ENCODING 8302
SWIDTH 0 0
DWIDTH 0 0
BBX 0 0 0 0
BITMAP
ENDCHAR
STARTCHAR 206F
ENCODING 8303
SWIDTH 0 0
DWIDTH 0 0
BBX 0 0 0 0
BITMAP
ENDCHAR
STARTCHAR 2070
ENCODING 8304
SWIDTH 600 0
DWIDTH 10 0
BBX 6 7 2 7
BITMAP
78
48
84
84
84
48
78
ENDCHAR
STARTCHAR 2071
ENCODING 8305
SWIDTH 600 0
DWIDTH 10 0
BBX 5 7 2 5
BITMAP
30
00
70
10
10
10
F8
ENDCHAR
STARTCHAR 2074
ENCODING 8308
SWIDTH 600 0
DWIDTH 10 0
BBX 6 7 2 7
BITMAP
18
28
68
58
FC
18
18
ENDCHAR
STARTCHAR 2075
ENCODING 8309
SWIDTH 600 0
DWIDTH 10 0
BBX 4 7 3 7
BITMAP
F0
80
E0
10
10
90
E0
ENDCHAR
STARTCHAR 2076
ENCODING 8310
SWIDTH 600 0
DWIDTH 10 0
BBX 5 7 3 7
BITMAP
70
80
F0
98
88
90
70
ENDCHAR
STARTCHAR 2077
ENCODING 8311
SWIDTH 600 0
DWIDTH 10 0
BBX 5 7 3 7
BITMAP
F8
10
10
20
20
40
40
ENDCHAR
STARTCHAR 2078
ENCODING 8312
SWIDTH 600 0
DWIDTH 10 0
BBX 6 7 2 7
BITMAP
78
48
48
30
48
CC
78
ENDCHAR
STARTCHAR 2079
ENCODING 8313
SWIDTH 600 0
DWIDTH 10 0
BBX 5 7 3 7
BITMAP
F0
90
98
F8
10
10
E0
ENDCHAR
STARTCHAR 207A
ENCODING 8314
SWIDTH 600 0
DWIDTH 10 0
BBX 4 5 3 7
BITMAP
40
40
F0
40
40
ENDCHAR
STARTCHAR 207B
ENCODING 8315
SWIDTH 600 0
DWIDTH 10 0
BBX 4 1 3 9
BITMAP
F0
ENDCHAR
STARTCHAR 207C
ENCODING 8316
SWIDTH 600 0
DWIDTH 10 0
BBX 4 3 3 8
BITMAP
F0
00
F0
ENDCHAR
STARTCHAR 207D
ENCODING 8317
SWIDTH 600 0
DWIDTH 10 0
BBX 2 9 4 6
BITMAP
40
80
80
80
80
80
80
80
40
ENDCHAR
STARTCHAR 207E
ENCODING 8318
SWIDTH 600 0
DWIDTH 10 0
BBX 2 9 4 6
BITMAP
80
40
40
40
40
40
40
40
80
ENDCHAR
STARTCHAR 207F
ENCODING 8319
SWIDTH 600 0
DWIDTH 10 0
BBX 4 5 3 5
BITMAP
F0
90
90
90
90
ENDCHAR
STARTCHAR 2080
ENCODING 8320
SWIDTH 600 0
DWIDTH 10 0
BBX 6 7 2 -2
BITMAP
78
48
84
84
84
48
78
ENDCHAR
STARTCHAR 2081
ENCODING 8321
SWIDTH 600 0
DWIDTH 10 0
BBX 6 7 2 -2
BITMAP
30
D0
10
10
10
10
7C
ENDCHAR
STARTCHAR 2082
ENCODING 8322
SWIDTH 600 0
DWIDTH 10 0
BBX 5 7 3 -2
BITMAP
F0
90
10
30
60
C0
F8
ENDCHAR
STARTCHAR 2083
ENCODING 8323
SWIDTH 600 0
DWIDTH 10 0
BBX 4 7 3 -2
BITMAP
F0
90
10
60
10
10
F0
ENDCHAR
STARTCHAR 2084
ENCODING 8324
SWIDTH 600 0
DWIDTH 10 0
BBX 6 7 2 -2
BITMAP
18
28
68
58
FC
18
18
ENDCHAR
STARTCHAR 2085
ENCODING 8325
SWIDTH 600 0
DWIDTH 10 0
BBX 4 7 3 -2
BITMAP
F0
80
E0
10
10
90
E0
ENDCHAR
STARTCHAR 2086
ENCODING 8326
SWIDTH 600 0
DWIDTH 10 0
BBX 5 7 3 -2
BITMAP
70
80
F0
98
88
90
70
ENDCHAR
STARTCHAR 2087
ENCODING 8327
SWIDTH 600 0
DWIDTH 10 0
BBX 5 7 3 -2
BITMAP
F8
10
10
20
20
40
40
ENDCHAR
STARTCHAR 2088
ENCODING 8328
SWIDTH 600 0
DWIDTH 10 0
BBX 6 7 2 -2
BITMAP
78
48
48
30
48
CC
78
ENDCHAR
STARTCHAR 2089
ENCODING 8329
SWIDTH 600 0
DWIDTH 10 0
BBX 5 7 3 -2
BITMAP
F0
90
98
F8
10
10
E0
ENDCHAR
STARTCHAR 208A
ENCODING 8330
SWIDTH 600 0
DWIDTH 10 0
BBX 4 5 3 -2
BITMAP
40
40
F0
40
40
ENDCHAR
STARTCHAR 208B
ENCODING 8331
SWIDTH 600 0
DWIDTH 10 0
BBX 4 1 3 0
BITMAP
F0
ENDCHAR
STARTCHAR 208C
ENCODING 8332
SWIDTH 600 0
DWIDTH 10 0
BBX 4 3 3 -1
BITMAP
F0
00
F0
ENDCHAR
STARTCHAR 208D
ENCODING 8333
SWIDTH 600 0
DWIDTH 10 0
BBX 2 9 4 -3
BITMAP
40
80
80
80
80
80
80
80
40
ENDCHAR
STARTCHAR 208E
ENCODING 8334
SWIDTH 600 0
DWIDTH 10 0
BBX 2 9 4 -3
BITMAP
80
40
40
40
40
40
40
40
80
ENDCHAR
STARTCHAR 2090
ENCODING 8336
SWIDTH 600 0
DWIDTH 10 0
BBX 4 6 3 -2
BITMAP
F0
10
70
90
90
F0
ENDCHAR
STARTCHAR 2091
ENCODING 8337
SWIDTH 600 0
DWIDTH 10 0
BBX 6 6 2 -2
BITMAP
78
48
FC
80
40
38
ENDCHAR
STARTCHAR 2092
ENCODING 8338
SWIDTH 600 0
DWIDTH 10 0
BBX 6 6 2 -2
BITMAP
78
48
84
84
48
78
ENDCHAR
STARTCHAR 2093
ENCODING 8339
SWIDTH 600 0
DWIDTH 10 0
BBX 6 6 2 -2
BITMAP
CC
48
30
30
48
CC
ENDCHAR
STARTCHAR 2094
ENCODING 8340
SWIDTH 600 0
DWIDTH 10 0
BBX 6 6 2 -2
BITMAP
70
08
04
FC
48
78
ENDCHAR
STARTCHAR 2095
ENCODING 8341
SWIDTH 600 0
DWIDTH 10 0
BBX 4 8 3 -2
BITMAP
80
80
F0
90
90
90
90
90
ENDCHAR
STARTCHAR 2096
ENCODING 8342
SWIDTH 600 0
DWIDTH 10 0
BBX 6 8 2 -2
BITMAP
80
80
88
90
A0
D0
90
8C
ENDCHAR
STARTCHAR 2097
ENCODING 8343
SWIDTH 600 0
DWIDTH 10 0
BBX 5 8 2 -2
BITMAP
70
10
10
10
10
10
10
F8
ENDCHAR
STARTCHAR 2098
ENCODING 8344
SWIDTH 600 0
DWIDTH 10 0
BBX 6 6 2 -2
BITMAP
E8
B4
94
94
94
94
ENDCHAR
STARTCHAR 2099
ENCODING 8345
SWIDTH 600 0
DWIDTH 10 0
BBX 4 6 3 -2
BITMAP
F0
90
90
90
90
90
ENDCHAR
STARTCHAR 209A
ENCODING 8346
SWIDTH 600 0
DWIDTH 10 0
BBX 6 8 2 -4
BITMAP
B8
C8
88
8C
C8
B8
80
80
ENDCHAR
STARTCHAR 209B
ENCODING 8347
SWIDTH 600 0
DWIDTH 10 0
BBX 4 6 3 -2
BITMAP
F0
80
40
30
10
F0
ENDCHAR
STARTCHAR 209C
ENCODING 8348
SWIDTH 600 0
DWIDTH 10 0
BBX 5 7 2 -2
BITMAP
20
F8
20
20
20
20
18
ENDCHAR
STARTCHAR 20A0
ENCODING 8352
SWIDTH 600 0
DWIDTH 10 0
BBX 8 12 1 0
BITMAP
7C
C8
C0
80
8F
88
C8
7F
08
08
08
0F
ENDCHAR
STARTCHAR 20A1
ENCODING 8353
SWIDTH 600 0
DWIDTH 10 0
BBX 8 14 1 -1
BITMAP
05
3F
7B
6A
CA
D2
D2
D4
D4
D4
64
79
3F
28
ENDCHAR
STARTCHAR 20A2
ENCODING 8354
SWIDTH 600 0
DWIDTH 10 0
BBX 9 12 1 0
BITMAP
1F80
7100
4000
C000
C000
8B00
8C00
CC00
CC00
4C00
7D00
1F00
ENDCHAR
STARTCHAR 20A3
ENCODING 8355
SWIDTH 600 0
DWIDTH 10 0
BBX 8 12 1 0
BITMAP
3F
20
20
20
20
3E
20
20
20
FC
20
20
ENDCHAR
STARTCHAR 20A4
ENCODING 8356
SWIDTH 600 0
DWIDTH 10 0
BBX 8 12 1 0
BITMAP
1F
31
20
20
20
FC
20
FC
20
60
40
FF
ENDCHAR
STARTCHAR 20A5
ENCODING 8357
SWIDTH 600 0
DWIDTH 10 0
BBX 8 13 1 -2
BITMAP
02
02
B7
DD
99
99
99
99
B9
B9
F9
40
C0
ENDCHAR
STARTCHAR 20A6
ENCODING 8358
SWIDTH 600 0
DWIDTH 10 0
BBX 10 12 0 0
BITMAP
6100
7100
7100
7900
FFC0
6900
6D00
FFC0
6500
6300
6300
6100
ENDCHAR
STARTCHAR 20A7
ENCODING 8359
SWIDTH 600 0
DWIDTH 10 0
BBX 9 12 1 0
BITMAP
F000
9800
8C00
8C00
9A00
FA00
8200
8F80
8200
8200
8200
8380
ENDCHAR
STARTCHAR 20A8
ENCODING 8360
SWIDTH 1200 0
DWIDTH 20 0
BBX 16 12 2 0
BITMAP
F800
8C00
8400
861F
8431
8C20
F838
980E
8803
8C01
8623
823E
ENDCHAR
STARTCHAR 20A9
ENCODING 8361
SWIDTH 600 0
DWIDTH 10 0
BBX 10 12 0 0
BITMAP
CC40
CCC0
4C80
4C80
4C80
4E80
FFC0
5280
3280
3300
3300
3100
ENDCHAR
STARTCHAR 20AA
ENCODING 8362
SWIDTH 600 0
DWIDTH 10 0
BBX 8 12 1 0
BITMAP
F9
89
85
A5
A5
A5
A5
A5
A5
A1
A3
BE
ENDCHAR
STARTCHAR 20AB
ENCODING 8363
SWIDTH 600 0
DWIDTH 10 0
BBX 10 15 0 -2
BITMAP
0180
0180
0FC0
0180
1D80
3380
6180
6180
4180
6180
6180
3380
1D80
0000
FFC0
ENDCHAR
STARTCHAR 20AC
ENCODING 8364
SWIDTH 600 0
DWIDTH 10 0
BBX 9 12 1 0
BITMAP
1F80
3100
6000
6000
FE00
4000
4000
FE00
6000
6000
3100
1F00
ENDCHAR
STARTCHAR 20AD
ENCODING 8365
SWIDTH 600 0
DWIDTH 10 0
BBX 10 12 0 0
BITMAP
2180
2300
2200
2400
2C00
FF80
3C00
2400
2200
2300
2180
20C0
ENDCHAR
STARTCHAR 20AE
ENCODING 8366
SWIDTH 600 0
DWIDTH 10 0
BBX 8 12 1 0
BITMAP
FF
18
18
1E
1C
38
7E
5C
38
78
58
18
ENDCHAR
STARTCHAR 20AF
ENCODING 8367
SWIDTH 600 0
DWIDTH 10 0
BBX 10 16 0 -4
BITMAP
F000
9800
2C00
6C00
6C00
4C00
4C00
4F80
4AC0
5AC0
D680
E780
0400
0400
0400
0400
ENDCHAR
STARTCHAR 20B0
ENCODING 8368
SWIDTH 600 0
DWIDTH 10 0
BBX 8 16 1 -4
BITMAP
0E
0B
19
09
0B
0A
0E
04
2E
6A
72
93
01
01
03
0E
ENDCHAR
STARTCHAR 20B1
ENCODING 8369
SWIDTH 600 0
DWIDTH 10 0
BBX 10 12 0 0
BITMAP
3E00
2300
FFC0
2180
2180
FFC0
2300
3E00
2000
2000
2000
2000
ENDCHAR
STARTCHAR 20B2
ENCODING 8370
SWIDTH 600 0
DWIDTH 10 0
BBX 8 14 1 -1
BITMAP
08
3F
7A
C8
C8
88
88
8F
8B
CB
CB
6B
3F
08
ENDCHAR
STARTCHAR 20B3
ENCODING 8371
SWIDTH 600 0
DWIDTH 10 0
BBX 10 12 0 0
BITMAP
0C00
0C00
1C00
1E00
1200
FFC0
3300
FFC0
2100
6180
4080
C0C0
ENDCHAR
STARTCHAR 20B4
ENCODING 8372
SWIDTH 600 0
DWIDTH 10 0
BBX 10 12 0 0
BITMAP
7E00
2300
0100
0100
FFC0
0E00
3C00
FFC0
6000
6000
3180
1F00
ENDCHAR
STARTCHAR 20B5
ENCODING 8373
SWIDTH 600 0
DWIDTH 10 0
BBX 8 14 1 -1
BITMAP
04
1F
75
64
C4
C4
C4
C4
C4
C4
64
75
1F
04
ENDCHAR
STARTCHAR 20B6
ENCODING 8374
SWIDTH 600 0
DWIDTH 10 0
BBX 10 11 0 0
BITMAP
3200
3200
FFC0
3200
3200
3200
3200
3200
3200
3300
31C0
ENDCHAR
STARTCHAR 20B7
ENCODING 8375
SWIDTH 1200 0
DWIDTH 20 0
BBX 16 13 2 -1
BITMAP
007E
00C2
0080
0080
00C0
0078
001E
6006
DFC3
9343
7246
3FFC
1240
ENDCHAR
STARTCHAR 20B8
ENCODING 8376
SWIDTH 600 0
DWIDTH 10 0
BBX 10 12 0 0
BITMAP
FFC0
0000
0000
FFC0
0C00
0C00
0C00
0C00
0C00
0C00
0C00
0C00
ENDCHAR
STARTCHAR 20B9
ENCODING 8377
SWIDTH 600 0
DWIDTH 10 0
BBX 8 12 1 0
BITMAP
FF
18
08
FF
0C
18
F0
40
20
30
18
0C
ENDCHAR
STARTCHAR 20BA
ENCODING 8378
SWIDTH 600 0
DWIDTH 10 0
BBX 8 12 1 0
BITMAP
60
64
7C
E0
EC
70
E1
61
63
63
6E
78
ENDCHAR
STARTCHAR 20BB
ENCODING 8379
SWIDTH 600 0
DWIDTH 10 0
BBX 10 12 0 0
BITMAP
6000
B000
B000
7F80
30C0
3240
3F40
35C0
3000
5000
1880
0F80
ENDCHAR
STARTCHAR 20BC
ENCODING 8380
SWIDTH 600 0
DWIDTH 10 0
BBX 8 12 1 0
BITMAP
18
18
18
18
7E
DB
99
99
99
81
81
81
ENDCHAR
STARTCHAR 20BD
ENCODING 8381
SWIDTH 600 0
DWIDTH 10 0
BBX 9 12 0 0
BITMAP
3F00
2180
2080
2080
2080
2180
FF00
2000
2000
FC00
2000
2000
ENDCHAR
STARTCHAR 20BE
ENCODING 8382
SWIDTH 600 0
DWIDTH 10 0
BBX 8 14 1 0
BITMAP
1A
1A
3F
7B
DA
DA
9A
80
80
C0
C0
60
30
FF
ENDCHAR
STARTCHAR 20BF
ENCODING 8383
SWIDTH 600 0
DWIDTH 10 0
BBX 7 15 2 -1
BITMAP
58
58
F8
8C
86
86
84
F8
84
86
82
86
86
F8
58
ENDCHAR
STARTCHAR 20C0
ENCODING 8384
SWIDTH 600 0
DWIDTH 10 0
BBX 8 11 1 -2
BITMAP
1F
71
40
40
C0
C0
40
71
1F
00
FE
ENDCHAR
STARTCHAR 20F0
ENCODING 8432
SWIDTH 0 0
DWIDTH 0 0
BBX 8 7 -4 8
BITMAP
18
18
52
FF
18
66
24
ENDCHAR
STARTCHAR 2100
ENCODING 8448
SWIDTH 600 0
DWIDTH 10 0
BBX 10 12 0 0
BITMAP
F180
0900
7B00
9A00
EA00
0400
05C0
0A00
0A00
1A00
1200
31C0
ENDCHAR
STARTCHAR 2101
ENCODING 8449
SWIDTH 600 0
DWIDTH 10 0
BBX 10 12 0 0
BITMAP
F180
0900
7B00
9A00
EE00
0400
07C0
0A00
0B00
18C0
1040
3380
ENDCHAR
STARTCHAR 2102
ENCODING 8450
SWIDTH 600 0
DWIDTH 10 0
BBX 8 12 1 0
BITMAP
1F
61
60
A0
A0
A0
A0
A0
A0
60
60
1F
ENDCHAR
STARTCHAR 2103
ENCODING 8451
SWIDTH 1200 0
DWIDTH 20 0
BBX 15 12 3 0
BITMAP
703E
98C2
8880
9980
F100
0100
0100
0100
0180
0080
00C2
007C
ENDCHAR
STARTCHAR 2104
ENCODING 8452
SWIDTH 600 0
DWIDTH 10 0
BBX 9 12 1 0
BITMAP
3000
3000
7800
F000
B000
B000
B000
F000
7800
3000
3000
3F80
ENDCHAR
STARTCHAR 2105
ENCODING 8453
SWIDTH 600 0
DWIDTH 10 0
BBX 10 12 0 0
BITMAP
7100
8300
8200
8600
7400
0400
0B80
0C40
1440
1440
3440
2380
ENDCHAR
STARTCHAR 2106
ENCODING 8454
SWIDTH 600 0
DWIDTH 10 0
BBX 9 12 0 0
BITMAP
7B00
4200
C600
C400
4400
7800
0C80
1C80
1C80
3C80
2480
6780
ENDCHAR
STARTCHAR 2107
ENCODING 8455
SWIDTH 600 0
DWIDTH 10 0
BBX 8 12 1 0
BITMAP
3E
63
C0
C0
60
1E
60
C0
80
C0
61
3F
ENDCHAR
STARTCHAR 2108
ENCODING 8456
SWIDTH 600 0
DWIDTH 10 0
BBX 8 12 1 0
BITMAP
F8
8E
02
03
01
7F
01
01
03
03
86
FC
ENDCHAR
STARTCHAR 2109
ENCODING 8457
SWIDTH 1200 0
DWIDTH 20 0
BBX 16 12 2 0
BITMAP
707F
4840
8840
C840
7840
0040
007E
0040
0040
0040
0040
0040
ENDCHAR
STARTCHAR 210A
ENCODING 8458
SWIDTH 600 0
DWIDTH 10 0
BBX 12 14 -2 -7
BITMAP
01B0
0660
0CE0
1CC0
38E0
19A0
13C0
0F00
0E00
1600
6400
4C00
9800
6000
ENDCHAR
STARTCHAR 210B
ENCODING 8459
SWIDTH 1200 0
DWIDTH 20 0
BBX 18 13 1 -1
BITMAP
0000C0
062340
0A4440
15CC80
228900
009E00
01F000
073000
4B2000
D36000
866400
8C4800
703000
ENDCHAR
STARTCHAR 210C
ENCODING 8460
SWIDTH 600 0
DWIDTH 10 0
BBX 10 14 0 -2
BITMAP
0D80
1600
2000
6380
25C0
38C0
30C0
18C0
18C0
30C0
60C0
A080
0500
0600
ENDCHAR
STARTCHAR 210D
ENCODING 8461
SWIDTH 600 0
DWIDTH 10 0
BBX 8 12 1 0
BITMAP
E7
A5
A5
A5
A5
BD
A5
A5
A5
A5
A5
E7
ENDCHAR
STARTCHAR 210E
ENCODING 8462
SWIDTH 600 0
DWIDTH 10 0
BBX 8 13 1 0
BITMAP
20
20
60
60
7E
73
61
41
C1
C3
C3
83
82
ENDCHAR
STARTCHAR 210F
ENCODING 8463
SWIDTH 600 0
DWIDTH 10 0
BBX 8 13 1 0
BITMAP
20
20
FC
60
7E
73
61
41
C1
C3
C3
83
82
ENDCHAR
STARTCHAR 2110
ENCODING 8464
SWIDTH 1200 0
DWIDTH 20 0
BBX 16 13 2 -1
BITMAP
000F
0034
00C8
0110
0310
0234
0264
0264
03F8
60C0
E180
8300
7C00
ENDCHAR
STARTCHAR 2111
ENCODING 8465
SWIDTH 600 0
DWIDTH 10 0
BBX 9 12 1 0
BITMAP
2000
7D80
8700
8200
0600
0200
0200
0200
0200
0200
4400
F800
ENDCHAR
STARTCHAR 2112
ENCODING 8466
SWIDTH 1200 0
DWIDTH 20 0
BBX 14 13 3 0
BITMAP
078C
0814
1024
2044
20C8
20D8
21A0
1DC0
0300
0300
F610
8C20
7BC0
ENDCHAR
STARTCHAR 2113
ENCODING 8467
SWIDTH 600 0
DWIDTH 10 0
BBX 6 12 2 0
BITMAP
38
6C
64
64
68
78
70
E0
60
64
64
3C
ENDCHAR
STARTCHAR 2114
ENCODING 8468
SWIDTH 1200 0
DWIDTH 20 0
BBX 17 13 1 0
BITMAP
10C000
10C000
FFFC00
10C000
10DE00
10E380
10C080
10C080
10C080
10C080
10C080
10E180
10BF00
ENDCHAR
STARTCHAR 2115
ENCODING 8469
SWIDTH 600 0
DWIDTH 10 0
BBX 8 12 1 0
BITMAP
C1
C1
A1
D1
D1
A9
95
93
8B
85
83
83
ENDCHAR
STARTCHAR 2116
ENCODING 8470
SWIDTH 600 0
DWIDTH 10 0
BBX 9 12 1 0
BITMAP
9000
D000
D000
D300
D500
D480
B480
B480
B500
B300
B000
9700
ENDCHAR
STARTCHAR 2117
ENCODING 8471
SWIDTH 600 0
DWIDTH 10 0
BBX 8 9 1 2
BITMAP
3C
42
9D
95
9D
91
91
42
3C
ENDCHAR
STARTCHAR 2118
ENCODING 8472
SWIDTH 1200 0
DWIDTH 20 0
BBX 13 15 4 -4
BITMAP
2000
4000
41E0
8618
8818
9008
E008
C618
6418
B430
9BC0
9800
8800
8800
7000
ENDCHAR
STARTCHAR 2119
ENCODING 8473
SWIDTH 600 0
DWIDTH 10 0
BBX 8 12 1 0
BITMAP
FE
A5
A5
A5
A5
A5
BE
A0
A0
A0
A0
E0
ENDCHAR
STARTCHAR 211A
ENCODING 8474
SWIDTH 600 0
DWIDTH 10 0
BBX 10 15 0 -3
BITMAP
1E00
2100
6180
A180
A140
A140
A140
A140
A180
6180
6100
1E00
0500
0480
03C0
ENDCHAR
STARTCHAR 211B
ENCODING 8475
SWIDTH 1200 0
DWIDTH 20 0
BBX 16 13 2 0
BITMAP
01F4
061E
0923
1123
2263
22C6
24D8
18C8
0198
E199
C312
8634
7818
ENDCHAR
STARTCHAR 211C
ENCODING 8476
SWIDTH 1200 0
DWIDTH 20 0
BBX 15 12 3 0
BITMAP
3870
4E98
8718
821C
C210
63F0
4210
8210
0618
0418
681E
B008
ENDCHAR
STARTCHAR 211D
ENCODING 8477
SWIDTH 600 0
DWIDTH 10 0
BBX 9 12 1 0
BITMAP
FE00
A700
A500
A500
A500
A600
BC00
AA00
AA00
A900
A500
E780
ENDCHAR
STARTCHAR 211E
ENCODING 8478
SWIDTH 600 0
DWIDTH 10 0
BBX 9 12 1 0
BITMAP
FC00
C600
C300
C300
C300
C600
FC80
CD00
C600
C600
CF00
D980
ENDCHAR
STARTCHAR 211F
ENCODING 8479
SWIDTH 600 0
DWIDTH 10 0
BBX 7 18 2 -3
BITMAP
40
3C
08
F8
8C
8C
8E
94
9C
F8
98
A8
AC
A4
A6
40
40
40
ENDCHAR
STARTCHAR 2120
ENCODING 8480
SWIDTH 600 0
DWIDTH 10 0
BBX 10 6 0 6
BITMAP
7CC0
8CC0
4B40
3B40
1B40
EA40
ENDCHAR
STARTCHAR 2121
ENCODING 8481
SWIDTH 600 0
DWIDTH 10 0
BBX 9 6 0 6
BITMAP
FD00
5100
5D00
5100
5100
5D80
ENDCHAR
STARTCHAR 2122
ENCODING 8482
SWIDTH 600 0
DWIDTH 10 0
BBX 10 6 0 6
BITMAP
F4C0
44C0
46C0
4740
4740
4540
ENDCHAR
STARTCHAR 2123
ENCODING 8483
SWIDTH 600 0
DWIDTH 10 0
BBX 10 17 0 -2
BITMAP
3800
0600
C2C0
4480
6580
6580
2500
2900
3B00
1A00
1200
1E00
1C00
1C00
2C00
2000
2000
ENDCHAR
STARTCHAR 2124
ENCODING 8484
SWIDTH 600 0
DWIDTH 10 0
BBX 8 12 1 0
BITMAP
FF
05
09
0A
14
14
28
28
50
50
A0
FF
ENDCHAR
STARTCHAR 2125
ENCODING 8485
SWIDTH 600 0
DWIDTH 10 0
BBX 8 16 1 -4
BITMAP
FE
06
0C
18
30
FE
06
18
30
7C
06
03
03
03
86
FC
ENDCHAR
STARTCHAR 2126
ENCODING 8486
SWIDTH 600 0
DWIDTH 10 0
BBX 10 12 0 0
BITMAP
1E00
3300
6180
6180
4080
4080
4080
4080
6180
2100
3300
F3C0
ENDCHAR
STARTCHAR 2127
ENCODING 8487
SWIDTH 600 0
DWIDTH 10 0
BBX 10 12 0 0
BITMAP
F3C0
3300
2100
6180
4180
4080
4080
4080
6180
6180
3300
1E00
ENDCHAR
STARTCHAR 2128
ENCODING 8488
SWIDTH 600 0
DWIDTH 10 0
BBX 8 15 1 -2
BITMAP
40
7E
06
02
04
08
1E
23
01
01
01
03
E2
66
78
ENDCHAR
STARTCHAR 2129
ENCODING 8489
SWIDTH 600 0
DWIDTH 10 0
BBX 4 9 2 0
BITMAP
E0
30
30
30
30
30
30
30
30
ENDCHAR
STARTCHAR 212A
ENCODING 8490
SWIDTH 600 0
DWIDTH 10 0
BBX 8 12 1 0
BITMAP
C3
C6
CC
C8
D8
F0
F8
C8
CC
C6
C2
C3
ENDCHAR
STARTCHAR 212B
ENCODING 8491
SWIDTH 600 0
DWIDTH 10 0
BBX 10 16 0 0
BITMAP
0C00
1200
1E00
0000
0C00
0C00
1E00
1200
1200
3300
3300
3F00
6180
6180
4080
C0C0
ENDCHAR
STARTCHAR 212C
ENCODING 8492
SWIDTH 1200 0
DWIDTH 20 0
BBX 16 13 2 0
BITMAP
01F8
0E16
1223
2243
2242
44C4
44B8
3984
0186
C326
C64C
8C88
7070
ENDCHAR
STARTCHAR 212D
ENCODING 8493
SWIDTH 600 0
DWIDTH 10 0
BBX 10 12 0 0
BITMAP
0300
1D80
2DC0
4C00
4C00
C400
CC00
D000
4000
6000
3880
1F00
ENDCHAR
STARTCHAR 212E
ENCODING 8494
SWIDTH 600 0
DWIDTH 10 0
BBX 8 10 1 0
BITMAP
3C
42
C1
C1
FF
C0
C0
C1
42
3C
ENDCHAR
STARTCHAR 212F
ENCODING 8495
SWIDTH 600 0
DWIDTH 10 0
BBX 6 8 2 -1
BITMAP
0C
34
64
EC
F4
C4
C8
70
ENDCHAR
STARTCHAR 2130
ENCODING 8496
SWIDTH 600 0
DWIDTH 10 0
BBX 10 13 0 0
BITMAP
0380
0C40
0940
0940
0980
0C00
3200
6600
C900
C900
D200
4600
3800
ENDCHAR
STARTCHAR 2131
ENCODING 8497
SWIDTH 1200 0
DWIDTH 20 0
BBX 18 13 1 -1
BITMAP
01F840
060F80
090800
111000
212000
216000
166C00
0BF800
04C800
619000
C18000
430000
3C0000
ENDCHAR
STARTCHAR 2132
ENCODING 8498
SWIDTH 600 0
DWIDTH 10 0
BBX 7 12 1 0
BITMAP
02
02
02
02
02
7E
02
02
02
02
02
FE
ENDCHAR
STARTCHAR 2133
ENCODING 8499
SWIDTH 1200 0
DWIDTH 20 0
BBX 20 13 0 -1
BITMAP
000210
000460
000CA0
0018C0
003980
005380
00B500
00A700
016B00
627600
C45680
886500
704200
ENDCHAR
STARTCHAR 2134
ENCODING 8500
SWIDTH 600 0
DWIDTH 10 0
BBX 8 7 1 -1
BITMAP
0C
1A
32
E2
65
4E
30
ENDCHAR
STARTCHAR 2135
ENCODING 8501
SWIDTH 600 0
DWIDTH 10 0
BBX 9 10 0 0
BITMAP
4080
6080
3080
1980
3900
2600
4200
4300
4180
C080
ENDCHAR
STARTCHAR 2136
ENCODING 8502
SWIDTH 600 0
DWIDTH 10 0
BBX 8 10 1 0
BITMAP
78
04
04
04
06
06
06
06
06
FF
ENDCHAR
STARTCHAR 2137
ENCODING 8503
SWIDTH 600 0
DWIDTH 10 0
BBX 6 10 2 0
BITMAP
40
30
10
10
10
10
18
18
68
CC
ENDCHAR
STARTCHAR 2138
ENCODING 8504
SWIDTH 600 0
DWIDTH 10 0
BBX 8 10 1 0
BITMAP
FF
04
04
04
04
04
04
04
04
04
ENDCHAR
STARTCHAR 2139
ENCODING 8505
SWIDTH 600 0
DWIDTH 10 0
BBX 8 13 1 0
BITMAP
18
18
00
00
78
08
08
08
08
08
08
08
FF
ENDCHAR
STARTCHAR 213A
ENCODING 8506
SWIDTH 1200 0
DWIDTH 20 0
BBX 16 9 2 0
BITMAP
0300
3FE3
603E
4018
C018
4018
6010
3FF0
1FC0
ENDCHAR
STARTCHAR 213B
ENCODING 8507
SWIDTH 600 0
DWIDTH 10 0
BBX 10 5 0 7
BITMAP
E9C0
8D80
F480
9D80
95C0
ENDCHAR
STARTCHAR 213C
ENCODING 8508
SWIDTH 600 0
DWIDTH 10 0
BBX 10 9 0 0
BITMAP
FFC0
2A80
5500
5500
5500
5500
5500
A580
E780
ENDCHAR
STARTCHAR 213D
ENCODING 8509
SWIDTH 600 0
DWIDTH 10 0
BBX 8 13 1 -4
BITMAP
E1
A1
52
52
2A
2C
14
18
08
08
10
10
10
ENDCHAR
STARTCHAR 213E
ENCODING 8510
SWIDTH 600 0
DWIDTH 10 0
BBX 8 12 2 0
BITMAP
FF
A0
A0
A0
A0
A0
A0
A0
A0
A0
A0
E0
ENDCHAR
STARTCHAR 213F
ENCODING 8511
SWIDTH 600 0
DWIDTH 10 0
BBX 8 12 1 0
BITMAP
FF
A5
A5
A5
A5
A5
A5
A5
A5
A5
A5
E7
ENDCHAR
STARTCHAR 2140
ENCODING 8512
SWIDTH 600 0
DWIDTH 10 0
BBX 10 16 0 -4
BITMAP
FF80
5000
4800
2800
1400
1400
0A00
0B00
0600
0400
0800
1000
2000
7FC0
4040
FFC0
ENDCHAR
STARTCHAR 2141
ENCODING 8513
SWIDTH 600 0
DWIDTH 10 0
BBX 8 12 1 0
BITMAP
FC
C6
C3
C3
C1
F1
01
01
03
03
86
FC
ENDCHAR
STARTCHAR 2142
ENCODING 8514
SWIDTH 600 0
DWIDTH 10 0
BBX 7 12 1 0
BITMAP
FE
02
02
02
02
02
02
02
02
02
02
02
ENDCHAR
STARTCHAR 2143
ENCODING 8515
SWIDTH 600 0
DWIDTH 10 0
BBX 7 12 1 0
BITMAP
02
02
02
02
02
02
02
02
02
02
02
FE
ENDCHAR
STARTCHAR 2144
ENCODING 8516
SWIDTH 600 0
DWIDTH 10 0
BBX 8 12 1 0
BITMAP
18
18
18
18
18
18
3C
24
66
42
C3
81
ENDCHAR
STARTCHAR 2145
ENCODING 8517
SWIDTH 600 0
DWIDTH 10 0
BBX 10 12 0 0
BITMAP
1F00
2880
2940
2940
2940
5140
5140
5280
5280
6300
A200
FC00
ENDCHAR
STARTCHAR 2146
ENCODING 8518
SWIDTH 600 0
DWIDTH 10 0
BBX 10 13 0 0
BITMAP
01C0
0140
0180
0180
1E80
7680
5280
A300
A300
A500
A500
AD00
7600
ENDCHAR
STARTCHAR 2147
ENCODING 8519
SWIDTH 600 0
DWIDTH 10 0
BBX 8 9 1 0
BITMAP
1E
35
55
A6
B8
A0
A0
E2
7C
ENDCHAR
STARTCHAR 2148
ENCODING 8520
SWIDTH 600 0
DWIDTH 10 0
BBX 6 13 2 0
BITMAP
18
14
18
00
38
28
28
28
50
50
50
50
E0
ENDCHAR
STARTCHAR 2149
ENCODING 8521
SWIDTH 600 0
DWIDTH 10 0
BBX 8 17 0 -4
BITMAP
03
05
03
00
07
05
0A
0A
0A
0A
14
14
14
14
18
28
F0
ENDCHAR
STARTCHAR 214A
ENCODING 8522
SWIDTH 600 0
DWIDTH 10 0
BBX 8 13 1 0
BITMAP
10
FE
93
91
91
91
93
9C
90
90
10
10
1F
ENDCHAR
STARTCHAR 214B
ENCODING 8523
SWIDTH 600 0
DWIDTH 10 0
BBX 10 12 0 0
BITMAP
EF00
3980
3080
38C0
6C80
6580
0300
0700
0900
0980
0900
0F00
ENDCHAR
STARTCHAR 214C
ENCODING 8524
SWIDTH 600 0
DWIDTH 10 0
BBX 10 13 0 0
BITMAP
0300
F480
5880
18C0
5AC0
A580
A540
7E40
2480
2400
2400
2400
1800
ENDCHAR
STARTCHAR 214D
ENCODING 8525
SWIDTH 600 0
DWIDTH 10 0
BBX 10 12 0 0
BITMAP
2080
5180
5100
7300
8A00
0400
05C0
0A00
0B00
1080
1040
2380
ENDCHAR
STARTCHAR 214E
ENCODING 8526
SWIDTH 600 0
DWIDTH 10 0
BBX 6 9 2 0
BITMAP
0C
0C
0C
0C
7C
0C
0C
0C
FC
ENDCHAR
STARTCHAR 214F
ENCODING 8527
SWIDTH 1200 0
DWIDTH 20 0
BBX 18 9 1 0
BITMAP
30C300
492480
492480
492480
492480
492480
292500
30C300
EF7DC0
ENDCHAR
STARTCHAR 2150
ENCODING 8528
SWIDTH 1200 0
DWIDTH 20 0
BBX 16 12 2 0
BITMAP
3020
D060
1040
1040
1080
109F
7D82
0102
0304
0204
0208
0408
ENDCHAR
STARTCHAR 2151
ENCODING 8529
SWIDTH 1200 0
DWIDTH 20 0
BBX 16 12 2 0
BITMAP
3020
D060
1040
10C0
1080
109E
7D12
0113
031F
0202
0602
041C
ENDCHAR
STARTCHAR 2152
ENCODING 8530
SWIDTH 1800 0
DWIDTH 30 0
BBX 22 12 4 0
BITMAP
603000
E02000
206000
204000
20C000
208C38
789C4C
010444
010444
030444
020444
061F38
ENDCHAR
STARTCHAR 2153
ENCODING 8531
SWIDTH 1200 0
DWIDTH 20 0
BBX 15 12 2 0
BITMAP
3020
D060
1040
10C0
1080
109E
7D12
0102
030C
0202
0602
041E
ENDCHAR
STARTCHAR 2154
ENCODING 8532
SWIDTH 1200 0
DWIDTH 20 0
BBX 14 12 3 0
BITMAP
F040
90C0
1080
3180
6100
C13C
FA24
0204
0618
0404
0C04
083C
ENDCHAR
STARTCHAR 2155
ENCODING 8533
SWIDTH 1200 0
DWIDTH 20 0
BBX 15 12 2 0
BITMAP
3020
D060
1040
1040
1080
109E
7D90
011C
0302
0202
0222
041C
ENDCHAR
STARTCHAR 2156
ENCODING 8534
SWIDTH 1200 0
DWIDTH 20 0
BBX 14 12 3 0
BITMAP
F040
9040
1080
3080
6180
C13C
FB20
0238
0204
0404
0444
0C38
ENDCHAR
STARTCHAR 2157
ENCODING 8535
SWIDTH 1200 0
DWIDTH 20 0
BBX 14 12 3 0
BITMAP
F0C0
9080
1080
6100
1100
133C
F220
0638
0404
0404
0844
0838
ENDCHAR
STARTCHAR 2158
ENCODING 8536
SWIDTH 1200 0
DWIDTH 20 0
BBX 15 12 2 0
BITMAP
1820
2860
6840
5840
FC80
189E
1990
011C
0302
0202
0222
061C
ENDCHAR
STARTCHAR 2159
ENCODING 8537
SWIDTH 1200 0
DWIDTH 20 0
BBX 16 12 2 0
BITMAP
3020
D060
1040
1040
1080
108E
7D90
011E
0313
0211
0212
040E
ENDCHAR
STARTCHAR 215A
ENCODING 8538
SWIDTH 1200 0
DWIDTH 20 0
BBX 15 12 3 0
BITMAP
F040
80C0
E080
1080
1100
911C
E320
023C
0626
0422
0424
081C
ENDCHAR
STARTCHAR 215B
ENCODING 8539
SWIDTH 1200 0
DWIDTH 20 0
BBX 16 12 2 0
BITMAP
3030
D020
1040
1040
10C0
109E
7D92
0112
010C
0312
0233
061E
ENDCHAR
STARTCHAR 215C
ENCODING 8540
SWIDTH 1200 0
DWIDTH 20 0
BBX 15 12 3 0
BITMAP
F040
90C0
1080
6180
1100
113C
F224
0224
0618
0424
0C66
083C
ENDCHAR
STARTCHAR 215D
ENCODING 8541
SWIDTH 1200 0
DWIDTH 20 0
BBX 15 12 3 0
BITMAP
F040
80C0
E080
1180
1100
913C
E224
0224
0618
0424
0C66
083C
ENDCHAR
STARTCHAR 215E
ENCODING 8542
SWIDTH 1200 0
DWIDTH 20 0
BBX 15 12 3 0
BITMAP
F8C0
1080
1100
2100
2300
423C
4624
0424
0418
0C24
0866
183C
ENDCHAR
STARTCHAR 215F
ENCODING 8543
SWIDTH 600 0
DWIDTH 10 0
BBX 11 12 2 0
BITMAP
3020
D060
1040
10C0
1080
1080
7D00
0100
0300
0200
0600
0400
ENDCHAR
STARTCHAR 2183
ENCODING 8579
SWIDTH 600 0
DWIDTH 10 0
BBX 8 12 1 0
BITMAP
F8
8C
06
03
03
03
03
03
03
02
8E
F8
ENDCHAR
STARTCHAR 2184
ENCODING 8580
SWIDTH 600 0
DWIDTH 10 0
BBX 7 9 2 0
BITMAP
F8
8C
04
06
06
06
04
8C
F8
ENDCHAR
STARTCHAR 2189
ENCODING 8585
SWIDTH 1200 0
DWIDTH 20 0
BBX 15 12 2 0
BITMAP
7820
4860
8440
84C0
8480
489E
7912
0102
030C
0202
0602
041E
ENDCHAR
STARTCHAR 2190
ENCODING 8592
SWIDTH 600 0
DWIDTH 10 0
BBX 8 4 1 1
BITMAP
20
40
FF
60
ENDCHAR
STARTCHAR 2191
ENCODING 8593
SWIDTH 600 0
DWIDTH 10 0
BBX 4 10 3 0
BITMAP
40
60
B0
20
20
20
20
20
20
20
ENDCHAR
STARTCHAR 2192
ENCODING 8594
SWIDTH 600 0
DWIDTH 10 0
BBX 8 4 1 1
BITMAP
04
02
FF
06
ENDCHAR
STARTCHAR 2193
ENCODING 8595
SWIDTH 600 0
DWIDTH 10 0
BBX 4 10 3 0
BITMAP
20
20
20
20
20
20
20
B0
60
40
ENDCHAR
STARTCHAR 2194
ENCODING 8596
SWIDTH 600 0
DWIDTH 10 0
BBX 10 4 0 1
BITMAP
2100
2100
FFC0
2100
ENDCHAR
STARTCHAR 2195
ENCODING 8597
SWIDTH 600 0
DWIDTH 10 0
BBX 4 10 3 0
BITMAP
40
60
B0
20
20
20
20
B0
60
40
ENDCHAR
STARTCHAR 219C
ENCODING 8604
SWIDTH 1200 0
DWIDTH 20 0
BBX 10 3 5 1
BITMAP
F300
A480
9840
ENDCHAR
STARTCHAR 219D
ENCODING 8605
SWIDTH 1200 0
DWIDTH 20 0
BBX 10 3 5 1
BITMAP
33C0
4940
8640
ENDCHAR
STARTCHAR 219E
ENCODING 8606
SWIDTH 1200 0
DWIDTH 20 0
BBX 10 4 5 1
BITMAP
2800
5000
FFC0
7800
ENDCHAR
STARTCHAR 21A0
ENCODING 8608
SWIDTH 1200 0
DWIDTH 20 0
BBX 10 4 5 1
BITMAP
0500
0280
FFC0
0780
ENDCHAR
STARTCHAR 21A2
ENCODING 8610
SWIDTH 1200 0
DWIDTH 20 0
BBX 10 4 5 1
BITMAP
2040
4080
FF00
20C0
ENDCHAR
STARTCHAR 21A3
ENCODING 8611
SWIDTH 1200 0
DWIDTH 20 0
BBX 10 4 5 1
BITMAP
8100
4080
3FC0
C100
ENDCHAR
STARTCHAR 21A4
ENCODING 8612
SWIDTH 1200 0
DWIDTH 20 0
BBX 10 4 5 1
BITMAP
2040
4040
FFC0
2040
ENDCHAR
STARTCHAR 21A6
ENCODING 8614
SWIDTH 1200 0
DWIDTH 20 0
BBX 10 4 5 1
BITMAP
8100
8080
FFC0
8100
ENDCHAR
STARTCHAR 21D0
ENCODING 8656
SWIDTH 1200 0
DWIDTH 20 0
BBX 10 7 5 -1
BITMAP
1000
2000
7FC0
C000
7FC0
2000
2000
ENDCHAR
STARTCHAR 21D1
ENCODING 8657
SWIDTH 600 0
DWIDTH 10 0
BBX 6 10 2 0
BITMAP
30
78
CC
B4
30
30
30
30
30
30
ENDCHAR
STARTCHAR 21D2
ENCODING 8658
SWIDTH 1200 0
DWIDTH 20 0
BBX 10 7 5 -1
BITMAP
0200
0100
FF80
00C0
FF80
0100
0100
ENDCHAR
STARTCHAR 21D3
ENCODING 8659
SWIDTH 600 0
DWIDTH 10 0
BBX 6 10 2 0
BITMAP
30
30
30
30
30
30
30
B4
78
30
ENDCHAR
STARTCHAR 21D4
ENCODING 8660
SWIDTH 1200 0
DWIDTH 20 0
BBX 10 7 5 -1
BITMAP
1200
2100
7F80
C0C0
7F80
2100
2100
ENDCHAR
STARTCHAR 21DA
ENCODING 8666
SWIDTH 1200 0
DWIDTH 20 0
BBX 10 7 5 0
BITMAP
2000
3FC0
4000
FFC0
4000
7FC0
2000
ENDCHAR
STARTCHAR 21DB
ENCODING 8667
SWIDTH 1200 0
DWIDTH 20 0
BBX 10 7 5 0
BITMAP
0100
FF00
0080
FFC0
0080
FF80
0100
ENDCHAR
STARTCHAR 21E6
ENCODING 8678
SWIDTH 1200 0
DWIDTH 20 0
BBX 10 6 5 0
BITMAP
2000
7FC0
8040
8040
7FC0
2000
ENDCHAR
STARTCHAR 21E8
ENCODING 8680
SWIDTH 1200 0
DWIDTH 20 0
BBX 10 6 5 0
BITMAP
0100
FF80
8040
8040
FF80
0100
ENDCHAR
STARTCHAR 2200
ENCODING 8704
SWIDTH 600 0
DWIDTH 10 0
BBX 10 12 0 0
BITMAP
C0C0
4080
6180
6180
3F00
2100
3300
1200
1200
1E00
0C00
0C00
ENDCHAR
STARTCHAR 2201
ENCODING 8705
SWIDTH 600 0
DWIDTH 10 0
BBX 6 12 2 0
BITMAP
78
48
CC
CC
C0
C0
C0
C0
CC
CC
48
78
ENDCHAR
STARTCHAR 2202
ENCODING 8706
SWIDTH 600 0
DWIDTH 10 0
BBX 8 12 1 0
BITMAP
3C
26
03
03
3F
67
C3
C2
82
86
CC
78
ENDCHAR
STARTCHAR 2203
ENCODING 8707
SWIDTH 600 0
DWIDTH 10 0
BBX 8 12 1 0
BITMAP
FF
01
01
01
01
7F
01
01
01
01
01
FF
ENDCHAR
STARTCHAR 2204
ENCODING 8708
SWIDTH 600 0
DWIDTH 10 0
BBX 8 14 1 -1
BITMAP
02
FF
05
0D
09
09
7F
11
11
21
21
21
FF
C0
ENDCHAR
STARTCHAR 2205
ENCODING 8709
SWIDTH 1200 0
DWIDTH 20 0
BBX 12 13 4 0
BITMAP
0F10
30F0
6060
C0F0
8190
8310
8610
8C10
9810
F030
6020
F0C0
9F80
ENDCHAR
STARTCHAR 2206
ENCODING 8710
SWIDTH 600 0
DWIDTH 10 0
BBX 10 12 0 0
BITMAP
0C00
0C00
1E00
1200
1200
3300
2100
2100
6180
4080
4080
FFC0
ENDCHAR
STARTCHAR 2207
ENCODING 8711
SWIDTH 600 0
DWIDTH 10 0
BBX 10 12 0 0
BITMAP
FFC0
4080
6180
6180
2100
3300
3300
1200
1E00
1E00
0C00
0C00
ENDCHAR
STARTCHAR 2208
ENCODING 8712
SWIDTH 600 0
DWIDTH 10 0
BBX 8 10 1 1
BITMAP
3F
60
C0
80
80
FF
80
80
40
3F
ENDCHAR
STARTCHAR 2209
ENCODING 8713
SWIDTH 600 0
DWIDTH 10 0
BBX 8 14 1 -1
BITMAP
02
02
3F
64
CC
88
88
FF
90
B0
60
3F
40
40
ENDCHAR
STARTCHAR 220A
ENCODING 8714
SWIDTH 600 0
DWIDTH 10 0
BBX 8 7 1 2
BITMAP
3F
60
C0
FF
80
40
3F
ENDCHAR
STARTCHAR 220B
ENCODING 8715
SWIDTH 600 0
DWIDTH 10 0
BBX 8 10 1 1
BITMAP
FC
06
03
01
01
FF
01
01
02
FC
ENDCHAR
STARTCHAR 220C
ENCODING 8716
SWIDTH 600 0
DWIDTH 10 0
BBX 8 14 1 -1
BITMAP
03
02
FE
06
07
0D
09
FF
11
11
32
FC
20
40
ENDCHAR
STARTCHAR 220D
ENCODING 8717
SWIDTH 600 0
DWIDTH 10 0
BBX 8 7 1 2
BITMAP
FC
06
03
FF
01
02
FC
ENDCHAR
STARTCHAR 220E
ENCODING 8718
SWIDTH 600 0
DWIDTH 10 0
BBX 8 11 1 0
BITMAP
FF
FF
FF
FF
FF
FF
FF
FF
FF
FF
FF
ENDCHAR
STARTCHAR 2210
ENCODING 8720
SWIDTH 600 0
DWIDTH 10 0
BBX 8 16 1 -4
BITMAP
81
81
81
81
81
81
81
81
81
81
81
81
81
81
81
FF
ENDCHAR
STARTCHAR 2212
ENCODING 8722
SWIDTH 600 0
DWIDTH 10 0
BBX 8 1 1 5
BITMAP
FF
ENDCHAR
STARTCHAR 2218
ENCODING 8728
SWIDTH 600 0
DWIDTH 10 0
BBX 4 5 3 4
BITMAP
60
90
90
90
F0
ENDCHAR
STARTCHAR 2219
ENCODING 8729
SWIDTH 600 0
DWIDTH 10 0
BBX 2 2 4 5
BITMAP
C0
C0
ENDCHAR
STARTCHAR 221A
ENCODING 8730
SWIDTH 600 0
DWIDTH 10 0
BBX 10 14 0 -1
BITMAP
00C0
0080
0080
0180
0100
0100
E300
2200
3200
1600
1400
1C00
0C00
0800
ENDCHAR
STARTCHAR 221E
ENCODING 8734
SWIDTH 600 0
DWIDTH 10 0
BBX 10 5 0 3
BITMAP
7380
CCC0
8C40
8C40
7380
ENDCHAR
STARTCHAR 2220
ENCODING 8736
SWIDTH 600 0
DWIDTH 10 0
BBX 10 8 0 0
BITMAP
0300
0200
0400
0800
1800
3000
6000
FFC0
ENDCHAR
STARTCHAR 2223
ENCODING 8739
SWIDTH 600 0
DWIDTH 10 0
BBX 2 13 4 0
BITMAP
C0
C0
C0
C0
C0
C0
C0
C0
C0
C0
C0
C0
C0
ENDCHAR
STARTCHAR 2227
ENCODING 8743
SWIDTH 600 0
DWIDTH 10 0
BBX 10 9 0 2
BITMAP
0800
0C00
0C00
1200
1200
2100
2100
4180
C0C0
ENDCHAR
STARTCHAR 2228
ENCODING 8744
SWIDTH 600 0
DWIDTH 10 0
BBX 10 9 0 2
BITMAP
C0C0
4080
6180
2100
3300
1200
1E00
0C00
0C00
ENDCHAR
STARTCHAR 2229
ENCODING 8745
SWIDTH 600 0
DWIDTH 10 0
BBX 8 10 1 1
BITMAP
3C
66
C3
81
81
81
81
81
81
81
ENDCHAR
STARTCHAR 222A
ENCODING 8746
SWIDTH 600 0
DWIDTH 10 0
BBX 8 10 1 1
BITMAP
81
81
81
81
81
81
81
81
42
3C
ENDCHAR
STARTCHAR 2234
ENCODING 8756
SWIDTH 600 0
DWIDTH 10 0
BBX 8 8 1 2
BITMAP
18
18
00
00
00
00
C3
C3
ENDCHAR
STARTCHAR 2235
ENCODING 8757
SWIDTH 600 0
DWIDTH 10 0
BBX 8 8 1 2
BITMAP
C3
C3
00
00
00
00
18
18
ENDCHAR
STARTCHAR 2236
ENCODING 8758
SWIDTH 600 0
DWIDTH 10 0
BBX 2 8 4 2
BITMAP
C0
C0
00
00
00
00
C0
C0
ENDCHAR
STARTCHAR 2237
ENCODING 8759
SWIDTH 600 0
DWIDTH 10 0
BBX 8 8 1 2
BITMAP
C3
C3
00
00
00
00
C3
C3
ENDCHAR
STARTCHAR 2238
ENCODING 8760
SWIDTH 600 0
DWIDTH 10 0
BBX 8 4 1 5
BITMAP
18
18
00
FF
ENDCHAR
STARTCHAR 223C
ENCODING 8764
SWIDTH 600 0
DWIDTH 10 0
BBX 8 2 1 5
BITMAP
F1
9F
ENDCHAR
STARTCHAR 223D
ENCODING 8765
SWIDTH 600 0
DWIDTH 10 0
BBX 8 2 1 5
BITMAP
8E
F9
ENDCHAR
STARTCHAR 2241
ENCODING 8769
SWIDTH 600 0
DWIDTH 10 0
BBX 8 8 1 2
BITMAP
04
0C
08
F9
9F
10
30
20
ENDCHAR
STARTCHAR 2243
ENCODING 8771
SWIDTH 600 0
DWIDTH 10 0
BBX 8 4 1 4
BITMAP
71
9F
00
FF
ENDCHAR
STARTCHAR 2245
ENCODING 8773
SWIDTH 600 0
DWIDTH 10 0
BBX 8 7 1 3
BITMAP
71
9F
00
FF
00
00
FF
ENDCHAR
STARTCHAR 2247
ENCODING 8775
SWIDTH 600 0
DWIDTH 10 0
BBX 8 12 1 0
BITMAP
02
04
75
9F
08
FF
10
10
FF
20
20
60
ENDCHAR
STARTCHAR 2248
ENCODING 8776
SWIDTH 600 0
DWIDTH 10 0
BBX 8 5 1 3
BITMAP
71
9F
00
71
9F
ENDCHAR
STARTCHAR 2249
ENCODING 8777
SWIDTH 600 0
DWIDTH 10 0
BBX 8 11 1 0
BITMAP
06
04
08
79
9F
10
71
BF
20
60
40
ENDCHAR
STARTCHAR 224A
ENCODING 8778
SWIDTH 600 0
DWIDTH 10 0
BBX 8 7 1 3
BITMAP
71
9F
00
71
9F
00
FF
ENDCHAR
STARTCHAR 224B
ENCODING 8779
SWIDTH 600 0
DWIDTH 10 0
BBX 8 7 1 2
BITMAP
F1
8F
F1
9F
00
F1
9F
ENDCHAR
STARTCHAR 224C
ENCODING 8780
SWIDTH 600 0
DWIDTH 10 0
BBX 8 7 1 3
BITMAP
8E
F9
00
FF
00
00
FF
ENDCHAR
STARTCHAR 2254
ENCODING 8788
SWIDTH 600 0
DWIDTH 10 0
BBX 8 5 1 3
BITMAP
DF
C0
00
DF
C0
ENDCHAR
STARTCHAR 2255
ENCODING 8789
SWIDTH 600 0
DWIDTH 10 0
BBX 8 5 1 3
BITMAP
FB
03
00
FB
03
ENDCHAR
STARTCHAR 2257
ENCODING 8791
SWIDTH 600 0
DWIDTH 10 0
BBX 8 10 1 1
BITMAP
18
24
24
3C
00
00
FF
00
00
FF
ENDCHAR
STARTCHAR 225F
ENCODING 8799
SWIDTH 600 0
DWIDTH 10 0
BBX 8 10 1 1
BITMAP
18
08
08
10
10
00
FF
00
00
FF
ENDCHAR
STARTCHAR 2260
ENCODING 8800
SWIDTH 600 0
DWIDTH 10 0
BBX 8 9 1 1
BITMAP
06
0C
FF
18
10
FF
20
60
20
ENDCHAR
STARTCHAR 2261
ENCODING 8801
SWIDTH 600 0
DWIDTH 10 0
BBX 8 7 1 2
BITMAP
FF
00
00
FF
00
00
FF
ENDCHAR
STARTCHAR 2262
ENCODING 8802
SWIDTH 600 0
DWIDTH 10 0
BBX 8 13 1 -1
BITMAP
02
06
04
FF
08
08
FF
10
10
FF
20
60
40
ENDCHAR
STARTCHAR 2264
ENCODING 8804
SWIDTH 600 0
DWIDTH 10 0
BBX 8 10 1 0
BITMAP
01
07
18
60
C0
38
0E
03
00
FF
ENDCHAR
STARTCHAR 2265
ENCODING 8805
SWIDTH 600 0
DWIDTH 10 0
BBX 8 10 1 0
BITMAP
80
E0
18
06
03
1C
70
C0
00
FF
ENDCHAR
STARTCHAR 226C
ENCODING 8812
SWIDTH 600 0
DWIDTH 10 0
BBX 4 13 3 0
BITMAP
90
60
60
60
90
90
90
90
90
F0
60
60
F0
ENDCHAR
STARTCHAR 226E
ENCODING 8814
SWIDTH 600 0
DWIDTH 10 0
BBX 8 12 1 0
BITMAP
06
04
0F
0E
18
70
F0
38
2E
23
60
40
ENDCHAR
STARTCHAR 226F
ENCODING 8815
SWIDTH 600 0
DWIDTH 10 0
BBX 8 12 1 0
BITMAP
06
04
CC
68
18
16
17
3C
70
E0
60
40
ENDCHAR
STARTCHAR 2270
ENCODING 8816
SWIDTH 600 0
DWIDTH 10 0
BBX 8 14 1 -2
BITMAP
06
04
05
0F
18
78
D0
38
3E
23
20
FF
40
C0
ENDCHAR
STARTCHAR 2271
ENCODING 8817
SWIDTH 600 0
DWIDTH 10 0
BBX 8 13 1 -1
BITMAP
06
04
8C
E8
18
1E
13
1C
70
E0
60
FF
C0
ENDCHAR
STARTCHAR 2272
ENCODING 8818
SWIDTH 600 0
DWIDTH 10 0
BBX 8 9 1 1
BITMAP
03
1C
E0
E0
1C
03
00
F1
9F
ENDCHAR
STARTCHAR 2273
ENCODING 8819
SWIDTH 600 0
DWIDTH 10 0
BBX 8 9 1 1
BITMAP
C0
38
07
07
38
C0
00
F1
9F
ENDCHAR
STARTCHAR 2274
ENCODING 8820
SWIDTH 600 0
DWIDTH 10 0
BBX 8 13 1 -1
BITMAP
06
04
07
1C
E8
E8
1C
13
30
71
BF
40
40
ENDCHAR
STARTCHAR 2275
ENCODING 8821
SWIDTH 600 0
DWIDTH 10 0
BBX 8 13 1 -1
BITMAP
06
04
CC
78
0E
1F
38
F0
20
71
FF
40
C0
ENDCHAR
STARTCHAR 227A
ENCODING 8826
SWIDTH 600 0
DWIDTH 10 0
BBX 8 8 1 2
BITMAP
01
06
0C
70
F0
1C
06
01
ENDCHAR
STARTCHAR 227B
ENCODING 8827
SWIDTH 600 0
DWIDTH 10 0
BBX 8 8 1 2
BITMAP
80
60
30
0E
0F
38
60
80
ENDCHAR
STARTCHAR 2282
ENCODING 8834
SWIDTH 600 0
DWIDTH 10 0
BBX 8 10 1 1
BITMAP
3F
60
80
80
80
80
80
80
40
3F
ENDCHAR
STARTCHAR 2283
ENCODING 8835
SWIDTH 600 0
DWIDTH 10 0
BBX 8 10 1 1
BITMAP
FC
06
03
01
01
01
01
01
06
FC
ENDCHAR
STARTCHAR 2284
ENCODING 8836
SWIDTH 600 0
DWIDTH 10 0
BBX 8 14 1 -1
BITMAP
02
06
3F
64
88
88
98
90
90
B0
60
7F
40
C0
ENDCHAR
STARTCHAR 2285
ENCODING 8837
SWIDTH 600 0
DWIDTH 10 0
BBX 8 14 1 -1
BITMAP
03
02
FE
06
07
0D
09
19
11
11
36
FC
20
40
ENDCHAR
STARTCHAR 2286
ENCODING 8838
SWIDTH 600 0
DWIDTH 10 0
BBX 8 12 1 0
BITMAP
3F
60
80
80
80
80
80
80
40
3F
00
FF
ENDCHAR
STARTCHAR 2287
ENCODING 8839
SWIDTH 600 0
DWIDTH 10 0
BBX 8 12 1 0
BITMAP
FC
06
01
01
01
01
01
01
02
FC
00
FF
ENDCHAR
STARTCHAR 2288
ENCODING 8840
SWIDTH 600 0
DWIDTH 10 0
BBX 8 14 1 -1
BITMAP
02
3F
64
84
88
88
98
90
90
70
3F
60
FF
C0
ENDCHAR
STARTCHAR 2289
ENCODING 8841
SWIDTH 600 0
DWIDTH 10 0
BBX 8 14 1 -1
BITMAP
02
FE
06
05
05
0D
09
19
11
12
FC
20
FF
40
ENDCHAR
STARTCHAR 228E
ENCODING 8846
SWIDTH 600 0
DWIDTH 10 0
BBX 8 11 1 0
BITMAP
81
81
81
81
89
89
BD
89
81
C3
7E
ENDCHAR
STARTCHAR 2291
ENCODING 8849
SWIDTH 600 0
DWIDTH 10 0
BBX 8 12 1 0
BITMAP
FF
80
80
80
80
80
80
80
FF
00
00
FF
ENDCHAR
STARTCHAR 2292
ENCODING 8850
SWIDTH 600 0
DWIDTH 10 0
BBX 8 12 1 0
BITMAP
FF
01
01
01
01
01
01
01
FF
00
00
FF
ENDCHAR
STARTCHAR 2293
ENCODING 8851
SWIDTH 600 0
DWIDTH 10 0
BBX 8 9 1 1
BITMAP
FF
81
81
81
81
81
81
81
81
ENDCHAR
STARTCHAR 2294
ENCODING 8852
SWIDTH 600 0
DWIDTH 10 0
BBX 8 9 1 2
BITMAP
81
81
81
81
81
81
81
81
FF
ENDCHAR
STARTCHAR 2295
ENCODING 8853
SWIDTH 1200 0
DWIDTH 20 0
BBX 12 11 4 0
BITMAP
0F00
30C0
6660
4620
C630
9F90
C630
4620
6660
30C0
1F80
ENDCHAR
STARTCHAR 2296
ENCODING 8854
SWIDTH 1200 0
DWIDTH 20 0
BBX 12 11 4 0
BITMAP
0F00
30C0
6060
4020
C030
9F90
C030
4020
6060
30C0
1F80
ENDCHAR
STARTCHAR 2297
ENCODING 8855
SWIDTH 1200 0
DWIDTH 20 0
BBX 12 11 4 0
BITMAP
0F00
30C0
6060
59A0
CF30
8610
CF30
59A0
6060
30C0
1F80
ENDCHAR
STARTCHAR 2298
ENCODING 8856
SWIDTH 1200 0
DWIDTH 20 0
BBX 12 11 4 0
BITMAP
0F00
30C0
6060
41A0
C330
8610
CC30
5820
6060
30C0
1F80
ENDCHAR
STARTCHAR 2299
ENCODING 8857
SWIDTH 1200 0
DWIDTH 20 0
BBX 12 11 4 0
BITMAP
0F00
30C0
6060
4020
C630
8610
C630
4020
6060
30C0
1F80
ENDCHAR
STARTCHAR 229A
ENCODING 8858
SWIDTH 1200 0
DWIDTH 20 0
BBX 12 11 4 0
BITMAP
0F00
30C0
6060
4620
C930
8910
C930
4F20
6060
30C0
1F80
ENDCHAR
STARTCHAR 229B
ENCODING 8859
SWIDTH 1200 0
DWIDTH 20 0
BBX 12 11 4 0
BITMAP
0F00
30C0
6660
4620
D4B0
8F10
C630
4920
79E0
30C0
1F80
ENDCHAR
STARTCHAR 229C
ENCODING 8860
SWIDTH 1200 0
DWIDTH 20 0
BBX 12 11 4 0
BITMAP
0F00
30C0
6060
5FA0
C030
8010
DFB0
4020
6060
30C0
1F80
ENDCHAR
STARTCHAR 22A2
ENCODING 8866
SWIDTH 600 0
DWIDTH 10 0
BBX 8 11 1 0
BITMAP
80
80
80
80
80
FF
80
80
80
80
80
ENDCHAR
STARTCHAR 22A3
ENCODING 8867
SWIDTH 600 0
DWIDTH 10 0
BBX 8 11 1 0
BITMAP
01
01
01
01
01
FF
01
01
01
01
01
ENDCHAR
STARTCHAR 22A4
ENCODING 8868
SWIDTH 600 0
DWIDTH 10 0
BBX 8 11 1 0
BITMAP
FF
18
18
18
18
18
18
18
18
18
18
ENDCHAR
STARTCHAR 22A5
ENCODING 8869
SWIDTH 600 0
DWIDTH 10 0
BBX 8 11 1 1
BITMAP
18
18
18
18
18
18
18
18
18
18
FF
ENDCHAR
STARTCHAR 22B4
ENCODING 8884
SWIDTH 600 0
DWIDTH 10 0
BBX 8 8 1 2
BITMAP
03
0F
71
E1
1D
03
00
FF
ENDCHAR
STARTCHAR 22B5
ENCODING 8885
SWIDTH 600 0
DWIDTH 10 0
BBX 8 8 1 2
BITMAP
C0
F0
8E
87
B8
C0
00
FF
ENDCHAR
STARTCHAR 22B8
ENCODING 8888
SWIDTH 600 0
DWIDTH 10 0
BBX 10 5 0 4
BITMAP
0380
0480
FCC0
0480
0380
ENDCHAR
STARTCHAR 22C2
ENCODING 8898
SWIDTH 600 0
DWIDTH 10 0
BBX 8 12 1 0
BITMAP
3C
C3
81
81
81
81
81
81
81
81
81
81
ENDCHAR
STARTCHAR 22C3
ENCODING 8899
SWIDTH 600 0
DWIDTH 10 0
BBX 8 11 1 0
BITMAP
81
81
81
81
81
81
81
81
81
C3
7E
ENDCHAR
STARTCHAR 22C4
ENCODING 8900
SWIDTH 600 0
DWIDTH 10 0
BBX 8 8 1 2
BITMAP
08
18
24
42
C3
66
3C
18
ENDCHAR
STARTCHAR 22C6
ENCODING 8902
SWIDTH 600 0
DWIDTH 10 0
BBX 6 6 2 3
BITMAP
20
30
FC
30
78
48
ENDCHAR
STARTCHAR 22C8
ENCODING 8904
SWIDTH 600 0
DWIDTH 10 0
BBX 10 9 0 1
BITMAP
C0C0
E1C0
F3C0
DEC0
CCC0
DEC0
F3C0
E1C0
C0C0
ENDCHAR
STARTCHAR 22C9
ENCODING 8905
SWIDTH 600 0
DWIDTH 10 0
BBX 10 9 0 1
BITMAP
C0C0
E180
F300
DE00
CC00
DE00
F300
E180
C0C0
ENDCHAR
STARTCHAR 22CA
ENCODING 8906
SWIDTH 600 0
DWIDTH 10 0
BBX 10 9 0 1
BITMAP
C0C0
61C0
33C0
1EC0
0CC0
1EC0
33C0
61C0
C0C0
ENDCHAR
STARTCHAR 22CD
ENCODING 8909
SWIDTH 600 0
DWIDTH 10 0
BBX 8 4 1 4
BITMAP
8E
F9
00
FF
ENDCHAR
STARTCHAR 22CE
ENCODING 8910
SWIDTH 600 0
DWIDTH 10 0
BBX 10 8 0 1
BITMAP
C0C0
2100
3300
1200
1E00
0C00
0C00
0C00
ENDCHAR
STARTCHAR 22D0
ENCODING 8912
SWIDTH 600 0
DWIDTH 10 0
BBX 8 10 1 1
BITMAP
3F
60
C0
9F
B0
A0
A0
9F
60
3F
ENDCHAR
STARTCHAR 22D1
ENCODING 8913
SWIDTH 600 0
DWIDTH 10 0
BBX 8 10 1 1
BITMAP
FC
06
03
F9
0D
05
05
F9
06
FC
ENDCHAR
STARTCHAR 22E2
ENCODING 8930
SWIDTH 600 0
DWIDTH 10 0
BBX 8 14 1 -1
BITMAP
02
FF
86
84
84
88
88
98
90
FF
20
20
FF
40
ENDCHAR
STARTCHAR 22E3
ENCODING 8931
SWIDTH 600 0
DWIDTH 10 0
BBX 8 14 1 -1
BITMAP
02
FF
07
05
05
09
09
19
11
FF
20
20
FF
40
ENDCHAR
STARTCHAR 2308
ENCODING 8968
SWIDTH 600 0
DWIDTH 10 0
BBX 6 15 2 -1
BITMAP
FC
C0
C0
C0
C0
C0
C0
C0
C0
C0
C0
C0
C0
C0
C0
ENDCHAR
STARTCHAR 2309
ENCODING 8969
SWIDTH 600 0
DWIDTH 10 0
BBX 6 15 2 -1
BITMAP
FC
0C
0C
0C
0C
0C
0C
0C
0C
0C
0C
0C
0C
0C
0C
ENDCHAR
STARTCHAR 230A
ENCODING 8970
SWIDTH 600 0
DWIDTH 10 0
BBX 6 15 2 -2
BITMAP
C0
C0
C0
C0
C0
C0
C0
C0
C0
C0
C0
C0
C0
C0
FC
ENDCHAR
STARTCHAR 230B
ENCODING 8971
SWIDTH 600 0
DWIDTH 10 0
BBX 6 15 2 -2
BITMAP
0C
0C
0C
0C
0C
0C
0C
0C
0C
0C
0C
0C
0C
0C
FC
ENDCHAR
STARTCHAR 2310
ENCODING 8976
SWIDTH 600 0
DWIDTH 10 0
BBX 8 4 1 2
BITMAP
FF
C0
C0
C0
ENDCHAR
STARTCHAR 2319
ENCODING 8985
SWIDTH 600 0
DWIDTH 10 0
BBX 8 4 1 4
BITMAP
80
80
80
FF
ENDCHAR
STARTCHAR 2320
ENCODING 8992
SWIDTH 600 0
DWIDTH 10 0
BBX 4 18 4 -4
BITMAP
30
50
40
C0
C0
C0
C0
C0
C0
C0
C0
C0
C0
C0
C0
C0
C0
C0
ENDCHAR
STARTCHAR 2321
ENCODING 8993
SWIDTH 600 0
DWIDTH 10 0
BBX 4 18 2 -4
BITMAP
30
30
30
30
30
30
30
30
30
30
30
30
30
30
30
20
A0
C0
ENDCHAR
STARTCHAR 2336
ENCODING 9014
SWIDTH 600 0
DWIDTH 10 0
BBX 8 12 1 0
BITMAP
FF
18
18
18
18
18
18
18
18
18
18
FF
ENDCHAR
STARTCHAR 2337
ENCODING 9015
SWIDTH 600 0
DWIDTH 10 0
BBX 6 15 2 -1
BITMAP
FC
84
84
84
84
84
84
84
84
84
84
84
84
84
FC
ENDCHAR
STARTCHAR 2338
ENCODING 9016
SWIDTH 600 0
DWIDTH 10 0
BBX 10 15 0 -1
BITMAP
FFC0
8040
8040
8040
8040
BF40
8040
8040
8040
BF40
8040
8040
8040
8040
FFC0
ENDCHAR
STARTCHAR 2339
ENCODING 9017
SWIDTH 600 0
DWIDTH 10 0
BBX 10 15 0 -1
BITMAP
FFC0
8040
8040
8040
8C40
8C40
8040
BF40
8040
8C40
8C40
8040
8040
8040
FFC0
ENDCHAR
STARTCHAR 233A
ENCODING 9018
SWIDTH 600 0
DWIDTH 10 0
BBX 10 15 0 -1
BITMAP
FFC0
8040
8040
8040
8840
8C40
9240
E1C0
B340
9E40
8C40
8040
8040
8040
FFC0
ENDCHAR
STARTCHAR 233B
ENCODING 9019
SWIDTH 600 0
DWIDTH 10 0
BBX 10 15 0 -1
BITMAP
FFC0
8040
8040
8040
8040
9E40
B340
A140
B340
9E40
8040
8040
8040
8040
FFC0
ENDCHAR
STARTCHAR 233C
ENCODING 9020
SWIDTH 600 0
DWIDTH 10 0
BBX 10 15 0 -1
BITMAP
FFC0
8040
8040
9E40
B140
C0C0
C0C0
8040
C0C0
C0C0
E1C0
9E40
8040
8040
FFC0
ENDCHAR
STARTCHAR 233D
ENCODING 9021
SWIDTH 1200 0
DWIDTH 20 0
BBX 12 14 4 -1
BITMAP
0600
0600
1F80
2640
4620
4620
C630
C630
4620
4620
2640
1F80
0600
0600
ENDCHAR
STARTCHAR 233E
ENCODING 9022
SWIDTH 1200 0
DWIDTH 20 0
BBX 12 11 4 0
BITMAP
0F00
30C0
6060
4F20
4920
D0B0
C930
4F20
6060
30C0
1F80
ENDCHAR
STARTCHAR 233F
ENCODING 9023
SWIDTH 600 0
DWIDTH 10 0
BBX 8 14 1 -2
BITMAP
02
06
04
04
08
08
FF
10
10
30
20
20
40
40
ENDCHAR
STARTCHAR 2340
ENCODING 9024
SWIDTH 600 0
DWIDTH 10 0
BBX 8 14 1 -2
BITMAP
40
60
20
20
10
10
FF
08
08
0C
04
04
02
02
ENDCHAR
STARTCHAR 2341
ENCODING 9025
SWIDTH 600 0
DWIDTH 10 0
BBX 10 15 0 -1
BITMAP
FFC0
80C0
81C0
8140
8340
8240
8440
8C40
8840
9840
9040
A040
E040
C040
FFC0
ENDCHAR
STARTCHAR 2342
ENCODING 9026
SWIDTH 600 0
DWIDTH 10 0
BBX 10 15 0 -1
BITMAP
FFC0
C040
E040
A040
B040
9040
8840
8C40
8440
8640
8240
8140
81C0
80C0
FFC0
ENDCHAR
STARTCHAR 2343
ENCODING 9027
SWIDTH 600 0
DWIDTH 10 0
BBX 10 15 0 -1
BITMAP
FFC0
8040
8040
8040
80C0
83C0
9C40
F040
9C40
8740
80C0
8040
8040
8040
FFC0
ENDCHAR
STARTCHAR 2344
ENCODING 9028
SWIDTH 600 0
DWIDTH 10 0
BBX 10 15 0 -1
BITMAP
FFC0
8040
8040
8040
C040
F040
8E40
83C0
8E40
B840
C040
8040
8040
8040
FFC0
ENDCHAR
STARTCHAR 2345
ENCODING 9029
SWIDTH 600 0
DWIDTH 10 0
BBX 10 12 0 0
BITMAP
0400
0400
0400
2400
6400
FFC0
6400
2400
0400
0400
0400
0400
ENDCHAR
STARTCHAR 2346
ENCODING 9030
SWIDTH 600 0
DWIDTH 10 0
BBX 10 12 0 0
BITMAP
0800
0800
0800
0900
0980
FFC0
0980
0900
0800
0800
0800
0800
ENDCHAR
STARTCHAR 2347
ENCODING 9031
SWIDTH 600 0
DWIDTH 10 0
BBX 10 15 0 -1
BITMAP
FFC0
8040
8040
8040
8040
8840
9040
BFC0
9040
8840
8040
8040
8040
8040
FFC0
ENDCHAR
STARTCHAR 2348
ENCODING 9032
SWIDTH 600 0
DWIDTH 10 0
BBX 10 15 0 -1
BITMAP
FFC0
8040
8040
8040
8040
8440
8240
FF40
8240
8440
8040
8040
8040
8040
FFC0
ENDCHAR
STARTCHAR 2349
ENCODING 9033
SWIDTH 1200 0
DWIDTH 20 0
BBX 12 14 4 -2
BITMAP
3000
1F00
38C0
6860
4C20
4420
C630
C230
4320
6160
31C0
1F80
0080
0040
ENDCHAR
STARTCHAR 234A
ENCODING 9034
SWIDTH 600 0
DWIDTH 10 0
BBX 10 14 0 -2
BITMAP
0C00
0C00
0C00
0C00
0C00
0C00
0C00
0C00
0C00
0C00
0C00
FFC0
0000
FFC0
ENDCHAR
STARTCHAR 234B
ENCODING 9035
SWIDTH 600 0
DWIDTH 10 0
BBX 10 17 0 -3
BITMAP
0C00
0C00
0C00
0C00
0C00
1E00
1E00
3F00
3D00
2D00
6D80
4C80
4C80
FFC0
0C00
0C00
0C00
ENDCHAR
STARTCHAR 234C
ENCODING 9036
SWIDTH 600 0
DWIDTH 10 0
BBX 10 15 0 -1
BITMAP
FFC0
8040
8040
8040
8040
C0C0
E1C0
A140
9240
9E40
8C40
8840
8040
8040
FFC0
ENDCHAR
STARTCHAR 234D
ENCODING 9037
SWIDTH 600 0
DWIDTH 10 0
BBX 10 15 0 -1
BITMAP
FFC0
8040
8040
8040
8840
8C40
8C40
9240
9240
A140
BF40
8040
8040
8040
FFC0
ENDCHAR
STARTCHAR 234E
ENCODING 9038
SWIDTH 600 0
DWIDTH 10 0
BBX 10 12 0 0
BITMAP
0C00
0C00
0C00
0C00
1E00
2D00
2D00
3F00
1E00
0C00
0C00
FFC0
ENDCHAR
STARTCHAR 234F
ENCODING 9039
SWIDTH 600 0
DWIDTH 10 0
BBX 10 12 0 0
BITMAP
0400
0C00
3F00
0C00
0C00
FFC0
0C00
0C00
0C00
0C00
0C00
0C00
ENDCHAR
STARTCHAR 2350
ENCODING 9040
SWIDTH 600 0
DWIDTH 10 0
BBX 10 15 0 -1
BITMAP
FFC0
8040
8C40
9E40
8C40
8C40
8C40
8C40
8C40
8C40
8C40
8C40
8C40
8C40
FFC0
ENDCHAR
STARTCHAR 2351
ENCODING 9041
SWIDTH 600 0
DWIDTH 10 0
BBX 10 14 0 0
BITMAP
FFC0
0000
FFC0
0C00
0C00
0C00
0C00
0C00
0C00
0C00
0C00
0C00
0C00
0C00
ENDCHAR
STARTCHAR 2352
ENCODING 9042
SWIDTH 600 0
DWIDTH 10 0
BBX 10 17 0 -3
BITMAP
0C00
0C00
FFC0
4C80
4C80
6D80
2D00
2D00
3F00
1E00
1E00
0E00
0C00
0C00
0C00
0C00
0C00
ENDCHAR
STARTCHAR 2353
ENCODING 9043
SWIDTH 600 0
DWIDTH 10 0
BBX 10 15 0 -1
BITMAP
FFC0
8040
8040
8040
8C40
9E40
9240
A140
A140
C0C0
C0C0
8040
8040
8040
FFC0
ENDCHAR
STARTCHAR 2354
ENCODING 9044
SWIDTH 600 0
DWIDTH 10 0
BBX 10 15 0 -1
BITMAP
FFC0
8040
8040
8040
BF40
A140
9240
9240
8C40
8C40
8C40
8840
8040
8040
FFC0
ENDCHAR
STARTCHAR 2355
ENCODING 9045
SWIDTH 600 0
DWIDTH 10 0
BBX 10 12 0 0
BITMAP
FFC0
0C00
0C00
0C00
1E00
2D00
2D00
1E00
0C00
0C00
0C00
0C00
ENDCHAR
STARTCHAR 2356
ENCODING 9046
SWIDTH 600 0
DWIDTH 10 0
BBX 10 12 0 0
BITMAP
0C00
0C00
0C00
0C00
0C00
0C00
FFC0
0C00
0C00
0C00
1E00
0C00
ENDCHAR
STARTCHAR 2357
ENCODING 9047
SWIDTH 600 0
DWIDTH 10 0
BBX 10 15 0 -1
BITMAP
FFC0
8C40
8C40
8C40
8C40
8C40
8C40
8C40
8C40
8C40
8C40
9E40
8C40
8440
FFC0
ENDCHAR
STARTCHAR 2358
ENCODING 9048
SWIDTH 600 0
DWIDTH 10 0
BBX 4 14 3 -2
BITMAP
60
60
60
60
00
00
00
00
00
00
00
00
00
F0
ENDCHAR
STARTCHAR 2359
ENCODING 9049
SWIDTH 600 0
DWIDTH 10 0
BBX 10 14 0 -2
BITMAP
0C00
0C00
1E00
1200
1200
3300
2100
2180
6180
4080
7FC0
0000
0000
FFC0
ENDCHAR
STARTCHAR 235A
ENCODING 9050
SWIDTH 1200 0
DWIDTH 20 0
BBX 12 15 4 -2
BITMAP
0400
0600
0900
1080
2040
4020
8010
4020
2040
1080
0900
0600
0400
0000
FFF0
ENDCHAR
STARTCHAR 235B
ENCODING 9051
SWIDTH 600 0
DWIDTH 10 0
BBX 6 11 2 -2
BITMAP
78
CC
84
CC
78
00
00
00
00
00
FC
ENDCHAR
STARTCHAR 235C
ENCODING 9052
SWIDTH 1200 0
DWIDTH 20 0
BBX 12 14 4 -2
BITMAP
0F00
30C0
6060
4020
4020
C030
C030
4020
6060
30C0
1F80
0000
0000
FFF0
ENDCHAR
STARTCHAR 235D
ENCODING 9053
SWIDTH 1200 0
DWIDTH 20 0
BBX 10 13 5 0
BITMAP
3F00
6180
4080
8C40
9240
A140
B340
9E40
8040
8040
8040
8040
8040
ENDCHAR
STARTCHAR 235E
ENCODING 9054
SWIDTH 600 0
DWIDTH 10 0
BBX 10 15 0 -1
BITMAP
FFC0
8040
8C40
8C40
8C40
8C40
8040
8040
8040
8040
8040
8040
8040
8040
FFC0
ENDCHAR
STARTCHAR 235F
ENCODING 9055
SWIDTH 1200 0
DWIDTH 20 0
BBX 12 11 4 0
BITMAP
0F00
30C0
6460
4620
7FE0
CF30
C630
4920
6960
30C0
1F80
ENDCHAR
STARTCHAR 2360
ENCODING 9056
SWIDTH 600 0
DWIDTH 10 0
BBX 10 15 0 -1
BITMAP
FFC0
8040
8040
8040
8C40
8C40
8040
8040
8040
8C40
8C40
8040
8040
8040
FFC0
ENDCHAR
STARTCHAR 2361
ENCODING 9057
SWIDTH 600 0
DWIDTH 10 0
BBX 10 15 0 0
BITMAP
1200
3300
0000
FFC0
0C00
0C00
0C00
0C00
0C00
0C00
0C00
0C00
0C00
0C00
0C00
ENDCHAR
STARTCHAR 2362
ENCODING 9058
SWIDTH 600 0
DWIDTH 10 0
BBX 10 15 0 0
BITMAP
1200
3300
0000
FFC0
4080
6180
6180
2100
3300
3300
1200
1E00
1E00
0C00
0C00
ENDCHAR
STARTCHAR 2363
ENCODING 9059
SWIDTH 600 0
DWIDTH 10 0
BBX 8 9 1 3
BITMAP
24
66
10
18
18
FF
18
3C
24
ENDCHAR
STARTCHAR 2364
ENCODING 9060
SWIDTH 600 0
DWIDTH 10 0
BBX 6 8 2 3
BITMAP
CC
48
30
48
84
84
48
78
ENDCHAR
STARTCHAR 2365
ENCODING 9061
SWIDTH 1200 0
DWIDTH 20 0
BBX 12 14 4 0
BITMAP
0900
1980
0000
0F00
30C0
6060
4020
4020
C030
C030
4020
6060
30C0
1F80
ENDCHAR
STARTCHAR 2366
ENCODING 9062
SWIDTH 1200 0
DWIDTH 20 0
BBX 10 15 5 -3
BITMAP
8C40
8C40
8C40
8C40
8C40
8C40
8C40
8C40
8C40
4C80
6D80
3F00
0C00
0C00
0C00
ENDCHAR
STARTCHAR 2367
ENCODING 9063
SWIDTH 1200 0
DWIDTH 20 0
BBX 12 14 4 -2
BITMAP
0200
0200
1FF0
6200
C200
8200
8200
8200
8200
C200
6200
3FF0
0200
0200
ENDCHAR
STARTCHAR 2368
ENCODING 9064
SWIDTH 600 0
DWIDTH 10 0
BBX 8 6 1 5
BITMAP
66
24
00
00
71
9F
ENDCHAR
STARTCHAR 2369
ENCODING 9065
SWIDTH 600 0
DWIDTH 10 0
BBX 8 11 1 1
BITMAP
24
66
80
C0
30
0E
03
0E
38
E0
80
ENDCHAR
STARTCHAR 236A
ENCODING 9066
SWIDTH 600 0
DWIDTH 10 0
BBX 4 7 3 1
BITMAP
F0
00
00
60
60
40
C0
ENDCHAR
STARTCHAR 236B
ENCODING 9067
SWIDTH 1200 0
DWIDTH 20 0
BBX 12 12 4 0
BITMAP
7FE0
2040
30C0
30C0
7C90
9FE0
1980
0900
0F00
0600
0600
0600
ENDCHAR
STARTCHAR 236C
ENCODING 9068
SWIDTH 1200 0
DWIDTH 20 0
BBX 12 12 4 0
BITMAP
0F00
1980
1080
30C0
30C0
7EF0
B3E0
30C0
30C0
10C0
1980
0F00
ENDCHAR
STARTCHAR 236D
ENCODING 9069
SWIDTH 1200 0
DWIDTH 20 0
BBX 12 17 4 -3
BITMAP
0600
0600
0600
0600
0600
0600
0600
7E10
C7E0
0600
0600
0600
0600
0600
0600
0600
0600
ENDCHAR
STARTCHAR 236E
ENCODING 9070
SWIDTH 600 0
DWIDTH 10 0
BBX 6 10 2 -1
BITMAP
30
30
00
00
00
30
30
20
20
FC
ENDCHAR
STARTCHAR 236F
ENCODING 9071
SWIDTH 600 0
DWIDTH 10 0
BBX 10 15 0 -1
BITMAP
FFC0
8040
8040
8240
8640
BF40
8440
8C40
8840
BF40
9040
9040
8040
8040
FFC0
ENDCHAR
STARTCHAR 2370
ENCODING 9072
SWIDTH 600 0
DWIDTH 10 0
BBX 10 15 0 -1
BITMAP
FFC0
8040
8040
9E40
A240
8240
8240
8440
8840
8040
8840
8840
8040
8040
FFC0
ENDCHAR
STARTCHAR 2371
ENCODING 9073
SWIDTH 1200 0
DWIDTH 20 0
BBX 12 9 4 0
BITMAP
6060
2040
7C90
93E0
0900
0900
0600
0600
0200
ENDCHAR
STARTCHAR 2372
ENCODING 9074
SWIDTH 1200 0
DWIDTH 20 0
BBX 12 9 4 0
BITMAP
0600
0600
0F00
0900
7D90
D7E0
30C0
2040
6060
ENDCHAR
STARTCHAR 2373
ENCODING 9075
SWIDTH 600 0
DWIDTH 10 0
BBX 4 9 3 0
BITMAP
80
80
80
80
80
80
80
C0
70
ENDCHAR
STARTCHAR 2374
ENCODING 9076
SWIDTH 600 0
DWIDTH 10 0
BBX 8 13 1 -4
BITMAP
3C
66
C3
C3
C3
C3
C3
C2
BC
C0
C0
C0
C0
ENDCHAR
STARTCHAR 2375
ENCODING 9077
SWIDTH 600 0
DWIDTH 10 0
BBX 8 9 1 0
BITMAP
42
C3
81
99
99
99
99
DB
66
ENDCHAR
STARTCHAR 2376
ENCODING 9078
SWIDTH 600 0
DWIDTH 10 0
BBX 10 11 0 -2
BITMAP
3D80
6380
4100
4100
C100
4100
4100
6300
3DC0
0000
FFC0
ENDCHAR
STARTCHAR 2377
ENCODING 9079
SWIDTH 600 0
DWIDTH 10 0
BBX 8 11 1 -2
BITMAP
1E
62
40
40
7C
40
40
60
3E
00
FF
ENDCHAR
STARTCHAR 2378
ENCODING 9080
SWIDTH 600 0
DWIDTH 10 0
BBX 4 11 3 -2
BITMAP
C0
C0
C0
C0
C0
C0
C0
C0
70
00
F0
ENDCHAR
STARTCHAR 2379
ENCODING 9081
SWIDTH 600 0
DWIDTH 10 0
BBX 8 11 1 -2
BITMAP
C3
C3
81
99
99
99
99
DB
7E
00
FF
ENDCHAR
STARTCHAR 237A
ENCODING 9082
SWIDTH 600 0
DWIDTH 10 0
BBX 10 9 0 0
BITMAP
3D80
6380
4100
4100
C100
4100
4100
6300
3DC0
ENDCHAR
STARTCHAR 2395
ENCODING 9109
SWIDTH 600 0
DWIDTH 10 0
BBX 10 15 0 -1
BITMAP
FFC0
8040
8040
8040
8040
8040
8040
8040
8040
8040
8040
8040
8040
8040
FFC0
ENDCHAR
STARTCHAR 239B
ENCODING 9115
SWIDTH 600 0
DWIDTH 10 0
BBX 4 16 4 -4
BITMAP
30
20
40
40
40
C0
C0
C0
C0
C0
C0
C0
C0
C0
C0
C0
ENDCHAR
STARTCHAR 239C
ENCODING 9116
SWIDTH 600 0
DWIDTH 10 0
BBX 2 18 4 -4
BITMAP
C0
C0
C0
C0
C0
C0
C0
C0
C0
C0
C0
C0
C0
C0
C0
C0
C0
C0
ENDCHAR
STARTCHAR 239D
ENCODING 9117
SWIDTH 600 0
DWIDTH 10 0
BBX 4 16 4 -2
BITMAP
C0
C0
C0
C0
C0
C0
C0
C0
C0
C0
C0
40
40
40
20
30
ENDCHAR
STARTCHAR 239E
ENCODING 9118
SWIDTH 600 0
DWIDTH 10 0
BBX 4 16 2 -4
BITMAP
C0
40
20
20
20
30
30
30
30
30
30
30
30
30
30
30
ENDCHAR
STARTCHAR 239F
ENCODING 9119
SWIDTH 600 0
DWIDTH 10 0
BBX 2 18 4 -4
BITMAP
C0
C0
C0
C0
C0
C0
C0
C0
C0
C0
C0
C0
C0
C0
C0
C0
C0
C0
ENDCHAR
STARTCHAR 23A0
ENCODING 9120
SWIDTH 600 0
DWIDTH 10 0
BBX 4 16 2 -2
BITMAP
30
30
30
30
30
30
30
30
30
30
30
20
20
20
40
C0
ENDCHAR
STARTCHAR 23A1
ENCODING 9121
SWIDTH 600 0
DWIDTH 10 0
BBX 4 16 4 -4
BITMAP
F0
C0
C0
C0
C0
C0
C0
C0
C0
C0
C0
C0
C0
C0
C0
C0
ENDCHAR
STARTCHAR 23A2
ENCODING 9122
SWIDTH 600 0
DWIDTH 10 0
BBX 2 18 4 -4
BITMAP
C0
C0
C0
C0
C0
C0
C0
C0
C0
C0
C0
C0
C0
C0
C0
C0
C0
C0
ENDCHAR
STARTCHAR 23A3
ENCODING 9123
SWIDTH 600 0
DWIDTH 10 0
BBX 4 16 4 -2
BITMAP
C0
C0
C0
C0
C0
C0
C0
C0
C0
C0
C0
C0
C0
C0
C0
F0
ENDCHAR
STARTCHAR 23A4
ENCODING 9124
SWIDTH 600 0
DWIDTH 10 0
BBX 4 16 2 -4
BITMAP
F0
30
30
30
30
30
30
30
30
30
30
30
30
30
30
30
ENDCHAR
STARTCHAR 23A5
ENCODING 9125
SWIDTH 600 0
DWIDTH 10 0
BBX 2 18 4 -4
BITMAP
C0
C0
C0
C0
C0
C0
C0
C0
C0
C0
C0
C0
C0
C0
C0
C0
C0
C0
ENDCHAR
STARTCHAR 23A6
ENCODING 9126
SWIDTH 600 0
DWIDTH 10 0
BBX 4 16 2 -2
BITMAP
30
30
30
30
30
30
30
30
30
30
30
30
30
30
30
F0
ENDCHAR
STARTCHAR 23A7
ENCODING 9127
SWIDTH 600 0
DWIDTH 10 0
BBX 3 16 4 -4
BITMAP
60
C0
C0
C0
C0
C0
C0
C0
C0
C0
C0
C0
C0
C0
C0
C0
ENDCHAR
STARTCHAR 23A8
ENCODING 9128
SWIDTH 600 0
DWIDTH 10 0
BBX 3 18 3 -4
BITMAP
60
60
60
60
60
60
60
60
C0
40
60
60
60
60
60
60
60
60
ENDCHAR
STARTCHAR 23A9
ENCODING 9129
SWIDTH 600 0
DWIDTH 10 0
BBX 3 16 4 -2
BITMAP
C0
C0
C0
C0
C0
C0
C0
C0
C0
C0
C0
C0
C0
C0
C0
60
ENDCHAR
STARTCHAR 23AA
ENCODING 9130
SWIDTH 600 0
DWIDTH 10 0
BBX 2 18 4 -4
BITMAP
C0
C0
C0
C0
C0
C0
C0
C0
C0
C0
C0
C0
C0
C0
C0
C0
C0
C0
ENDCHAR
STARTCHAR 23AB
ENCODING 9131
SWIDTH 600 0
DWIDTH 10 0
BBX 3 16 3 -4
BITMAP
C0
40
60
60
60
60
60
60
60
60
60
60
60
60
60
60
ENDCHAR
STARTCHAR 23AC
ENCODING 9132
SWIDTH 600 0
DWIDTH 10 0
BBX 3 18 4 -4
BITMAP
C0
C0
C0
C0
C0
C0
C0
C0
60
40
C0
C0
C0
C0
C0
C0
C0
C0
ENDCHAR
STARTCHAR 23AD
ENCODING 9133
SWIDTH 600 0
DWIDTH 10 0
BBX 3 16 3 -2
BITMAP
60
60
60
60
60
60
60
60
60
60
60
60
60
60
60
C0
ENDCHAR
STARTCHAR 23AE
ENCODING 9134
SWIDTH 600 0
DWIDTH 10 0
BBX 2 18 4 -4
BITMAP
C0
C0
C0
C0
C0
C0
C0
C0
C0
C0
C0
C0
C0
C0
C0
C0
C0
C0
ENDCHAR
STARTCHAR 23B0
ENCODING 9136
SWIDTH 600 0
DWIDTH 10 0
BBX 4 15 3 -3
BITMAP
10
30
20
20
60
60
60
60
60
60
60
60
40
40
80
ENDCHAR
STARTCHAR 23B1
ENCODING 9137
SWIDTH 600 0
DWIDTH 10 0
BBX 4 15 3 -3
BITMAP
80
C0
40
40
60
60
60
60
60
60
60
60
20
20
10
ENDCHAR
STARTCHAR 23B2
ENCODING 9138
SWIDTH 600 0
DWIDTH 10 0
BBX 8 16 1 -4
BITMAP
FF
80
C0
40
60
60
20
30
30
10
18
08
0C
0C
04
06
ENDCHAR
STARTCHAR 23B3
ENCODING 9139
SWIDTH 600 0
DWIDTH 10 0
BBX 8 17 1 -4
BITMAP
06
06
04
0C
08
08
18
10
30
30
20
60
60
40
C0
80
FF
ENDCHAR
STARTCHAR 23B4
ENCODING 9140
SWIDTH 600 0
DWIDTH 10 0
BBX 8 3 1 11
BITMAP
FF
81
81
ENDCHAR
STARTCHAR 23B5
ENCODING 9141
SWIDTH 600 0
DWIDTH 10 0
BBX 8 3 1 -2
BITMAP
81
81
FF
ENDCHAR
STARTCHAR 23B6
ENCODING 9142
SWIDTH 600 0
DWIDTH 10 0
BBX 8 7 1 2
BITMAP
81
81
FF
00
FF
81
81
ENDCHAR
STARTCHAR 23B7
ENCODING 9143
SWIDTH 600 0
DWIDTH 10 0
BBX 10 14 0 -1
BITMAP
00C0
0080
0080
0100
0100
0100
E200
2200
2200
3400
1400
1400
0800
0800
ENDCHAR
STARTCHAR 23B8
ENCODING 9144
SWIDTH 600 0
DWIDTH 10 0
BBX 1 17 2 -3
BITMAP
80
80
80
80
80
80
80
80
80
80
80
80
80
80
80
80
80
ENDCHAR
STARTCHAR 23B9
ENCODING 9145
SWIDTH 600 0
DWIDTH 10 0
BBX 1 17 7 -3
BITMAP
80
80
80
80
80
80
80
80
80
80
80
80
80
80
80
80
80
ENDCHAR
STARTCHAR 23BA
ENCODING 9146
SWIDTH 600 0
DWIDTH 10 0
BBX 10 1 0 11
BITMAP
FFC0
ENDCHAR
STARTCHAR 23BB
ENCODING 9147
SWIDTH 600 0
DWIDTH 10 0
BBX 10 1 0 7
BITMAP
FFC0
ENDCHAR
STARTCHAR 23BC
ENCODING 9148
SWIDTH 600 0
DWIDTH 10 0
BBX 10 1 0 4
BITMAP
FFC0
ENDCHAR
STARTCHAR 23BD
ENCODING 9149
SWIDTH 600 0
DWIDTH 10 0
BBX 10 1 0 0
BITMAP
FFC0
ENDCHAR
STARTCHAR 23DC
ENCODING 9180
SWIDTH 1800 0
DWIDTH 30 0
BBX 28 6 1 0
BITMAP
007FE000
03E07C00
0E000700
180001C0
60000060
C0000030
ENDCHAR
STARTCHAR 23DD
ENCODING 9181
SWIDTH 1800 0
DWIDTH 30 0
BBX 28 6 1 7
BITMAP
C0000030
60000060
300000C0
0C000300
03C03C00
00FFF000
ENDCHAR
STARTCHAR 23DE
ENCODING 9182
SWIDTH 1800 0
DWIDTH 30 0
BBX 28 4 1 0
BITMAP
00060000
7FFFFFE0
C0000030
80000010
ENDCHAR
STARTCHAR 23DF
ENCODING 9183
SWIDTH 1800 0
DWIDTH 30 0
BBX 28 5 1 8
BITMAP
80000010
C0000030
7FFFFFE0
00060000
00060000
ENDCHAR
STARTCHAR 23E0
ENCODING 9184
SWIDTH 1800 0
DWIDTH 30 0
BBX 28 6 1 0
BITMAP
07FFFE00
0C000300
18000180
300000C0
60000060
C0000030
ENDCHAR
STARTCHAR 23E1
ENCODING 9185
SWIDTH 1800 0
DWIDTH 30 0
BBX 28 6 1 7
BITMAP
C0000030
60000060
300000C0
18000180
0C000300
07FFFE00
ENDCHAR
STARTCHAR 2474
ENCODING 9332
SWIDTH 1200 0
DWIDTH 20 0
BBX 16 15 2 -3
BITMAP
3004
6006
4002
C003
C183
8681
8081
8081
8081
8081
83C1
C003
4002
6006
200C
ENDCHAR
STARTCHAR 2475
ENCODING 9333
SWIDTH 1200 0
DWIDTH 20 0
BBX 16 14 2 -2
BITMAP
7006
4002
C003
C3C3
8241
8041
80C1
8181
8301
87C1
C003
4002
4002
200C
ENDCHAR
STARTCHAR 2500
ENCODING 9472
SWIDTH 600 0
DWIDTH 10 0
BBX 10 1 0 6
BITMAP
FFC0
ENDCHAR
STARTCHAR 2501
ENCODING 9473
SWIDTH 600 0
DWIDTH 10 0
BBX 10 2 0 5
BITMAP
FFC0
FFC0
ENDCHAR
STARTCHAR 2502
ENCODING 9474
SWIDTH 600 0
DWIDTH 10 0
BBX 2 21 4 -4
BITMAP
C0
C0
C0
C0
C0
C0
C0
C0
C0
C0
C0
C0
C0
C0
C0
C0
C0
C0
C0
C0
C0
ENDCHAR
STARTCHAR 2503
ENCODING 9475
SWIDTH 600 0
DWIDTH 10 0
BBX 2 21 4 -4
BITMAP
C0
C0
C0
C0
C0
C0
C0
C0
C0
C0
C0
C0
C0
C0
C0
C0
C0
C0
C0
C0
C0
ENDCHAR
STARTCHAR 2504
ENCODING 9476
SWIDTH 600 0
DWIDTH 10 0
BBX 10 1 0 6
BITMAP
EDC0
ENDCHAR
STARTCHAR 2505
ENCODING 9477
SWIDTH 600 0
DWIDTH 10 0
BBX 10 2 0 5
BITMAP
EDC0
EDC0
ENDCHAR
STARTCHAR 2506
ENCODING 9478
SWIDTH 600 0
DWIDTH 10 0
BBX 2 19 4 -3
BITMAP
C0
C0
C0
C0
C0
C0
00
C0
C0
C0
C0
C0
C0
C0
C0
C0
C0
C0
C0
ENDCHAR
STARTCHAR 2507
ENCODING 9479
SWIDTH 600 0
DWIDTH 10 0
BBX 2 19 4 -3
BITMAP
C0
C0
C0
C0
C0
C0
00
C0
C0
C0
C0
C0
C0
C0
C0
C0
C0
C0
C0
ENDCHAR
STARTCHAR 2508
ENCODING 9480
SWIDTH 600 0
DWIDTH 10 0
BBX 10 1 0 6
BITMAP
D2C0
ENDCHAR
STARTCHAR 2509
ENCODING 9481
SWIDTH 600 0
DWIDTH 10 0
BBX 10 2 0 5
BITMAP
D2C0
D2C0
ENDCHAR
STARTCHAR 250A
ENCODING 9482
SWIDTH 600 0
DWIDTH 10 0
BBX 2 19 4 -3
BITMAP
C0
C0
C0
C0
00
C0
C0
C0
C0
00
C0
C0
C0
C0
00
C0
C0
C0
C0
ENDCHAR
STARTCHAR 250B
ENCODING 9483
SWIDTH 600 0
DWIDTH 10 0
BBX 2 19 4 -3
BITMAP
C0
C0
C0
C0
00
C0
C0
C0
C0
00
C0
C0
C0
C0
00
C0
C0
C0
C0
ENDCHAR
STARTCHAR 250C
ENCODING 9484
SWIDTH 600 0
DWIDTH 10 0
BBX 6 11 4 -4
BITMAP
FC
C0
C0
C0
C0
C0
C0
C0
C0
C0
C0
ENDCHAR
STARTCHAR 250D
ENCODING 9485
SWIDTH 600 0
DWIDTH 10 0
BBX 6 11 4 -4
BITMAP
FC
FC
C0
C0
C0
C0
C0
C0
C0
C0
C0
ENDCHAR
STARTCHAR 250E
ENCODING 9486
SWIDTH 600 0
DWIDTH 10 0
BBX 6 11 4 -4
BITMAP
FC
C0
C0
C0
C0
C0
C0
C0
C0
C0
C0
ENDCHAR
STARTCHAR 250F
ENCODING 9487
SWIDTH 600 0
DWIDTH 10 0
BBX 6 11 4 -4
BITMAP
FC
FC
C0
C0
C0
C0
C0
C0
C0
C0
C0
ENDCHAR
STARTCHAR 2510
ENCODING 9488
SWIDTH 600 0
DWIDTH 10 0
BBX 6 11 0 -4
BITMAP
FC
0C
0C
0C
0C
0C
0C
0C
0C
0C
0C
ENDCHAR
STARTCHAR 2511
ENCODING 9489
SWIDTH 600 0
DWIDTH 10 0
BBX 6 11 0 -4
BITMAP
FC
FC
0C
0C
0C
0C
0C
0C
0C
0C
0C
ENDCHAR
STARTCHAR 2512
ENCODING 9490
SWIDTH 600 0
DWIDTH 10 0
BBX 6 11 0 -4
BITMAP
FC
0C
0C
0C
0C
0C
0C
0C
0C
0C
0C
ENDCHAR
STARTCHAR 2513
ENCODING 9491
SWIDTH 600 0
DWIDTH 10 0
BBX 6 11 0 -4
BITMAP
FC
FC
0C
0C
0C
0C
0C
0C
0C
0C
0C
ENDCHAR
STARTCHAR 2514
ENCODING 9492
SWIDTH 600 0
DWIDTH 10 0
BBX 6 11 4 6
BITMAP
C0
C0
C0
C0
C0
C0
C0
C0
C0
C0
FC
ENDCHAR
STARTCHAR 2515
ENCODING 9493
SWIDTH 600 0
DWIDTH 10 0
BBX 6 12 4 5
BITMAP
C0
C0
C0
C0
C0
C0
C0
C0
C0
C0
FC
FC
ENDCHAR
STARTCHAR 2516
ENCODING 9494
SWIDTH 600 0
DWIDTH 10 0
BBX 6 11 4 6
BITMAP
C0
C0
C0
C0
C0
C0
C0
C0
C0
C0
FC
ENDCHAR
STARTCHAR 2517
ENCODING 9495
SWIDTH 600 0
DWIDTH 10 0
BBX 6 12 4 5
BITMAP
C0
C0
C0
C0
C0
C0
C0
C0
C0
C0
FC
FC
ENDCHAR
STARTCHAR 2518
ENCODING 9496
SWIDTH 600 0
DWIDTH 10 0
BBX 6 11 0 6
BITMAP
0C
0C
0C
0C
0C
0C
0C
0C
0C
0C
FC
ENDCHAR
STARTCHAR 2519
ENCODING 9497
SWIDTH 600 0
DWIDTH 10 0
BBX 6 12 0 5
BITMAP
0C
0C
0C
0C
0C
0C
0C
0C
0C
0C
FC
FC
ENDCHAR
STARTCHAR 251A
ENCODING 9498
SWIDTH 600 0
DWIDTH 10 0
BBX 6 11 0 6
BITMAP
0C
0C
0C
0C
0C
0C
0C
0C
0C
0C
FC
ENDCHAR
STARTCHAR 251B
ENCODING 9499
SWIDTH 600 0
DWIDTH 10 0
BBX 6 12 0 5
BITMAP
0C
0C
0C
0C
0C
0C
0C
0C
0C
0C
FC
FC
ENDCHAR
STARTCHAR 251C
ENCODING 9500
SWIDTH 600 0
DWIDTH 10 0
BBX 6 21 4 -4
BITMAP
C0
C0
C0
C0
C0
C0
C0
C0
C0
C0
FC
C0
C0
C0
C0
C0
C0
C0
C0
C0
C0
ENDCHAR
STARTCHAR 251D
ENCODING 9501
SWIDTH 600 0
DWIDTH 10 0
BBX 6 21 4 -4
BITMAP
C0
C0
C0
C0
C0
C0
C0
C0
C0
C0
FC
FC
C0
C0
C0
C0
C0
C0
C0
C0
C0
ENDCHAR
STARTCHAR 251E
ENCODING 9502
SWIDTH 600 0
DWIDTH 10 0
BBX 6 21 4 -4
BITMAP
C0
C0
C0
C0
C0
C0
C0
C0
C0
C0
FC
C0
C0
C0
C0
C0
C0
C0
C0
C0
C0
ENDCHAR
STARTCHAR 251F
ENCODING 9503
SWIDTH 600 0
DWIDTH 10 0
BBX 6 21 4 -4
BITMAP
C0
C0
C0
C0
C0
C0
C0
C0
C0
C0
FC
C0
C0
C0
C0
C0
C0
C0
C0
C0
C0
ENDCHAR
STARTCHAR 2520
ENCODING 9504
SWIDTH 600 0
DWIDTH 10 0
BBX 6 21 4 -4
BITMAP
C0
C0
C0
C0
C0
C0
C0
C0
C0
C0
FC
C0
C0
C0
C0
C0
C0
C0
C0
C0
C0
ENDCHAR
STARTCHAR 2521
ENCODING 9505
SWIDTH 600 0
DWIDTH 10 0
BBX 6 21 4 -4
BITMAP
C0
C0
C0
C0
C0
C0
C0
C0
C0
C0
FC
FC
C0
C0
C0
C0
C0
C0
C0
C0
C0
ENDCHAR
STARTCHAR 2522
ENCODING 9506
SWIDTH 600 0
DWIDTH 10 0
BBX 6 21 4 -4
BITMAP
C0
C0
C0
C0
C0
C0
C0
C0
C0
C0
FC
FC
C0
C0
C0
C0
C0
C0
C0
C0
C0
ENDCHAR
STARTCHAR 2523
ENCODING 9507
SWIDTH 600 0
DWIDTH 10 0
BBX 6 21 4 -4
BITMAP
C0
C0
C0
C0
C0
C0
C0
C0
C0
C0
FC
FC
C0
C0
C0
C0
C0
C0
C0
C0
C0
ENDCHAR
STARTCHAR 2524
ENCODING 9508
SWIDTH 600 0
DWIDTH 10 0
BBX 6 21 0 -4
BITMAP
0C
0C
0C
0C
0C
0C
0C
0C
0C
0C
FC
0C
0C
0C
0C
0C
0C
0C
0C
0C
0C
ENDCHAR
STARTCHAR 2525
ENCODING 9509
SWIDTH 600 0
DWIDTH 10 0
BBX 6 21 0 -4
BITMAP
0C
0C
0C
0C
0C
0C
0C
0C
0C
0C
FC
FC
0C
0C
0C
0C
0C
0C
0C
0C
0C
ENDCHAR
STARTCHAR 2526
ENCODING 9510
SWIDTH 600 0
DWIDTH 10 0
BBX 6 21 0 -4
BITMAP
0C
0C
0C
0C
0C
0C
0C
0C
0C
0C
FC
0C
0C
0C
0C
0C
0C
0C
0C
0C
0C
ENDCHAR
STARTCHAR 2527
ENCODING 9511
SWIDTH 600 0
DWIDTH 10 0
BBX 6 21 0 -4
BITMAP
0C
0C
0C
0C
0C
0C
0C
0C
0C
0C
FC
0C
0C
0C
0C
0C
0C
0C
0C
0C
0C
ENDCHAR
STARTCHAR 2528
ENCODING 9512
SWIDTH 600 0
DWIDTH 10 0
BBX 6 21 0 -4
BITMAP
0C
0C
0C
0C
0C
0C
0C
0C
0C
0C
FC
0C
0C
0C
0C
0C
0C
0C
0C
0C
0C
ENDCHAR
STARTCHAR 2529
ENCODING 9513
SWIDTH 600 0
DWIDTH 10 0
BBX 6 21 0 -4
BITMAP
0C
0C
0C
0C
0C
0C
0C
0C
0C
0C
FC
FC
0C
0C
0C
0C
0C
0C
0C
0C
0C
ENDCHAR
STARTCHAR 252A
ENCODING 9514
SWIDTH 600 0
DWIDTH 10 0
BBX 6 21 0 -4
BITMAP
0C
0C
0C
0C
0C
0C
0C
0C
0C
0C
FC
FC
0C
0C
0C
0C
0C
0C
0C
0C
0C
ENDCHAR
STARTCHAR 252B
ENCODING 9515
SWIDTH 600 0
DWIDTH 10 0
BBX 6 21 0 -4
BITMAP
0C
0C
0C
0C
0C
0C
0C
0C
0C
0C
FC
FC
0C
0C
0C
0C
0C
0C
0C
0C
0C
ENDCHAR
STARTCHAR 252C
ENCODING 9516
SWIDTH 600 0
DWIDTH 10 0
BBX 10 11 0 -4
BITMAP
FFC0
0C00
0C00
0C00
0C00
0C00
0C00
0C00
0C00
0C00
0C00
ENDCHAR
STARTCHAR 252D
ENCODING 9517
SWIDTH 600 0
DWIDTH 10 0
BBX 10 11 0 -4
BITMAP
FFC0
FC00
0C00
0C00
0C00
0C00
0C00
0C00
0C00
0C00
0C00
ENDCHAR
STARTCHAR 252E
ENCODING 9518
SWIDTH 600 0
DWIDTH 10 0
BBX 10 11 0 -4
BITMAP
FFC0
0FC0
0C00
0C00
0C00
0C00
0C00
0C00
0C00
0C00
0C00
ENDCHAR
STARTCHAR 252F
ENCODING 9519
SWIDTH 600 0
DWIDTH 10 0
BBX 10 11 0 -4
BITMAP
FFC0
FFC0
0C00
0C00
0C00
0C00
0C00
0C00
0C00
0C00
0C00
ENDCHAR
STARTCHAR 2530
ENCODING 9520
SWIDTH 600 0
DWIDTH 10 0
BBX 10 11 0 -4
BITMAP
FFC0
0C00
0C00
0C00
0C00
0C00
0C00
0C00
0C00
0C00
0C00
ENDCHAR
STARTCHAR 2531
ENCODING 9521
SWIDTH 600 0
DWIDTH 10 0
BBX 10 11 0 -4
BITMAP
FFC0
FC00
0C00
0C00
0C00
0C00
0C00
0C00
0C00
0C00
0C00
ENDCHAR
STARTCHAR 2532
ENCODING 9522
SWIDTH 600 0
DWIDTH 10 0
BBX 10 11 0 -4
BITMAP
FFC0
0FC0
0C00
0C00
0C00
0C00
0C00
0C00
0C00
0C00
0C00
ENDCHAR
STARTCHAR 2533
ENCODING 9523
SWIDTH 600 0
DWIDTH 10 0
BBX 10 11 0 -4
BITMAP
FFC0
FFC0
0C00
0C00
0C00
0C00
0C00
0C00
0C00
0C00
0C00
ENDCHAR
STARTCHAR 2534
ENCODING 9524
SWIDTH 600 0
DWIDTH 10 0
BBX 10 11 0 6
BITMAP
0C00
0C00
0C00
0C00
0C00
0C00
0C00
0C00
0C00
0C00
FFC0
ENDCHAR
STARTCHAR 2535
ENCODING 9525
SWIDTH 600 0
DWIDTH 10 0
BBX 10 12 0 5
BITMAP
0C00
0C00
0C00
0C00
0C00
0C00
0C00
0C00
0C00
0C00
FFC0
FC00
ENDCHAR
STARTCHAR 2536
ENCODING 9526
SWIDTH 600 0
DWIDTH 10 0
BBX 10 12 0 5
BITMAP
0C00
0C00
0C00
0C00
0C00
0C00
0C00
0C00
0C00
0C00
FFC0
0FC0
ENDCHAR
STARTCHAR 2537
ENCODING 9527
SWIDTH 600 0
DWIDTH 10 0
BBX 10 12 0 5
BITMAP
0C00
0C00
0C00
0C00
0C00
0C00
0C00
0C00
0C00
0C00
FFC0
FFC0
ENDCHAR
STARTCHAR 2538
ENCODING 9528
SWIDTH 600 0
DWIDTH 10 0
BBX 10 11 0 6
BITMAP
0C00
0C00
0C00
0C00
0C00
0C00
0C00
0C00
0C00
0C00
FFC0
ENDCHAR
STARTCHAR 2539
ENCODING 9529
SWIDTH 600 0
DWIDTH 10 0
BBX 10 12 0 5
BITMAP
0C00
0C00
0C00
0C00
0C00
0C00
0C00
0C00
0C00
0C00
FFC0
FC00
ENDCHAR
STARTCHAR 253A
ENCODING 9530
SWIDTH 600 0
DWIDTH 10 0
BBX 10 12 0 5
BITMAP
0C00
0C00
0C00
0C00
0C00
0C00
0C00
0C00
0C00
0C00
FFC0
0FC0
ENDCHAR
STARTCHAR 253B
ENCODING 9531
SWIDTH 600 0
DWIDTH 10 0
BBX 10 12 0 5
BITMAP
0C00
0C00
0C00
0C00
0C00
0C00
0C00
0C00
0C00
0C00
FFC0
FFC0
ENDCHAR
STARTCHAR 253C
ENCODING 9532
SWIDTH 600 0
DWIDTH 10 0
BBX 10 21 0 -4
BITMAP
0C00
0C00
0C00
0C00
0C00
0C00
0C00
0C00
0C00
0C00
FFC0
0C00
0C00
0C00
0C00
0C00
0C00
0C00
0C00
0C00
0C00
ENDCHAR
STARTCHAR 253D
ENCODING 9533
SWIDTH 600 0
DWIDTH 10 0
BBX 10 21 0 -4
BITMAP
0C00
0C00
0C00
0C00
0C00
0C00
0C00
0C00
0C00
0C00
FFC0
FC00
0C00
0C00
0C00
0C00
0C00
0C00
0C00
0C00
0C00
ENDCHAR
STARTCHAR 253E
ENCODING 9534
SWIDTH 600 0
DWIDTH 10 0
BBX 10 21 0 -4
BITMAP
0C00
0C00
0C00
0C00
0C00
0C00
0C00
0C00
0C00
0C00
FFC0
0FC0
0C00
0C00
0C00
0C00
0C00
0C00
0C00
0C00
0C00
ENDCHAR
STARTCHAR 253F
ENCODING 9535
SWIDTH 600 0
DWIDTH 10 0
BBX 10 21 0 -4
BITMAP
0C00
0C00
0C00
0C00
0C00
0C00
0C00
0C00
0C00
0C00
FFC0
FFC0
0C00
0C00
0C00
0C00
0C00
0C00
0C00
0C00
0C00
ENDCHAR
STARTCHAR 2540
ENCODING 9536
SWIDTH 600 0
DWIDTH 10 0
BBX 10 21 0 -4
BITMAP
0C00
0C00
0C00
0C00
0C00
0C00
0C00
0C00
0C00
0C00
FFC0
0C00
0C00
0C00
0C00
0C00
0C00
0C00
0C00
0C00
0C00
ENDCHAR
STARTCHAR 2541
ENCODING 9537
SWIDTH 600 0
DWIDTH 10 0
BBX 10 21 0 -4
BITMAP
0C00
0C00
0C00
0C00
0C00
0C00
0C00
0C00
0C00
0C00
FFC0
0C00
0C00
0C00
0C00
0C00
0C00
0C00
0C00
0C00
0C00
ENDCHAR
STARTCHAR 2542
ENCODING 9538
SWIDTH 600 0
DWIDTH 10 0
BBX 10 21 0 -4
BITMAP
0C00
0C00
0C00
0C00
0C00
0C00
0C00
0C00
0C00
0C00
FFC0
0C00
0C00
0C00
0C00
0C00
0C00
0C00
0C00
0C00
0C00
ENDCHAR
STARTCHAR 2543
ENCODING 9539
SWIDTH 600 0
DWIDTH 10 0
BBX 10 21 0 -4
BITMAP
0C00
0C00
0C00
0C00
0C00
0C00
0C00
0C00
0C00
0C00
FFC0
FC00
0C00
0C00
0C00
0C00
0C00
0C00
0C00
0C00
0C00
ENDCHAR
STARTCHAR 2544
ENCODING 9540
SWIDTH 600 0
DWIDTH 10 0
BBX 10 21 0 -4
BITMAP
0C00
0C00
0C00
0C00
0C00
0C00
0C00
0C00
0C00
0C00
FFC0
0FC0
0C00
0C00
0C00
0C00
0C00
0C00
0C00
0C00
0C00
ENDCHAR
STARTCHAR 2545
ENCODING 9541
SWIDTH 600 0
DWIDTH 10 0
BBX 10 21 0 -4
BITMAP
0C00
0C00
0C00
0C00
0C00
0C00
0C00
0C00
0C00
0C00
FFC0
FC00
0C00
0C00
0C00
0C00
0C00
0C00
0C00
0C00
0C00
ENDCHAR
STARTCHAR 2546
ENCODING 9542
SWIDTH 600 0
DWIDTH 10 0
BBX 10 21 0 -4
BITMAP
0C00
0C00
0C00
0C00
0C00
0C00
0C00
0C00
0C00
0C00
FFC0
0FC0
0C00
0C00
0C00
0C00
0C00
0C00
0C00
0C00
0C00
ENDCHAR
STARTCHAR 2547
ENCODING 9543
SWIDTH 600 0
DWIDTH 10 0
BBX 10 21 0 -4
BITMAP
0C00
0C00
0C00
0C00
0C00
0C00
0C00
0C00
0C00
0C00
FFC0
FFC0
0C00
0C00
0C00
0C00
0C00
0C00
0C00
0C00
0C00
ENDCHAR
STARTCHAR 2548
ENCODING 9544
SWIDTH 600 0
DWIDTH 10 0
BBX 10 21 0 -4
BITMAP
0C00
0C00
0C00
0C00
0C00
0C00
0C00
0C00
0C00
0C00
FFC0
FFC0
0C00
0C00
0C00
0C00
0C00
0C00
0C00
0C00
0C00
ENDCHAR
STARTCHAR 2549
ENCODING 9545
SWIDTH 600 0
DWIDTH 10 0
BBX 10 21 0 -4
BITMAP
0C00
0C00
0C00
0C00
0C00
0C00
0C00
0C00
0C00
0C00
FFC0
FC00
0C00
0C00
0C00
0C00
0C00
0C00
0C00
0C00
0C00
ENDCHAR
STARTCHAR 254A
ENCODING 9546
SWIDTH 600 0
DWIDTH 10 0
BBX 10 21 0 -4
BITMAP
0C00
0C00
0C00
0C00
0C00
0C00
0C00
0C00
0C00
0C00
FFC0
0FC0
0C00
0C00
0C00
0C00
0C00
0C00
0C00
0C00
0C00
ENDCHAR
STARTCHAR 254B
ENCODING 9547
SWIDTH 600 0
DWIDTH 10 0
BBX 10 21 0 -4
BITMAP
0C00
0C00
0C00
0C00
0C00
0C00
0C00
0C00
0C00
0C00
FFC0
FFC0
0C00
0C00
0C00
0C00
0C00
0C00
0C00
0C00
0C00
ENDCHAR
STARTCHAR 254C
ENCODING 9548
SWIDTH 600 0
DWIDTH 10 0
BBX 10 1 0 6
BITMAP
F3C0
ENDCHAR
STARTCHAR 254D
ENCODING 9549
SWIDTH 600 0
DWIDTH 10 0
BBX 10 2 0 5
BITMAP
F3C0
F3C0
ENDCHAR
STARTCHAR 254E
ENCODING 9550
SWIDTH 600 0
DWIDTH 10 0
BBX 2 21 4 -4
BITMAP
C0
C0
C0
C0
C0
C0
C0
C0
C0
C0
00
C0
C0
C0
C0
C0
C0
C0
C0
C0
C0
ENDCHAR
STARTCHAR 254F
ENCODING 9551
SWIDTH 600 0
DWIDTH 10 0
BBX 2 21 4 -4
BITMAP
C0
C0
C0
C0
C0
C0
C0
C0
C0
C0
00
C0
C0
C0
C0
C0
C0
C0
C0
C0
C0
ENDCHAR
STARTCHAR 2550
ENCODING 9552
SWIDTH 600 0
DWIDTH 10 0
BBX 10 4 0 4
BITMAP
FFC0
0000
0000
FFC0
ENDCHAR
STARTCHAR 2551
ENCODING 9553
SWIDTH 600 0
DWIDTH 10 0
BBX 4 21 3 -4
BITMAP
90
90
90
90
90
90
90
90
90
90
90
90
90
90
90
90
90
90
90
90
90
ENDCHAR
STARTCHAR 2552
ENCODING 9554
SWIDTH 600 0
DWIDTH 10 0
BBX 6 12 4 -4
BITMAP
FC
C0
C0
FC
C0
C0
C0
C0
C0
C0
C0
C0
ENDCHAR
STARTCHAR 2553
ENCODING 9555
SWIDTH 600 0
DWIDTH 10 0
BBX 7 11 3 -4
BITMAP
FE
90
90
90
90
90
90
90
90
90
90
ENDCHAR
STARTCHAR 2554
ENCODING 9556
SWIDTH 600 0
DWIDTH 10 0
BBX 7 12 3 -4
BITMAP
FE
80
80
9E
90
90
90
90
90
90
90
90
ENDCHAR
STARTCHAR 2555
ENCODING 9557
SWIDTH 600 0
DWIDTH 10 0
BBX 6 12 0 -4
BITMAP
FC
0C
0C
FC
0C
0C
0C
0C
0C
0C
0C
0C
ENDCHAR
STARTCHAR 2556
ENCODING 9558
SWIDTH 600 0
DWIDTH 10 0
BBX 7 11 0 -4
BITMAP
FE
12
12
12
12
12
12
12
12
12
12
ENDCHAR
STARTCHAR 2557
ENCODING 9559
SWIDTH 600 0
DWIDTH 10 0
BBX 7 12 0 -4
BITMAP
FE
02
02
F2
12
12
12
12
12
12
12
12
ENDCHAR
STARTCHAR 2558
ENCODING 9560
SWIDTH 600 0
DWIDTH 10 0
BBX 6 12 4 4
BITMAP
C0
C0
C0
C0
C0
C0
C0
C0
FC
C0
C0
FC
ENDCHAR
STARTCHAR 2559
ENCODING 9561
SWIDTH 600 0
DWIDTH 10 0
BBX 7 11 3 6
BITMAP
90
90
90
90
90
90
90
90
90
90
FE
ENDCHAR
STARTCHAR 255A
ENCODING 9562
SWIDTH 600 0
DWIDTH 10 0
BBX 7 12 3 4
BITMAP
90
90
90
90
90
90
90
90
9E
80
80
FE
ENDCHAR
STARTCHAR 255B
ENCODING 9563
SWIDTH 600 0
DWIDTH 10 0
BBX 6 12 0 4
BITMAP
0C
0C
0C
0C
0C
0C
0C
0C
FC
0C
0C
FC
ENDCHAR
STARTCHAR 255C
ENCODING 9564
SWIDTH 600 0
DWIDTH 10 0
BBX 7 11 0 6
BITMAP
12
12
12
12
12
12
12
12
12
12
FE
ENDCHAR
STARTCHAR 255D
ENCODING 9565
SWIDTH 600 0
DWIDTH 10 0
BBX 7 12 0 4
BITMAP
12
12
12
12
12
12
12
12
F2
02
02
FE
ENDCHAR
STARTCHAR 255E
ENCODING 9566
SWIDTH 600 0
DWIDTH 10 0
BBX 6 20 4 -4
BITMAP
C0
C0
C0
C0
C0
C0
C0
C0
FC
C0
C0
FC
C0
C0
C0
C0
C0
C0
C0
C0
ENDCHAR
STARTCHAR 255F
ENCODING 9567
SWIDTH 600 0
DWIDTH 10 0
BBX 7 21 3 -4
BITMAP
90
90
90
90
90
90
90
90
90
90
9E
90
90
90
90
90
90
90
90
90
90
ENDCHAR
STARTCHAR 2560
ENCODING 9568
SWIDTH 600 0
DWIDTH 10 0
BBX 7 20 3 -4
BITMAP
90
90
90
90
90
90
90
90
9E
80
80
9E
90
90
90
90
90
90
90
90
ENDCHAR
STARTCHAR 2561
ENCODING 9569
SWIDTH 600 0
DWIDTH 10 0
BBX 6 20 0 -4
BITMAP
0C
0C
0C
0C
0C
0C
0C
0C
FC
0C
0C
FC
0C
0C
0C
0C
0C
0C
0C
0C
ENDCHAR
STARTCHAR 2562
ENCODING 9570
SWIDTH 600 0
DWIDTH 10 0
BBX 7 21 0 -4
BITMAP
12
12
12
12
12
12
12
12
12
12
F2
12
12
12
12
12
12
12
12
12
12
ENDCHAR
STARTCHAR 2563
ENCODING 9571
SWIDTH 600 0
DWIDTH 10 0
BBX 7 20 0 -4
BITMAP
12
12
12
12
12
12
12
12
F2
02
02
F2
12
12
12
12
12
12
12
12
ENDCHAR
STARTCHAR 2564
ENCODING 9572
SWIDTH 600 0
DWIDTH 10 0
BBX 10 12 0 -4
BITMAP
FFC0
0000
0000
FFC0
0C00
0C00
0C00
0C00
0C00
0C00
0C00
0C00
ENDCHAR
STARTCHAR 2565
ENCODING 9573
SWIDTH 600 0
DWIDTH 10 0
BBX 10 11 0 -4
BITMAP
FFC0
1200
1200
1200
1200
1200
1200
1200
1200
1200
1200
ENDCHAR
STARTCHAR 2566
ENCODING 9574
SWIDTH 600 0
DWIDTH 10 0
BBX 10 12 0 -4
BITMAP
FFC0
0000
0000
F3C0
1200
1200
1200
1200
1200
1200
1200
1200
ENDCHAR
STARTCHAR 2567
ENCODING 9575
SWIDTH 600 0
DWIDTH 10 0
BBX 10 12 0 4
BITMAP
0C00
0C00
0C00
0C00
0C00
0C00
0C00
0C00
FFC0
0000
0000
FFC0
ENDCHAR
STARTCHAR 2568
ENCODING 9576
SWIDTH 600 0
DWIDTH 10 0
BBX 10 11 0 6
BITMAP
1200
1200
1200
1200
1200
1200
1200
1200
1200
1200
FFC0
ENDCHAR
STARTCHAR 2569
ENCODING 9577
SWIDTH 600 0
DWIDTH 10 0
BBX 10 12 0 4
BITMAP
1200
1200
1200
1200
1200
1200
1200
1200
F3C0
0000
0000
FFC0
ENDCHAR
STARTCHAR 256A
ENCODING 9578
SWIDTH 600 0
DWIDTH 10 0
BBX 10 20 0 -4
BITMAP
0C00
0C00
0C00
0C00
0C00
0C00
0C00
0C00
FFC0
0C00
0C00
FFC0
0C00
0C00
0C00
0C00
0C00
0C00
0C00
0C00
ENDCHAR
STARTCHAR 256B
ENCODING 9579
SWIDTH 600 0
DWIDTH 10 0
BBX 10 21 0 -4
BITMAP
1200
1200
1200
1200
1200
1200
1200
1200
1200
1200
FFC0
1200
1200
1200
1200
1200
1200
1200
1200
1200
1200
ENDCHAR
STARTCHAR 256C
ENCODING 9580
SWIDTH 600 0
DWIDTH 10 0
BBX 10 20 0 -4
BITMAP
1200
1200
1200
1200
1200
1200
1200
1200
F3C0
0000
0000
F3C0
1200
1200
1200
1200
1200
1200
1200
1200
ENDCHAR
STARTCHAR 256D
ENCODING 9581
SWIDTH 600 0
DWIDTH 10 0
BBX 6 11 4 -4
BITMAP
3C
60
40
C0
C0
C0
C0
C0
C0
C0
C0
ENDCHAR
STARTCHAR 256E
ENCODING 9582
SWIDTH 600 0
DWIDTH 10 0
BBX 6 11 0 -4
BITMAP
F0
18
08
0C
0C
0C
0C
0C
0C
0C
0C
ENDCHAR
STARTCHAR 256F
ENCODING 9583
SWIDTH 600 0
DWIDTH 10 0
BBX 6 11 0 6
BITMAP
0C
0C
0C
0C
0C
0C
0C
0C
08
18
F0
ENDCHAR
STARTCHAR 2570
ENCODING 9584
SWIDTH 600 0
DWIDTH 10 0
BBX 6 11 4 6
BITMAP
C0
C0
C0
C0
C0
C0
C0
C0
40
60
3C
ENDCHAR
STARTCHAR 2571
ENCODING 9585
SWIDTH 600 0
DWIDTH 10 0
BBX 10 12 0 0
BITMAP
0040
00C0
0180
0300
0200
0400
0800
1800
3000
6000
C000
8000
ENDCHAR
STARTCHAR 2572
ENCODING 9586
SWIDTH 600 0
DWIDTH 10 0
BBX 10 12 0 0
BITMAP
8000
C000
6000
3000
1800
0800
0400
0600
0300
0180
00C0
0040
ENDCHAR
STARTCHAR 2573
ENCODING 9587
SWIDTH 600 0
DWIDTH 10 0
BBX 10 12 0 0
BITMAP
8040
C0C0
6180
3300
1A00
0C00
0C00
1E00
3300
6180
C0C0
8040
ENDCHAR
STARTCHAR 2574
ENCODING 9588
SWIDTH 600 0
DWIDTH 10 0
BBX 4 1 0 6
BITMAP
F0
ENDCHAR
STARTCHAR 2575
ENCODING 9589
SWIDTH 600 0
DWIDTH 10 0
BBX 2 10 4 7
BITMAP
C0
C0
C0
C0
C0
C0
C0
C0
C0
C0
ENDCHAR
STARTCHAR 2576
ENCODING 9590
SWIDTH 600 0
DWIDTH 10 0
BBX 4 1 6 6
BITMAP
F0
ENDCHAR
STARTCHAR 2577
ENCODING 9591
SWIDTH 600 0
DWIDTH 10 0
BBX 2 10 4 -4
BITMAP
C0
C0
C0
C0
C0
C0
C0
C0
C0
C0
ENDCHAR
STARTCHAR 2578
ENCODING 9592
SWIDTH 600 0
DWIDTH 10 0
BBX 4 2 0 5
BITMAP
F0
F0
ENDCHAR
STARTCHAR 2579
ENCODING 9593
SWIDTH 600 0
DWIDTH 10 0
BBX 2 10 4 7
BITMAP
C0
C0
C0
C0
C0
C0
C0
C0
C0
C0
ENDCHAR
STARTCHAR 257A
ENCODING 9594
SWIDTH 600 0
DWIDTH 10 0
BBX 4 2 6 5
BITMAP
F0
F0
ENDCHAR
STARTCHAR 257B
ENCODING 9595
SWIDTH 600 0
DWIDTH 10 0
BBX 2 10 4 -4
BITMAP
C0
C0
C0
C0
C0
C0
C0
C0
C0
C0
ENDCHAR
STARTCHAR 257C
ENCODING 9596
SWIDTH 600 0
DWIDTH 10 0
BBX 10 2 0 5
BITMAP
FFC0
07C0
ENDCHAR
STARTCHAR 257D
ENCODING 9597
SWIDTH 600 0
DWIDTH 10 0
BBX 2 21 4 -4
BITMAP
C0
C0
C0
C0
C0
C0
C0
C0
C0
C0
C0
C0
C0
C0
C0
C0
C0
C0
C0
C0
C0
ENDCHAR
STARTCHAR 257E
ENCODING 9598
SWIDTH 600 0
DWIDTH 10 0
BBX 10 2 0 5
BITMAP
FFC0
F800
ENDCHAR
STARTCHAR 257F
ENCODING 9599
SWIDTH 600 0
DWIDTH 10 0
BBX 2 21 4 -4
BITMAP
C0
C0
C0
C0
C0
C0
C0
C0
C0
C0
C0
C0
C0
C0
C0
C0
C0
C0
C0
C0
C0
ENDCHAR
STARTCHAR 2580
ENCODING 9600
SWIDTH 600 0
DWIDTH 10 0
BBX 10 10 0 6
BITMAP
FFC0
FFC0
FFC0
FFC0
FFC0
FFC0
FFC0
FFC0
FFC0
FFC0
ENDCHAR
STARTCHAR 2581
ENCODING 9601
SWIDTH 600 0
DWIDTH 10 0
BBX 10 3 0 -4
BITMAP
FFC0
FFC0
FFC0
ENDCHAR
STARTCHAR 2582
ENCODING 9602
SWIDTH 600 0
DWIDTH 10 0
BBX 10 5 0 -4
BITMAP
FFC0
FFC0
FFC0
FFC0
FFC0
ENDCHAR
STARTCHAR 2583
ENCODING 9603
SWIDTH 600 0
DWIDTH 10 0
BBX 10 8 0 -4
BITMAP
FFC0
FFC0
FFC0
FFC0
FFC0
FFC0
FFC0
FFC0
ENDCHAR
STARTCHAR 2584
ENCODING 9604
SWIDTH 600 0
DWIDTH 10 0
BBX 10 10 0 -4
BITMAP
FFC0
FFC0
FFC0
FFC0
FFC0
FFC0
FFC0
FFC0
FFC0
FFC0
ENDCHAR
STARTCHAR 2585
ENCODING 9605
SWIDTH 600 0
DWIDTH 10 0
BBX 10 13 0 -4
BITMAP
FFC0
FFC0
FFC0
FFC0
FFC0
FFC0
FFC0
FFC0
FFC0
FFC0
FFC0
FFC0
FFC0
ENDCHAR
STARTCHAR 2586
ENCODING 9606
SWIDTH 600 0
DWIDTH 10 0
BBX 10 15 0 -4
BITMAP
FFC0
FFC0
FFC0
FFC0
FFC0
FFC0
FFC0
FFC0
FFC0
FFC0
FFC0
FFC0
FFC0
FFC0
FFC0
ENDCHAR
STARTCHAR 2587
ENCODING 9607
SWIDTH 600 0
DWIDTH 10 0
BBX 10 18 0 -4
BITMAP
FFC0
FFC0
FFC0
FFC0
FFC0
FFC0
FFC0
FFC0
FFC0
FFC0
FFC0
FFC0
FFC0
FFC0
FFC0
FFC0
FFC0
FFC0
ENDCHAR
STARTCHAR 2588
ENCODING 9608
SWIDTH 600 0
DWIDTH 10 0
BBX 10 20 0 -4
BITMAP
FFC0
FFC0
FFC0
FFC0
FFC0
FFC0
FFC0
FFC0
FFC0
FFC0
FFC0
FFC0
FFC0
FFC0
FFC0
FFC0
FFC0
FFC0
FFC0
FFC0
ENDCHAR
STARTCHAR 2589
ENCODING 9609
SWIDTH 600 0
DWIDTH 10 0
BBX 9 20 0 -4
BITMAP
FF80
FF80
FF80
FF80
FF80
FF80
FF80
FF80
FF80
FF80
FF80
FF80
FF80
FF80
FF80
FF80
FF80
FF80
FF80
FF80
ENDCHAR
STARTCHAR 258A
ENCODING 9610
SWIDTH 600 0
DWIDTH 10 0
BBX 8 20 0 -4
BITMAP
FF
FF
FF
FF
FF
FF
FF
FF
FF
FF
FF
FF
FF
FF
FF
FF
FF
FF
FF
FF
ENDCHAR
STARTCHAR 258B
ENCODING 9611
SWIDTH 600 0
DWIDTH 10 0
BBX 6 20 0 -4
BITMAP
FC
FC
FC
FC
FC
FC
FC
FC
FC
FC
FC
FC
FC
FC
FC
FC
FC
FC
FC
FC
ENDCHAR
STARTCHAR 258C
ENCODING 9612
SWIDTH 600 0
DWIDTH 10 0
BBX 5 20 0 -4
BITMAP
F8
F8
F8
F8
F8
F8
F8
F8
F8
F8
F8
F8
F8
F8
F8
F8
F8
F8
F8
F8
ENDCHAR
STARTCHAR 258D
ENCODING 9613
SWIDTH 600 0
DWIDTH 10 0
BBX 4 20 0 -4
BITMAP
F0
F0
F0
F0
F0
F0
F0
F0
F0
F0
F0
F0
F0
F0
F0
F0
F0
F0
F0
F0
ENDCHAR
STARTCHAR 258E
ENCODING 9614
SWIDTH 600 0
DWIDTH 10 0
BBX 3 20 0 -4
BITMAP
E0
E0
E0
E0
E0
E0
E0
E0
E0
E0
E0
E0
E0
E0
E0
E0
E0
E0
E0
E0
ENDCHAR
STARTCHAR 258F
ENCODING 9615
SWIDTH 600 0
DWIDTH 10 0
BBX 1 20 0 -4
BITMAP
80
80
80
80
80
80
80
80
80
80
80
80
80
80
80
80
80
80
80
80
ENDCHAR
STARTCHAR 2590
ENCODING 9616
SWIDTH 600 0
DWIDTH 10 0
BBX 5 20 5 -4
BITMAP
F8
F8
F8
F8
F8
F8
F8
F8
F8
F8
F8
F8
F8
F8
F8
F8
F8
F8
F8
F8
ENDCHAR
STARTCHAR 2591
ENCODING 9617
SWIDTH 600 0
DWIDTH 10 0
BBX 10 18 0 -3
BITMAP
8900
0000
2440
8900
0000
2440
8900
0000
2440
8900
0000
2440
0000
8900
2440
0000
8900
2440
ENDCHAR
STARTCHAR 2592
ENCODING 9618
SWIDTH 600 0
DWIDTH 10 0
BBX 10 18 0 -3
BITMAP
6B40
0000
B580
6B40
0000
B580
6B40
0000
B580
6A40
0000
B580
0000
6A40
B580
0000
6B40
B580
ENDCHAR
STARTCHAR 2593
ENCODING 9619
SWIDTH 600 0
DWIDTH 10 0
BBX 10 19 0 -4
BITMAP
6B40
FFC0
6B40
B580
FFC0
6B40
B580
FFC0
6B40
B580
FFC0
6B40
B580
B580
6B40
FFC0
B580
6B40
FFC0
ENDCHAR
STARTCHAR 2594
ENCODING 9620
SWIDTH 600 0
DWIDTH 10 0
BBX 10 3 0 14
BITMAP
FFC0
FFC0
FFC0
ENDCHAR
STARTCHAR 2595
ENCODING 9621
SWIDTH 600 0
DWIDTH 10 0
BBX 1 20 9 -4
BITMAP
80
80
80
80
80
80
80
80
80
80
80
80
80
80
80
80
80
80
80
80
ENDCHAR
STARTCHAR 2596
ENCODING 9622
SWIDTH 600 0
DWIDTH 10 0
BBX 5 10 0 -4
BITMAP
F8
F8
F8
F8
F8
F8
F8
F8
F8
F8
ENDCHAR
STARTCHAR 2597
ENCODING 9623
SWIDTH 600 0
DWIDTH 10 0
BBX 5 10 5 -4
BITMAP
F8
F8
F8
F8
F8
F8
F8
F8
F8
F8
ENDCHAR
STARTCHAR 2598
ENCODING 9624
SWIDTH 600 0
DWIDTH 10 0
BBX 5 10 0 6
BITMAP
F8
F8
F8
F8
F8
F8
F8
F8
F8
F8
ENDCHAR
STARTCHAR 2599
ENCODING 9625
SWIDTH 600 0
DWIDTH 10 0
BBX 10 20 0 -4
BITMAP
F800
F800
F800
F800
F800
F800
F800
F800
F800
F800
FFC0
FFC0
FFC0
FFC0
FFC0
FFC0
FFC0
FFC0
FFC0
FFC0
ENDCHAR
STARTCHAR 259A
ENCODING 9626
SWIDTH 600 0
DWIDTH 10 0
BBX 10 20 0 -4
BITMAP
F800
F800
F800
F800
F800
F800
F800
F800
F800
F800
07C0
07C0
07C0
07C0
07C0
07C0
07C0
07C0
07C0
07C0
ENDCHAR
STARTCHAR 259B
ENCODING 9627
SWIDTH 600 0
DWIDTH 10 0
BBX 10 20 0 -4
BITMAP
FFC0
FFC0
FFC0
FFC0
FFC0
FFC0
FFC0
FFC0
FFC0
FFC0
F800
F800
F800
F800
F800
F800
F800
F800
F800
F800
ENDCHAR
STARTCHAR 259C
ENCODING 9628
SWIDTH 600 0
DWIDTH 10 0
BBX 10 20 0 -4
BITMAP
FFC0
FFC0
FFC0
FFC0
FFC0
FFC0
FFC0
FFC0
FFC0
FFC0
07C0
07C0
07C0
07C0
07C0
07C0
07C0
07C0
07C0
07C0
ENDCHAR
STARTCHAR 259D
ENCODING 9629
SWIDTH 600 0
DWIDTH 10 0
BBX 5 10 5 6
BITMAP
F8
F8
F8
F8
F8
F8
F8
F8
F8
F8
ENDCHAR
STARTCHAR 259E
ENCODING 9630
SWIDTH 600 0
DWIDTH 10 0
BBX 10 20 0 -4
BITMAP
07C0
07C0
07C0
07C0
07C0
07C0
07C0
07C0
07C0
07C0
F800
F800
F800
F800
F800
F800
F800
F800
F800
F800
ENDCHAR
STARTCHAR 259F
ENCODING 9631
SWIDTH 600 0
DWIDTH 10 0
BBX 10 20 0 -4
BITMAP
07C0
07C0
07C0
07C0
07C0
07C0
07C0
07C0
07C0
07C0
FFC0
FFC0
FFC0
FFC0
FFC0
FFC0
FFC0
FFC0
FFC0
FFC0
ENDCHAR
STARTCHAR 25A0
ENCODING 9632
SWIDTH 600 0
DWIDTH 10 0
BBX 8 8 1 2
BITMAP
FF
FF
FF
FF
FF
FF
FF
FF
ENDCHAR
STARTCHAR 25A1
ENCODING 9633
SWIDTH 600 0
DWIDTH 10 0
BBX 10 10 0 0
BITMAP
FFC0
8040
8040
8040
8040
8040
8040
8040
8040
FFC0
ENDCHAR
STARTCHAR 25A2
ENCODING 9634
SWIDTH 1200 0
DWIDTH 20 0
BBX 10 10 5 0
BITMAP
7F80
8040
8040
8040
8040
8040
8040
8040
8040
7F80
ENDCHAR
STARTCHAR 25A3
ENCODING 9635
SWIDTH 1200 0
DWIDTH 20 0
BBX 10 10 5 0
BITMAP
FFC0
8040
8040
9E40
9E40
9E40
9E40
8040
8040
FFC0
ENDCHAR
STARTCHAR 25A4
ENCODING 9636
SWIDTH 1200 0
DWIDTH 20 0
BBX 10 10 5 0
BITMAP
FFC0
8040
FFC0
8040
FFC0
8040
8040
FFC0
8040
FFC0
ENDCHAR
STARTCHAR 25A5
ENCODING 9637
SWIDTH 1200 0
DWIDTH 20 0
BBX 10 10 5 0
BITMAP
FFC0
A940
A940
A940
A940
A940
A940
A940
A940
FFC0
ENDCHAR
STARTCHAR 25A6
ENCODING 9638
SWIDTH 1200 0
DWIDTH 20 0
BBX 10 10 5 0
BITMAP
FFC0
A940
FFC0
A940
FFC0
A940
A940
FFC0
A940
FFC0
ENDCHAR
STARTCHAR 25A7
ENCODING 9639
SWIDTH 1200 0
DWIDTH 20 0
BBX 10 10 5 0
BITMAP
FFC0
C940
A4C0
9240
C940
A4C0
9240
C940
A4C0
FFC0
ENDCHAR
STARTCHAR 25A8
ENCODING 9640
SWIDTH 1200 0
DWIDTH 20 0
BBX 10 10 5 0
BITMAP
FFC0
A4C0
C940
9240
A4C0
C940
9240
A4C0
C940
FFC0
ENDCHAR
STARTCHAR 25A9
ENCODING 9641
SWIDTH 1200 0
DWIDTH 20 0
BBX 10 10 5 0
BITMAP
FFC0
EDC0
EDC0
9240
AD40
EDC0
9240
AD40
ECC0
FFC0
ENDCHAR
STARTCHAR 25AA
ENCODING 9642
SWIDTH 600 0
DWIDTH 10 0
BBX 4 4 3 3
BITMAP
F0
F0
F0
F0
ENDCHAR
STARTCHAR 25AB
ENCODING 9643
SWIDTH 600 0
DWIDTH 10 0
BBX 4 5 3 3
BITMAP
F0
90
90
90
F0
ENDCHAR
STARTCHAR 25AC
ENCODING 9644
SWIDTH 600 0
DWIDTH 10 0
BBX 10 5 0 1
BITMAP
FFC0
FFC0
FFC0
FFC0
FFC0
ENDCHAR
STARTCHAR 25AD
ENCODING 9645
SWIDTH 1200 0
DWIDTH 20 0
BBX 16 5 2 1
BITMAP
FFFF
8001
8001
8001
FFFF
ENDCHAR
STARTCHAR 25AE
ENCODING 9646
SWIDTH 600 0
DWIDTH 10 0
BBX 6 17 2 -5
BITMAP
7C
7C
7C
7C
7C
7C
7C
7C
7C
7C
7C
7C
7C
7C
7C
7C
FC
ENDCHAR
STARTCHAR 25AF
ENCODING 9647
SWIDTH 600 0
DWIDTH 10 0
BBX 6 17 2 -5
BITMAP
FC
84
84
84
84
84
84
84
84
84
84
84
84
84
84
84
FC
ENDCHAR
STARTCHAR 25B0
ENCODING 9648
SWIDTH 1200 0
DWIDTH 20 0
BBX 16 5 2 1
BITMAP
7FFF
FFFF
FFFF
FFFF
FFFE
ENDCHAR
STARTCHAR 25B1
ENCODING 9649
SWIDTH 1200 0
DWIDTH 20 0
BBX 16 5 2 1
BITMAP
7FFF
8001
8001
8001
FFFE
ENDCHAR
STARTCHAR 25B2
ENCODING 9650
SWIDTH 600 0
DWIDTH 10 0
BBX 10 10 0 0
BITMAP
0800
0C00
0C00
1E00
1E00
3F00
3F00
7F80
7F80
FFC0
ENDCHAR
STARTCHAR 25B3
ENCODING 9651
SWIDTH 1200 0
DWIDTH 20 0
BBX 10 10 5 0
BITMAP
0400
0C00
0C00
1200
1200
2100
2100
4080
4080
FFC0
ENDCHAR
STARTCHAR 25B4
ENCODING 9652
SWIDTH 600 0
DWIDTH 10 0
BBX 4 5 3 3
BITMAP
20
60
60
F0
F0
ENDCHAR
STARTCHAR 25B5
ENCODING 9653
SWIDTH 600 0
DWIDTH 10 0
BBX 4 5 3 3
BITMAP
20
60
60
90
F0
ENDCHAR
STARTCHAR 25B6
ENCODING 9654
SWIDTH 1200 0
DWIDTH 20 0
BBX 10 10 5 0
BITMAP
8000
E000
F800
FE00
FF80
FFC0
FE00
F800
E000
8000
ENDCHAR
STARTCHAR 25B7
ENCODING 9655
SWIDTH 1200 0
DWIDTH 20 0
BBX 10 10 5 0
BITMAP
8000
E000
9800
8600
8180
81C0
8600
9800
E000
8000
ENDCHAR
STARTCHAR 25B8
ENCODING 9656
SWIDTH 600 0
DWIDTH 10 0
BBX 4 5 3 3
BITMAP
80
C0
F0
E0
80
ENDCHAR
STARTCHAR 25B9
ENCODING 9657
SWIDTH 600 0
DWIDTH 10 0
BBX 4 5 3 3
BITMAP
80
E0
90
E0
80
ENDCHAR
STARTCHAR 25BA
ENCODING 9658
SWIDTH 600 0
DWIDTH 10 0
BBX 10 10 0 0
BITMAP
8000
C000
F000
FE00
FF80
FFC0
FE00
F800
E000
8000
ENDCHAR
STARTCHAR 25BB
ENCODING 9659
SWIDTH 1200 0
DWIDTH 20 0
BBX 10 5 5 3
BITMAP
E000
9E00
81C0
8F00
F000
ENDCHAR
STARTCHAR 25BC
ENCODING 9660
SWIDTH 600 0
DWIDTH 10 0
BBX 10 10 0 0
BITMAP
FFC0
7F80
7F80
3F00
3F00
1E00
1E00
0C00
0C00
0800
ENDCHAR
STARTCHAR 25BD
ENCODING 9661
SWIDTH 1200 0
DWIDTH 20 0
BBX 10 10 5 0
BITMAP
FFC0
4080
4080
2100
2100
1200
1200
0C00
0C00
0400
ENDCHAR
STARTCHAR 25BE
ENCODING 9662
SWIDTH 600 0
DWIDTH 10 0
BBX 4 5 3 3
BITMAP
F0
F0
60
60
20
ENDCHAR
STARTCHAR 25BF
ENCODING 9663
SWIDTH 600 0
DWIDTH 10 0
BBX 4 5 3 3
BITMAP
F0
90
60
60
20
ENDCHAR
STARTCHAR 25C0
ENCODING 9664
SWIDTH 1200 0
DWIDTH 20 0
BBX 10 10 5 0
BITMAP
0040
00C0
03C0
1FC0
7FC0
FFC0
1FC0
07C0
01C0
0040
ENDCHAR
STARTCHAR 25C1
ENCODING 9665
SWIDTH 1200 0
DWIDTH 20 0
BBX 10 10 5 0
BITMAP
0040
01C0
0640
1840
6040
E040
1840
0640
01C0
0040
ENDCHAR
STARTCHAR 25C2
ENCODING 9666
SWIDTH 600 0
DWIDTH 10 0
BBX 6 5 2 3
BITMAP
04
1C
FC
3C
0C
ENDCHAR
STARTCHAR 25C3
ENCODING 9667
SWIDTH 600 0
DWIDTH 10 0
BBX 6 5 2 3
BITMAP
04
3C
C4
34
0C
ENDCHAR
STARTCHAR 25C4
ENCODING 9668
SWIDTH 600 0
DWIDTH 10 0
BBX 10 10 0 0
BITMAP
0040
00C0
03C0
1FC0
7FC0
FFC0
1FC0
07C0
01C0
0040
ENDCHAR
STARTCHAR 25C5
ENCODING 9669
SWIDTH 1200 0
DWIDTH 20 0
BBX 10 5 5 3
BITMAP
01C0
1E40
E040
3C40
03C0
ENDCHAR
STARTCHAR 25C6
ENCODING 9670
SWIDTH 1200 0
DWIDTH 20 0
BBX 10 10 5 0
BITMAP
0400
0E00
1F00
3F80
7FC0
FFC0
7F80
1F00
0E00
0400
ENDCHAR
STARTCHAR 25C7
ENCODING 9671
SWIDTH 1200 0
DWIDTH 20 0
BBX 10 10 5 0
BITMAP
0C00
1200
2100
4080
8040
8040
4080
2100
1200
0C00
ENDCHAR
STARTCHAR 25C8
ENCODING 9672
SWIDTH 1200 0
DWIDTH 20 0
BBX 10 10 5 0
BITMAP
0C00
1200
2100
4C80
9E40
9E40
4C80
2100
1200
0C00
ENDCHAR
STARTCHAR 25C9
ENCODING 9673
SWIDTH 600 0
DWIDTH 10 0
BBX 8 8 1 1
BITMAP
3C
42
7E
BD
BD
BE
42
3C
ENDCHAR
STARTCHAR 25CA
ENCODING 9674
SWIDTH 600 0
DWIDTH 10 0
BBX 8 12 1 0
BITMAP
18
18
3C
24
42
C3
C3
42
24
3C
18
18
ENDCHAR
STARTCHAR 25CB
ENCODING 9675
SWIDTH 600 0
DWIDTH 10 0
BBX 8 8 1 1
BITMAP
3C
42
82
81
81
82
42
3C
ENDCHAR
STARTCHAR 25CC
ENCODING 9676
SWIDTH 600 0
DWIDTH 10 0
BBX 8 8 1 1
BITMAP
34
42
81
81
00
81
42
34
ENDCHAR
STARTCHAR 25CD
ENCODING 9677
SWIDTH 1200 0
DWIDTH 20 0
BBX 16 15 2 3
BITMAP
07E0
1FF8
3DBC
35AC
75AE
55AA
55AA
D5AB
55AA
55AA
75AE
35AC
3DAC
1FF8
07E0
ENDCHAR
STARTCHAR 25CE
ENCODING 9678
SWIDTH 600 0
DWIDTH 10 0
BBX 8 8 1 1
BITMAP
3C
42
5A
A5
A5
A6
5A
3C
ENDCHAR
STARTCHAR 25CF
ENCODING 9679
SWIDTH 600 0
DWIDTH 10 0
BBX 8 7 1 1
BITMAP
3C
7E
7E
FF
7E
7E
3C
ENDCHAR
STARTCHAR 25D0
ENCODING 9680
SWIDTH 600 0
DWIDTH 10 0
BBX 8 8 1 1
BITMAP
3C
72
72
F1
F1
72
72
3C
ENDCHAR
STARTCHAR 25D1
ENCODING 9681
SWIDTH 600 0
DWIDTH 10 0
BBX 8 8 1 1
BITMAP
3C
4E
4E
8F
8F
4E
4E
3C
ENDCHAR
STARTCHAR 25D2
ENCODING 9682
SWIDTH 600 0
DWIDTH 10 0
BBX 8 7 1 1
BITMAP
3C
42
81
FF
FF
7E
3C
ENDCHAR
STARTCHAR 25D3
ENCODING 9683
SWIDTH 600 0
DWIDTH 10 0
BBX 8 8 1 1
BITMAP
18
7E
7E
FF
81
42
42
3C
ENDCHAR
STARTCHAR 25D4
ENCODING 9684
SWIDTH 600 0
DWIDTH 10 0
BBX 8 8 1 1
BITMAP
3C
4E
4E
8F
81
82
42
3C
ENDCHAR
STARTCHAR 25D5
ENCODING 9685
SWIDTH 600 0
DWIDTH 10 0
BBX 8 7 1 1
BITMAP
3C
4E
8E
FF
FF
7E
3C
ENDCHAR
STARTCHAR 25D6
ENCODING 9686
SWIDTH 600 0
DWIDTH 10 0
BBX 4 8 3 1
BITMAP
10
70
70
F0
F0
F0
70
30
ENDCHAR
STARTCHAR 25D7
ENCODING 9687
SWIDTH 600 0
DWIDTH 10 0
BBX 4 8 3 1
BITMAP
80
E0
E0
F0
F0
F0
E0
C0
ENDCHAR
STARTCHAR 25D8
ENCODING 9688
SWIDTH 600 0
DWIDTH 10 0
BBX 10 9 0 0
BITMAP
FFC0
E1C0
C0C0
C0C0
8040
C0C0
C0C0
E1C0
FFC0
ENDCHAR
STARTCHAR 25D9
ENCODING 9689
SWIDTH 600 0
DWIDTH 10 0
BBX 10 9 0 0
BITMAP
FFC0
E1C0
DEC0
FFC0
BF40
FFC0
DEC0
E1C0
FFC0
ENDCHAR
STARTCHAR 25DA
ENCODING 9690
SWIDTH 600 0
DWIDTH 10 0
BBX 10 5 0 5
BITMAP
FFC0
F3C0
DEC0
FFC0
BF40
ENDCHAR
STARTCHAR 25DB
ENCODING 9691
SWIDTH 600 0
DWIDTH 10 0
BBX 10 5 0 0
BITMAP
BF40
FFC0
DEC0
E1C0
FFC0
ENDCHAR
STARTCHAR 25DC
ENCODING 9692
SWIDTH 600 0
DWIDTH 10 0
BBX 4 4 1 5
BITMAP
30
40
80
80
ENDCHAR
STARTCHAR 25DD
ENCODING 9693
SWIDTH 600 0
DWIDTH 10 0
BBX 4 4 5 5
BITMAP
C0
20
10
10
ENDCHAR
STARTCHAR 25DE
ENCODING 9694
SWIDTH 600 0
DWIDTH 10 0
BBX 4 4 5 1
BITMAP
10
10
20
C0
ENDCHAR
STARTCHAR 25DF
ENCODING 9695
SWIDTH 600 0
DWIDTH 10 0
BBX 4 4 1 1
BITMAP
80
80
40
30
ENDCHAR
STARTCHAR 25E0
ENCODING 9696
SWIDTH 600 0
DWIDTH 10 0
BBX 8 4 1 5
BITMAP
3C
42
81
81
ENDCHAR
STARTCHAR 25E1
ENCODING 9697
SWIDTH 600 0
DWIDTH 10 0
BBX 8 4 1 1
BITMAP
81
81
42
3C
ENDCHAR
STARTCHAR 25E2
ENCODING 9698
SWIDTH 1200 0
DWIDTH 20 0
BBX 10 10 5 0
BITMAP
0040
0040
00C0
01C0
03C0
07C0
0FC0
1FC0
3FC0
FFC0
ENDCHAR
STARTCHAR 25E3
ENCODING 9699
SWIDTH 1200 0
DWIDTH 20 0
BBX 10 10 5 0
BITMAP
8000
8000
C000
E000
F000
F800
FC00
FE00
FF00
FFC0
ENDCHAR
STARTCHAR 25E4
ENCODING 9700
SWIDTH 1200 0
DWIDTH 20 0
BBX 10 10 5 0
BITMAP
FFC0
FF00
FE00
FC00
F800
F000
E000
C000
8000
8000
ENDCHAR
STARTCHAR 25E5
ENCODING 9701
SWIDTH 1200 0
DWIDTH 20 0
BBX 10 10 5 0
BITMAP
FFC0
3FC0
1FC0
0FC0
07C0
03C0
01C0
00C0
0040
0040
ENDCHAR
STARTCHAR 25E6
ENCODING 9702
SWIDTH 600 0
DWIDTH 10 0
BBX 4 4 3 3
BITMAP
60
90
90
60
ENDCHAR
STARTCHAR 25E7
ENCODING 9703
SWIDTH 1200 0
DWIDTH 20 0
BBX 10 10 5 0
BITMAP
FFC0
F840
F840
F840
F840
F840
F840
F840
F840
FFC0
ENDCHAR
STARTCHAR 25E8
ENCODING 9704
SWIDTH 1200 0
DWIDTH 20 0
BBX 10 10 5 0
BITMAP
FFC0
87C0
87C0
87C0
87C0
87C0
87C0
87C0
87C0
FFC0
ENDCHAR
STARTCHAR 25E9
ENCODING 9705
SWIDTH 1200 0
DWIDTH 20 0
BBX 10 10 5 0
BITMAP
FFC0
FF40
FE40
FC40
F840
F040
E040
C040
8040
FFC0
ENDCHAR
STARTCHAR 25EA
ENCODING 9706
SWIDTH 1200 0
DWIDTH 20 0
BBX 10 10 5 0
BITMAP
FFC0
8040
80C0
81C0
83C0
87C0
8FC0
9FC0
BFC0
FFC0
ENDCHAR
STARTCHAR 25EB
ENCODING 9707
SWIDTH 1200 0
DWIDTH 20 0
BBX 10 10 5 0
BITMAP
FFC0
8840
8840
8840
8840
8840
8840
8840
8840
FFC0
ENDCHAR
STARTCHAR 25EC
ENCODING 9708
SWIDTH 1200 0
DWIDTH 20 0
BBX 10 10 5 0
BITMAP
0400
0C00
1200
1200
1200
2D00
2D00
4080
4080
FFC0
ENDCHAR
STARTCHAR 25ED
ENCODING 9709
SWIDTH 1200 0
DWIDTH 20 0
BBX 10 10 5 0
BITMAP
0800
0C00
0C00
1A00
1A00
3900
3900
7880
7880
FFC0
ENDCHAR
STARTCHAR 25EE
ENCODING 9710
SWIDTH 1200 0
DWIDTH 20 0
BBX 10 10 5 0
BITMAP
0400
0C00
0C00
1600
1600
2700
2700
4780
4780
FFC0
ENDCHAR
STARTCHAR 25EF
ENCODING 9711
SWIDTH 1200 0
DWIDTH 20 0
BBX 12 13 4 -1
BITMAP
0F00
30C0
4020
8010
8010
8010
8010
8010
8010
8010
4020
30C0
0F00
ENDCHAR
STARTCHAR 25F0
ENCODING 9712
SWIDTH 1200 0
DWIDTH 20 0
BBX 10 10 5 0
BITMAP
FFC0
8840
8840
8840
F840
8040
8040
8040
8040
FFC0
ENDCHAR
STARTCHAR 25F1
ENCODING 9713
SWIDTH 1200 0
DWIDTH 20 0
BBX 10 10 5 0
BITMAP
FFC0
8040
8040
8040
F840
8840
8840
8840
8840
FFC0
ENDCHAR
STARTCHAR 25F2
ENCODING 9714
SWIDTH 1200 0
DWIDTH 20 0
BBX 10 10 5 0
BITMAP
FFC0
8040
8040
8040
87C0
8840
8840
8840
8840
FFC0
ENDCHAR
STARTCHAR 25F3
ENCODING 9715
SWIDTH 1200 0
DWIDTH 20 0
BBX 10 10 5 0
BITMAP
FFC0
8840
8840
8840
87C0
8040
8040
8040
8040
FFC0
ENDCHAR
STARTCHAR 25F4
ENCODING 9716
SWIDTH 600 0
DWIDTH 10 0
BBX 8 8 1 1
BITMAP
18
76
52
91
F1
81
42
3C
ENDCHAR
STARTCHAR 25F5
ENCODING 9717
SWIDTH 600 0
DWIDTH 10 0
BBX 8 7 1 2
BITMAP
3C
42
81
F1
91
52
3C
ENDCHAR
STARTCHAR 25F6
ENCODING 9718
SWIDTH 600 0
DWIDTH 10 0
BBX 8 7 1 2
BITMAP
3C
42
81
8F
89
4A
3C
ENDCHAR
STARTCHAR 25F7
ENCODING 9719
SWIDTH 600 0
DWIDTH 10 0
BBX 8 8 1 1
BITMAP
18
6E
4A
89
8F
81
42
3C
ENDCHAR
STARTCHAR 25F8
ENCODING 9720
SWIDTH 600 0
DWIDTH 10 0
BBX 8 8 1 0
BITMAP
FF
82
84
88
90
A0
C0
80
ENDCHAR
STARTCHAR 25F9
ENCODING 9721
SWIDTH 600 0
DWIDTH 10 0
BBX 8 8 1 0
BITMAP
FF
41
21
11
09
05
03
01
ENDCHAR
STARTCHAR 25FA
ENCODING 9722
SWIDTH 600 0
DWIDTH 10 0
BBX 8 8 1 0
BITMAP
80
C0
A0
90
88
84
82
FF
ENDCHAR
STARTCHAR 25FB
ENCODING 9723
SWIDTH 600 0
DWIDTH 10 0
BBX 8 8 1 0
BITMAP
FF
81
81
81
81
81
81
FF
ENDCHAR
STARTCHAR 25FC
ENCODING 9724
SWIDTH 600 0
DWIDTH 10 0
BBX 8 8 1 0
BITMAP
FF
FF
FF
FF
FF
FF
FF
FF
ENDCHAR
STARTCHAR 25FD
ENCODING 9725
SWIDTH 600 0
DWIDTH 10 0
BBX 6 5 2 2
BITMAP
FC
84
84
84
FC
ENDCHAR
STARTCHAR 25FE
ENCODING 9726
SWIDTH 600 0
DWIDTH 10 0
BBX 6 5 2 3
BITMAP
FC
FC
FC
FC
FC
ENDCHAR
STARTCHAR 25FF
ENCODING 9727
SWIDTH 600 0
DWIDTH 10 0
BBX 8 8 1 0
BITMAP
01
03
05
09
11
21
41
FF
ENDCHAR
STARTCHAR 266D
ENCODING 9837
SWIDTH 600 0
DWIDTH 10 0
BBX 4 10 3 -1
BITMAP
80
80
80
80
80
F0
90
90
A0
C0
ENDCHAR
STARTCHAR 266E
ENCODING 9838
SWIDTH 600 0
DWIDTH 10 0
BBX 4 11 3 -4
BITMAP
80
90
B0
D0
90
90
90
90
F0
90
10
ENDCHAR
STARTCHAR 266F
ENCODING 9839
SWIDTH 600 0
DWIDTH 10 0
BBX 8 14 1 -2
BITMAP
04
04
25
26
3C
E4
A4
25
27
3C
74
E4
24
20
ENDCHAR
STARTCHAR 2736
ENCODING 10038
SWIDTH 1200 0
DWIDTH 20 0
BBX 12 13 4 -1
BITMAP
0400
0400
0600
8610
76E0
1F80
0F00
1F80
36C0
C630
0600
0400
0400
ENDCHAR
STARTCHAR 2758
ENCODING 10072
SWIDTH 600 0
DWIDTH 10 0
BBX 2 15 4 -2
BITMAP
C0
C0
C0
C0
C0
C0
C0
C0
C0
C0
C0
C0
C0
C0
C0
ENDCHAR
STARTCHAR 2759
ENCODING 10073
SWIDTH 600 0
DWIDTH 10 0
BBX 4 15 3 -2
BITMAP
F0
F0
F0
F0
F0
F0
F0
F0
F0
F0
F0
F0
F0
F0
F0
ENDCHAR
STARTCHAR 275A
ENCODING 10074
SWIDTH 600 0
DWIDTH 10 0
BBX 6 15 2 -2
BITMAP
FC
FC
FC
FC
FC
FC
FC
FC
FC
FC
FC
FC
FC
FC
FC
ENDCHAR
STARTCHAR 27D5
ENCODING 10197
SWIDTH 1200 0
DWIDTH 20 0
BBX 14 11 3 0
BITMAP
F004
180C
1C1C
1E34
1B64
18C4
1964
1A34
1C1C
180C
F004
ENDCHAR
STARTCHAR 27D6
ENCODING 10198
SWIDTH 1200 0
DWIDTH 20 0
BBX 14 11 3 0
BITMAP
803C
C060
E0E0
B1E0
9B60
8E60
9A60
B160
E0E0
C060
803C
ENDCHAR
STARTCHAR 27D7
ENCODING 10199
SWIDTH 1200 0
DWIDTH 20 0
BBX 18 11 1 0
BITMAP
F003C0
080400
0C0C00
0A1400
09E400
08C400
09E400
0B3400
0E1C00
0C0C00
F003C0
ENDCHAR
STARTCHAR 27DC
ENCODING 10204
SWIDTH 600 0
DWIDTH 10 0
BBX 10 5 0 4
BITMAP
3000
4800
CFC0
4800
7000
ENDCHAR
STARTCHAR 27E6
ENCODING 10214
SWIDTH 600 0
DWIDTH 10 0
BBX 6 15 2 -3
BITMAP
FC
90
90
90
90
90
90
90
90
90
90
90
90
90
FC
ENDCHAR
STARTCHAR 27E7
ENCODING 10215
SWIDTH 600 0
DWIDTH 10 0
BBX 6 15 2 -3
BITMAP
FC
24
24
24
24
24
24
24
24
24
24
24
24
24
FC
ENDCHAR
STARTCHAR 27E8
ENCODING 10216
SWIDTH 600 0
DWIDTH 10 0
BBX 4 15 3 -3
BITMAP
10
10
20
20
60
40
C0
80
80
C0
40
60
20
30
10
ENDCHAR
STARTCHAR 27E9
ENCODING 10217
SWIDTH 600 0
DWIDTH 10 0
BBX 4 15 3 -3
BITMAP
80
80
40
40
60
20
30
10
10
30
20
60
40
C0
80
ENDCHAR
STARTCHAR 27EA
ENCODING 10218
SWIDTH 600 0
DWIDTH 10 0
BBX 8 15 1 -3
BITMAP
0B
12
12
34
24
6C
48
D8
58
48
2C
24
36
12
1B
ENDCHAR
STARTCHAR 27EB
ENCODING 10219
SWIDTH 600 0
DWIDTH 10 0
BBX 8 15 1 -3
BITMAP
D0
48
48
2C
24
16
12
1B
1A
12
36
24
6C
48
D8
ENDCHAR
STARTCHAR 27F5
ENCODING 10229
SWIDTH 1200 0
DWIDTH 20 0
BBX 20 4 0 1
BITMAP
200000
200000
FFFFF0
200000
ENDCHAR
STARTCHAR 27F6
ENCODING 10230
SWIDTH 1200 0
DWIDTH 20 0
BBX 20 4 0 1
BITMAP
000040
000040
FFFFF0
000040
ENDCHAR
STARTCHAR 2987
ENCODING 10631
SWIDTH 600 0
DWIDTH 10 0
BBX 4 15 3 -3
BITMAP
10
30
70
50
50
D0
90
90
90
90
D0
50
50
30
30
ENDCHAR
STARTCHAR 2988
ENCODING 10632
SWIDTH 600 0
DWIDTH 10 0
BBX 4 15 3 -3
BITMAP
80
C0
E0
A0
A0
B0
90
90
90
90
B0
A0
A0
C0
C0
ENDCHAR
STARTCHAR 29A3
ENCODING 10659
SWIDTH 600 0
DWIDTH 10 0
BBX 10 8 0 0
BITMAP
3000
1000
0800
0400
0600
0300
0180
FFC0
ENDCHAR
STARTCHAR 29B8
ENCODING 10680
SWIDTH 1200 0
DWIDTH 20 0
BBX 12 11 4 0
BITMAP
0F00
30C0
6060
5820
CC30
8610
C330
41A0
6060
30C0
1F80
ENDCHAR
STARTCHAR 2A00
ENCODING 10752
SWIDTH 1200 0
DWIDTH 20 0
BBX 12 13 4 0
BITMAP
0F00
30C0
6060
C030
8010
8610
8610
8610
8010
C030
4020
30C0
1F80
ENDCHAR
STARTCHAR 2A05
ENCODING 10757
SWIDTH 600 0
DWIDTH 10 0
BBX 8 12 1 0
BITMAP
FF
81
81
81
81
81
81
81
81
81
81
81
ENDCHAR
STARTCHAR 2A06
ENCODING 10758
SWIDTH 600 0
DWIDTH 10 0
BBX 8 11 1 0
BITMAP
81
81
81
81
81
81
81
81
81
81
FF
ENDCHAR
STARTCHAR 2C60
ENCODING 11360
SWIDTH 600 0
DWIDTH 10 0
BBX 9 12 1 0
BITMAP
2000
2000
2000
2000
2000
FC00
2000
FC00
2000
2000
2000
3F80
ENDCHAR
STARTCHAR 2C61
ENCODING 11361
SWIDTH 600 0
DWIDTH 10 0
BBX 8 13 1 0
BITMAP
F8
08
08
08
08
3C
08
08
3C
08
08
08
FF
ENDCHAR
STARTCHAR 2C62
ENCODING 11362
SWIDTH 600 0
DWIDTH 10 0
BBX 9 12 0 0
BITMAP
2000
2000
2000
2000
2000
E400
B800
2000
2000
2000
2000
3F80
ENDCHAR
STARTCHAR 2C63
ENCODING 11363
SWIDTH 600 0
DWIDTH 10 0
BBX 9 12 0 0
BITMAP
3F00
2380
2180
F880
2180
2180
3F00
2000
2000
2000
2000
2000
ENDCHAR
STARTCHAR 2C64
ENCODING 11364
SWIDTH 600 0
DWIDTH 10 0
BBX 7 16 2 -4
BITMAP
F8
8C
84
86
84
8C
F8
98
88
8C
86
82
80
80
80
E0
ENDCHAR
STARTCHAR 2C65
ENCODING 11365
SWIDTH 600 0
DWIDTH 10 0
BBX 8 16 1 -3
BITMAP
01
02
02
02
7E
46
06
0F
3F
EB
D3
D7
7B
20
20
60
ENDCHAR
STARTCHAR 2C66
ENCODING 11366
SWIDTH 600 0
DWIDTH 10 0
BBX 9 16 0 -3
BITMAP
0200
0C00
0C00
1C00
7F00
1800
1800
1800
1800
1800
3800
2C00
2F80
4000
4000
C000
ENDCHAR
STARTCHAR 2C67
ENCODING 11367
SWIDTH 600 0
DWIDTH 10 0
BBX 9 15 1 -3
BITMAP
C300
C300
C300
C300
C300
FF00
C300
C300
C300
C300
C300
C380
0180
0180
0180
ENDCHAR
STARTCHAR 2C68
ENCODING 11368
SWIDTH 600 0
DWIDTH 10 0
BBX 9 16 1 -3
BITMAP
C000
C000
C000
C000
DE00
E600
C300
C300
C300
C300
C300
C300
C380
0080
0080
0080
ENDCHAR
STARTCHAR 2C69
ENCODING 11369
SWIDTH 600 0
DWIDTH 10 0
BBX 8 15 1 -3
BITMAP
C3
C6
C4
CC
D8
F0
F8
C8
CC
C4
C6
C3
01
01
01
ENDCHAR
STARTCHAR 2C6A
ENCODING 11370
SWIDTH 600 0
DWIDTH 10 0
BBX 8 16 2 -3
BITMAP
80
80
80
80
86
8C
98
B0
B0
D8
8C
84
87
03
03
03
ENDCHAR
STARTCHAR 2C6B
ENCODING 11371
SWIDTH 600 0
DWIDTH 10 0
BBX 6 15 2 -3
BITMAP
FC
04
0C
08
18
10
30
60
40
C0
80
FC
04
04
04
ENDCHAR
STARTCHAR 2C6C
ENCODING 11372
SWIDTH 600 0
DWIDTH 10 0
BBX 8 12 1 -3
BITMAP
7E
02
04
0C
18
30
20
60
FF
03
03
03
ENDCHAR
STARTCHAR 2C6D
ENCODING 11373
SWIDTH 600 0
DWIDTH 10 0
BBX 8 12 1 0
BITMAP
3D
67
C3
C3
83
83
83
83
C3
C3
67
3D
ENDCHAR
STARTCHAR 2C6E
ENCODING 11374
SWIDTH 600 0
DWIDTH 10 0
BBX 8 16 1 -4
BITMAP
C3
C3
E7
A5
A5
BD
99
99
99
81
81
81
01
03
23
3E
ENDCHAR
STARTCHAR 2C6F
ENCODING 11375
SWIDTH 600 0
DWIDTH 10 0
BBX 10 12 0 0
BITMAP
C0C0
4080
6180
6180
3F00
3100
3300
1200
1200
1E00
0C00
0C00
ENDCHAR
STARTCHAR 2C70
ENCODING 11376
SWIDTH 600 0
DWIDTH 10 0
BBX 8 12 1 0
BITMAP
9C
E6
C3
C3
C1
C1
C1
C1
C3
C3
E6
BC
ENDCHAR
STARTCHAR 2C71
ENCODING 11377
SWIDTH 600 0
DWIDTH 10 0
BBX 10 9 0 0
BITMAP
C0C0
4180
6100
2300
2200
3200
1600
1C00
0C00
ENDCHAR
STARTCHAR 2C72
ENCODING 11378
SWIDTH 600 0
DWIDTH 10 0
BBX 11 12 0 0
BITMAP
C060
40C0
4080
4C80
4C80
4C80
5E80
5280
7280
7380
3380
2100
ENDCHAR
STARTCHAR 2C73
ENCODING 11379
SWIDTH 600 0
DWIDTH 10 0
BBX 11 9 0 0
BITMAP
C060
40C0
4C80
4C80
5E80
5280
7380
7380
3300
ENDCHAR
STARTCHAR 2C74
ENCODING 11380
SWIDTH 600 0
DWIDTH 10 0
BBX 8 9 1 0
BITMAP
71
5B
5A
56
E6
24
3C
38
18
ENDCHAR
STARTCHAR 2C75
ENCODING 11381
SWIDTH 600 0
DWIDTH 10 0
BBX 8 12 1 0
BITMAP
C0
C0
C0
C0
C0
FF
C0
C0
C0
C0
C0
C0
ENDCHAR
STARTCHAR 2C76
ENCODING 11382
SWIDTH 600 0
DWIDTH 10 0
BBX 5 9 3 0
BITMAP
80
80
80
80
F8
80
80
80
80
ENDCHAR
STARTCHAR 2C77
ENCODING 11383
SWIDTH 600 0
DWIDTH 10 0
BBX 8 9 1 0
BITMAP
6E
5B
DB
99
99
99
DB
5E
3C
ENDCHAR
STARTCHAR 2C78
ENCODING 11384
SWIDTH 600 0
DWIDTH 10 0
BBX 9 9 1 0
BITMAP
3800
6400
C600
8600
FE00
8000
C080
6480
3F00
ENDCHAR
STARTCHAR 2C79
ENCODING 11385
SWIDTH 600 0
DWIDTH 10 0
BBX 9 13 0 0
BITMAP
3800
2C00
0400
0400
0400
0400
0400
0400
0400
0400
0C00
9C00
F780
ENDCHAR
STARTCHAR 2C7A
ENCODING 11386
SWIDTH 600 0
DWIDTH 10 0
BBX 8 9 1 0
BITMAP
3C
66
C3
83
81
83
DB
66
3C
ENDCHAR
STARTCHAR 2C7B
ENCODING 11387
SWIDTH 600 0
DWIDTH 10 0
BBX 6 9 2 0
BITMAP
FC
0C
0C
0C
7C
0C
0C
0C
FC
ENDCHAR
STARTCHAR 2C7C
ENCODING 11388
SWIDTH 600 0
DWIDTH 10 0
BBX 4 10 3 -4
BITMAP
30
00
70
10
10
10
10
10
10
E0
ENDCHAR
STARTCHAR 2C7D
ENCODING 11389
SWIDTH 600 0
DWIDTH 10 0
BBX 6 7 2 5
BITMAP
84
48
48
48
30
30
30
ENDCHAR
STARTCHAR 2C7E
ENCODING 11390
SWIDTH 600 0
DWIDTH 10 0
BBX 8 16 1 -4
BITMAP
3F
62
40
40
60
38
0E
03
03
03
C6
7C
30
30
1A
0E
ENDCHAR
STARTCHAR 2C7F
ENCODING 11391
SWIDTH 600 0
DWIDTH 10 0
BBX 7 16 2 -4
BITMAP
FC
04
0C
08
18
10
20
60
40
C0
80
C0
60
20
30
1E
ENDCHAR
STARTCHAR 2DE0
ENCODING 11744
SWIDTH 0 0
DWIDTH 0 0
BBX 4 5 -2 10
BITMAP
70
E0
90
90
60
ENDCHAR
STARTCHAR 2DE1
ENCODING 11745
SWIDTH 0 0
DWIDTH 0 0
BBX 3 4 -1 10
BITMAP
E0
C0
A0
C0
ENDCHAR
STARTCHAR 2DE2
ENCODING 11746
SWIDTH 0 0
DWIDTH 0 0
BBX 3 4 -1 10
BITMAP
E0
80
80
80
ENDCHAR
STARTCHAR 2DE3
ENCODING 11747
SWIDTH 0 0
DWIDTH 0 0
BBX 4 5 -2 11
BITMAP
70
50
50
50
F0
ENDCHAR
STARTCHAR 2DE4
ENCODING 11748
SWIDTH 0 0
DWIDTH 0 0
BBX 4 4 -2 10
BITMAP
B0
B0
60
B0
ENDCHAR
STARTCHAR 2DE5
ENCODING 11749
SWIDTH 0 0
DWIDTH 0 0
BBX 3 4 -1 10
BITMAP
E0
C0
20
C0
ENDCHAR
STARTCHAR 2DE6
ENCODING 11750
SWIDTH 0 0
DWIDTH 0 0
BBX 3 4 -1 10
BITMAP
A0
C0
C0
A0
ENDCHAR
STARTCHAR 2DE7
ENCODING 11751
SWIDTH 0 0
DWIDTH 0 0
BBX 4 4 -2 10
BITMAP
70
50
50
90
ENDCHAR
STARTCHAR 2DE8
ENCODING 11752
SWIDTH 0 0
DWIDTH 0 0
BBX 4 4 -2 10
BITMAP
90
D0
F0
B0
ENDCHAR
STARTCHAR 2DE9
ENCODING 11753
SWIDTH 0 0
DWIDTH 0 0
BBX 3 4 -1 10
BITMAP
A0
A0
E0
A0
ENDCHAR
STARTCHAR 2DEA
ENCODING 11754
SWIDTH 0 0
DWIDTH 0 0
BBX 4 4 -2 10
BITMAP
60
90
90
60
ENDCHAR
STARTCHAR 2DEB
ENCODING 11755
SWIDTH 0 0
DWIDTH 0 0
BBX 3 4 -1 10
BITMAP
E0
A0
A0
A0
ENDCHAR
STARTCHAR 2DEC
ENCODING 11756
SWIDTH 0 0
DWIDTH 0 0
BBX 3 5 -1 10
BITMAP
C0
A0
A0
C0
80
ENDCHAR
STARTCHAR 2DED
ENCODING 11757
SWIDTH 0 0
DWIDTH 0 0
BBX 3 4 -1 10
BITMAP
E0
80
80
E0
ENDCHAR
STARTCHAR 2DEE
ENCODING 11758
SWIDTH 0 0
DWIDTH 0 0
BBX 4 4 -2 10
BITMAP
F0
20
20
20
ENDCHAR
STARTCHAR 2DEF
ENCODING 11759
SWIDTH 0 0
DWIDTH 0 0
BBX 4 4 -2 10
BITMAP
D0
60
60
D0
ENDCHAR
STARTCHAR 2DF0
ENCODING 11760
SWIDTH 0 0
DWIDTH 0 0
BBX 3 4 -1 10
BITMAP
A0
A0
A0
E0
ENDCHAR
STARTCHAR 2DF1
ENCODING 11761
SWIDTH 0 0
DWIDTH 0 0
BBX 3 4 -1 10
BITMAP
A0
A0
E0
20
ENDCHAR
STARTCHAR 2DF2
ENCODING 11762
SWIDTH 0 0
DWIDTH 0 0
BBX 4 4 -2 10
BITMAP
B0
B0
B0
F0
ENDCHAR
STARTCHAR 2DF3
ENCODING 11763
SWIDTH 0 0
DWIDTH 0 0
BBX 4 5 -2 9
BITMAP
B0
B0
B0
F0
10
ENDCHAR
STARTCHAR 2DF4
ENCODING 11764
SWIDTH 0 0
DWIDTH 0 0
BBX 4 4 -2 10
BITMAP
60
F0
90
60
ENDCHAR
STARTCHAR 2DF5
ENCODING 11765
SWIDTH 0 0
DWIDTH 0 0
BBX 6 4 -3 10
BITMAP
7C
88
88
68
ENDCHAR
STARTCHAR 2DF6
ENCODING 11766
SWIDTH 0 0
DWIDTH 0 0
BBX 4 4 -2 10
BITMAP
60
70
90
70
ENDCHAR
STARTCHAR 2DF7
ENCODING 11767
SWIDTH 0 0
DWIDTH 0 0
BBX 4 4 -2 10
BITMAP
60
F0
80
70
ENDCHAR
STARTCHAR 2DF8
ENCODING 11768
SWIDTH 0 0
DWIDTH 0 0
BBX 3 3 -1 10
BITMAP
E0
C0
A0
ENDCHAR
STARTCHAR 2DF9
ENCODING 11769
SWIDTH 0 0
DWIDTH 0 0
BBX 3 5 -1 10
BITMAP
A0
C0
C0
A0
C0
ENDCHAR
STARTCHAR 2DFA
ENCODING 11770
SWIDTH 0 0
DWIDTH 0 0
BBX 4 5 -2 10
BITMAP
40
E0
70
50
60
ENDCHAR
STARTCHAR 2DFB
ENCODING 11771
SWIDTH 0 0
DWIDTH 0 0
BBX 4 4 -2 10
BITMAP
B0
D0
D0
B0
ENDCHAR
STARTCHAR 2DFC
ENCODING 11772
SWIDTH 0 0
DWIDTH 0 0
BBX 6 4 -3 10
BITMAP
98
FC
A4
9C
ENDCHAR
STARTCHAR 2DFD
ENCODING 11773
SWIDTH 0 0
DWIDTH 0 0
BBX 4 4 -2 10
BITMAP
20
60
50
B0
ENDCHAR
STARTCHAR 2DFE
ENCODING 11774
SWIDTH 0 0
DWIDTH 0 0
BBX 4 4 -2 10
BITMAP
F0
60
B0
B0
ENDCHAR
STARTCHAR 2DFF
ENCODING 11775
SWIDTH 0 0
DWIDTH 0 0
BBX 7 4 -3 10
BITMAP
BC
94
FC
AA
ENDCHAR
STARTCHAR 2E00
ENCODING 11776
SWIDTH 600 0
DWIDTH 10 0
BBX 4 8 3 4
BITMAP
F0
80
80
80
80
80
80
80
ENDCHAR
STARTCHAR 2E01
ENCODING 11777
SWIDTH 600 0
DWIDTH 10 0
BBX 4 7 3 5
BITMAP
F0
80
80
A0
80
80
80
ENDCHAR
STARTCHAR 2E02
ENCODING 11778
SWIDTH 600 0
DWIDTH 10 0
BBX 4 7 3 5
BITMAP
30
40
80
80
80
80
80
ENDCHAR
STARTCHAR 2E03
ENCODING 11779
SWIDTH 600 0
DWIDTH 10 0
BBX 4 7 3 5
BITMAP
C0
20
10
10
10
10
10
ENDCHAR
STARTCHAR 2E04
ENCODING 11780
SWIDTH 600 0
DWIDTH 10 0
BBX 4 6 3 6
BITMAP
30
C0
80
B0
80
80
ENDCHAR
STARTCHAR 2E05
ENCODING 11781
SWIDTH 600 0
DWIDTH 10 0
BBX 4 6 3 6
BITMAP
C0
30
10
D0
10
10
ENDCHAR
STARTCHAR 2E06
ENCODING 11782
SWIDTH 600 0
DWIDTH 10 0
BBX 8 8 1 4
BITMAP
FF
10
10
10
10
10
10
10
ENDCHAR
STARTCHAR 2E07
ENCODING 11783
SWIDTH 600 0
DWIDTH 10 0
BBX 8 7 1 5
BITMAP
FF
10
10
12
10
10
10
ENDCHAR
STARTCHAR 2E08
ENCODING 11784
SWIDTH 600 0
DWIDTH 10 0
BBX 6 8 2 4
BITMAP
1C
24
20
24
10
10
90
E0
ENDCHAR
STARTCHAR 2E09
ENCODING 11785
SWIDTH 600 0
DWIDTH 10 0
BBX 6 8 2 4
BITMAP
1C
24
20
20
10
10
90
E0
ENDCHAR
STARTCHAR 2E0A
ENCODING 11786
SWIDTH 600 0
DWIDTH 10 0
BBX 6 8 2 4
BITMAP
E0
B0
10
10
20
20
24
1C
ENDCHAR
STARTCHAR 2E0B
ENCODING 11787
SWIDTH 600 0
DWIDTH 10 0
BBX 6 7 2 5
BITMAP
FC
84
84
84
84
84
FC
ENDCHAR
STARTCHAR 2E0C
ENCODING 11788
SWIDTH 600 0
DWIDTH 10 0
BBX 6 6 2 6
BITMAP
80
40
20
10
08
04
ENDCHAR
STARTCHAR 2E0D
ENCODING 11789
SWIDTH 600 0
DWIDTH 10 0
BBX 6 6 2 6
BITMAP
04
08
10
20
40
80
ENDCHAR
STARTCHAR 2E0E
ENCODING 11790
SWIDTH 1200 0
DWIDTH 20 0
BBX 16 23 2 -5
BITMAP
0080
0100
0180
0000
01C0
0000
0FF0
0000
3E7C
0180
0180
FFFF
0180
3FFC
0000
0000
0FF0
0000
01C0
0000
0180
0080
0100
ENDCHAR
STARTCHAR 2E0F
ENCODING 11791
SWIDTH 600 0
DWIDTH 10 0
BBX 10 1 0 -2
BITMAP
FFC0
ENDCHAR
STARTCHAR 2E10
ENCODING 11792
SWIDTH 600 0
DWIDTH 10 0
BBX 10 4 0 -5
BITMAP
FFC0
1000
6000
C000
ENDCHAR
STARTCHAR 2E11
ENCODING 11793
SWIDTH 600 0
DWIDTH 10 0
BBX 10 4 0 -5
BITMAP
FFC0
0200
0180
0040
ENDCHAR
STARTCHAR 2E12
ENCODING 11794
SWIDTH 600 0
DWIDTH 10 0
BBX 2 4 4 -4
BITMAP
80
40
40
80
ENDCHAR
STARTCHAR 2E13
ENCODING 11795
SWIDTH 600 0
DWIDTH 10 0
BBX 8 12 1 0
BITMAP
01
02
02
C4
08
08
10
13
20
40
40
80
ENDCHAR
STARTCHAR 2E14
ENCODING 11796
SWIDTH 600 0
DWIDTH 10 0
BBX 8 9 1 1
BITMAP
01
01
02
04
88
90
E0
40
38
ENDCHAR
STARTCHAR 2E15
ENCODING 11797
SWIDTH 600 0
DWIDTH 10 0
BBX 8 9 1 0
BITMAP
1C
02
03
05
09
11
20
40
80
ENDCHAR
STARTCHAR 2E16
ENCODING 11798
SWIDTH 600 0
DWIDTH 10 0
BBX 8 10 1 2
BITMAP
10
80
60
18
06
03
0C
30
C0
10
ENDCHAR
STARTCHAR 2E17
ENCODING 11799
SWIDTH 600 0
DWIDTH 10 0
BBX 6 7 2 1
BITMAP
0C
10
E0
4C
30
E0
40
ENDCHAR
STARTCHAR 2E18
ENCODING 11800
SWIDTH 600 0
DWIDTH 10 0
BBX 6 12 2 0
BITMAP
10
38
00
00
10
10
70
D0
90
90
94
7C
ENDCHAR
STARTCHAR 2E19
ENCODING 11801
SWIDTH 600 0
DWIDTH 10 0
BBX 6 10 2 0
BITMAP
0C
18
3C
3C
D8
A8
F8
C0
F0
80
ENDCHAR
STARTCHAR 2E1A
ENCODING 11802
SWIDTH 600 0
DWIDTH 10 0
BBX 6 4 2 4
BITMAP
CC
CC
00
FC
ENDCHAR
STARTCHAR 2E1B
ENCODING 11803
SWIDTH 600 0
DWIDTH 10 0
BBX 8 5 1 5
BITMAP
18
24
7D
5A
8E
ENDCHAR
STARTCHAR 2E1C
ENCODING 11804
SWIDTH 600 0
DWIDTH 10 0
BBX 6 6 2 -1
BITMAP
80
40
20
10
08
04
ENDCHAR
STARTCHAR 2E1D
ENCODING 11805
SWIDTH 600 0
DWIDTH 10 0
BBX 6 6 2 -1
BITMAP
04
08
10
20
40
80
ENDCHAR
STARTCHAR 2E1E
ENCODING 11806
SWIDTH 600 0
DWIDTH 10 0
BBX 8 5 1 5
BITMAP
18
18
71
5A
8E
ENDCHAR
STARTCHAR 2E1F
ENCODING 11807
SWIDTH 600 0
DWIDTH 10 0
BBX 8 6 1 2
BITMAP
71
5A
8E
00
18
18
ENDCHAR
STARTCHAR 2E20
ENCODING 11808
SWIDTH 600 0
DWIDTH 10 0
BBX 3 17 5 -4
BITMAP
80
80
80
80
80
80
80
80
E0
80
80
80
80
80
80
80
80
ENDCHAR
STARTCHAR 2E21
ENCODING 11809
SWIDTH 600 0
DWIDTH 10 0
BBX 3 17 2 -4
BITMAP
20
20
20
20
20
20
20
20
E0
20
20
20
20
20
20
20
20
ENDCHAR
STARTCHAR 2E22
ENCODING 11810
SWIDTH 600 0
DWIDTH 10 0
BBX 4 8 3 4
BITMAP
F0
80
80
80
80
80
80
80
ENDCHAR
STARTCHAR 2E23
ENCODING 11811
SWIDTH 600 0
DWIDTH 10 0
BBX 4 8 3 4
BITMAP
F0
10
10
10
10
10
10
10
ENDCHAR
STARTCHAR 2E24
ENCODING 11812
SWIDTH 600 0
DWIDTH 10 0
BBX 4 8 3 -3
BITMAP
80
80
80
80
80
80
80
F0
ENDCHAR
STARTCHAR 2E25
ENCODING 11813
SWIDTH 600 0
DWIDTH 10 0
BBX 4 8 3 -3
BITMAP
10
10
10
10
10
10
10
F0
ENDCHAR
STARTCHAR 2E26
ENCODING 11814
SWIDTH 600 0
DWIDTH 10 0
BBX 10 6 0 3
BITMAP
7FC0
C000
8000
8000
C000
7FC0
ENDCHAR
STARTCHAR 2E27
ENCODING 11815
SWIDTH 600 0
DWIDTH 10 0
BBX 10 6 0 3
BITMAP
FF80
00C0
0040
0040
00C0
FF80
ENDCHAR
STARTCHAR 2E28
ENCODING 11816
SWIDTH 600 0
DWIDTH 10 0
BBX 8 14 1 -2
BITMAP
31
22
62
46
44
44
C4
C4
C4
44
46
66
22
33
ENDCHAR
STARTCHAR 2E29
ENCODING 11817
SWIDTH 600 0
DWIDTH 10 0
BBX 8 14 1 -2
BITMAP
8C
C4
46
62
22
23
23
23
23
23
62
62
46
CC
ENDCHAR
STARTCHAR 2E2A
ENCODING 11818
SWIDTH 600 0
DWIDTH 10 0
BBX 10 12 0 0
BITMAP
C0C0
C0C0
0000
0000
0000
0000
0000
0000
0000
0000
0C00
0C00
ENDCHAR
STARTCHAR 2E2B
ENCODING 11819
SWIDTH 600 0
DWIDTH 10 0
BBX 10 12 0 0
BITMAP
0C00
0C00
0000
0000
0000
0000
0000
0000
0000
0000
C0C0
C0C0
ENDCHAR
STARTCHAR 2E2C
ENCODING 11820
SWIDTH 600 0
DWIDTH 10 0
BBX 10 12 0 0
BITMAP
C0C0
C0C0
0000
0000
0000
0000
0000
0000
0000
0000
C0C0
C0C0
ENDCHAR
STARTCHAR 2E2D
ENCODING 11821
SWIDTH 600 0
DWIDTH 10 0
BBX 10 12 0 0
BITMAP
0C00
0C00
0000
0000
0000
CCC0
CCC0
0000
0000
0000
0C00
0C00
ENDCHAR
STARTCHAR 2E2E
ENCODING 11822
SWIDTH 600 0
DWIDTH 10 0
BBX 8 12 1 0
BITMAP
3F
62
C0
40
40
30
18
08
08
00
18
08
ENDCHAR
STARTCHAR 2E2F
ENCODING 11823
SWIDTH 600 0
DWIDTH 10 0
BBX 2 7 4 10
BITMAP
40
80
80
C0
40
C0
80
ENDCHAR
STARTCHAR 2E30
ENCODING 11824
SWIDTH 600 0
DWIDTH 10 0
BBX 6 6 2 3
BITMAP
78
CC
84
84
CC
78
ENDCHAR
STARTCHAR 2E31
ENCODING 11825
SWIDTH 600 0
DWIDTH 10 0
BBX 2 2 4 5
BITMAP
C0
C0
ENDCHAR
STARTCHAR 2E32
ENCODING 11826
SWIDTH 600 0
DWIDTH 10 0
BBX 2 4 4 -2
BITMAP
40
C0
C0
C0
ENDCHAR
STARTCHAR 2E33
ENCODING 11827
SWIDTH 600 0
DWIDTH 10 0
BBX 2 2 4 3
BITMAP
C0
C0
ENDCHAR
STARTCHAR 2E34
ENCODING 11828
SWIDTH 600 0
DWIDTH 10 0
BBX 2 4 4 1
BITMAP
C0
C0
80
80
ENDCHAR
STARTCHAR 2E35
ENCODING 11829
SWIDTH 600 0
DWIDTH 10 0
BBX 2 11 4 0
BITMAP
40
40
C0
C0
00
00
00
00
00
C0
C0
ENDCHAR
STARTCHAR 2E36
ENCODING 11830
SWIDTH 600 0
DWIDTH 10 0
BBX 4 13 2 0
BITMAP
10
10
10
D0
F0
10
10
10
10
10
10
10
10
ENDCHAR
STARTCHAR 2E37
ENCODING 11831
SWIDTH 600 0
DWIDTH 10 0
BBX 4 13 4 0
BITMAP
C0
C0
C0
B0
F0
80
80
C0
C0
C0
C0
C0
C0
ENDCHAR
STARTCHAR 2E38
ENCODING 11832
SWIDTH 600 0
DWIDTH 10 0
BBX 6 13 2 0
BITMAP
30
30
30
30
30
10
10
10
DC
FC
10
30
30
ENDCHAR
STARTCHAR 2E39
ENCODING 11833
SWIDTH 600 0
DWIDTH 10 0
BBX 6 9 2 4
BITMAP
7C
C4
80
C0
70
8C
84
C4
78
ENDCHAR
STARTCHAR 2E3A
ENCODING 11834
SWIDTH 1200 0
DWIDTH 20 0
BBX 20 1 0 4
BITMAP
FFFFF0
ENDCHAR
STARTCHAR 2E3B
ENCODING 11835
SWIDTH 1800 0
DWIDTH 30 0
BBX 30 1 0 4
BITMAP
FFFFFFFC
ENDCHAR
STARTCHAR 2E3C
ENCODING 11836
SWIDTH 0 0
DWIDTH 0 0
BBX 2 3 -1 -4
BITMAP
C0
C0
C0
ENDCHAR
STARTCHAR 2E3D
ENCODING 11837
SWIDTH 600 0
DWIDTH 10 0
BBX 2 18 4 -3
BITMAP
C0
C0
00
00
C0
C0
00
C0
C0
00
C0
C0
00
C0
C0
00
C0
C0
ENDCHAR
STARTCHAR 2E3E
ENCODING 11838
SWIDTH 600 0
DWIDTH 10 0
BBX 4 19 3 -5
BITMAP
70
C0
80
40
30
10
60
C0
80
60
10
30
60
80
C0
20
10
30
E0
ENDCHAR
STARTCHAR 2E3F
ENCODING 11839
SWIDTH 600 0
DWIDTH 10 0
BBX 8 15 1 -2
BITMAP
12
3F
53
B2
D2
D2
D2
B3
5F
3F
12
12
12
12
12
ENDCHAR
STARTCHAR 2E40
ENCODING 11840
SWIDTH 600 0
DWIDTH 10 0
BBX 6 5 2 4
BITMAP
FC
00
00
00
FC
ENDCHAR
STARTCHAR 2E41
ENCODING 11841
SWIDTH 600 0
DWIDTH 10 0
BBX 2 4 4 -2
BITMAP
C0
C0
C0
40
ENDCHAR
STARTCHAR 2E42
ENCODING 11842
SWIDTH 600 0
DWIDTH 10 0
BBX 6 4 2 -2
BITMAP
D8
D8
48
6C
ENDCHAR
STARTCHAR 2E43
ENCODING 11843
SWIDTH 600 0
DWIDTH 10 0
BBX 10 4 0 4
BITMAP
4000
C000
C000
7FC0
ENDCHAR
STARTCHAR 2E44
ENCODING 11844
SWIDTH 600 0
DWIDTH 10 0
BBX 4 14 3 -1
BITMAP
20
30
60
40
80
00
00
00
00
20
30
60
40
80
ENDCHAR
STARTCHAR 2E45
ENCODING 11845
SWIDTH 600 0
DWIDTH 10 0
BBX 6 2 2 4
BITMAP
78
CC
ENDCHAR
STARTCHAR 2E46
ENCODING 11846
SWIDTH 600 0
DWIDTH 10 0
BBX 6 9 2 0
BITMAP
84
48
78
00
00
00
00
78
CC
ENDCHAR
STARTCHAR 2E47
ENCODING 11847
SWIDTH 600 0
DWIDTH 10 0
BBX 6 2 2 4
BITMAP
84
78
ENDCHAR
STARTCHAR 2E48
ENCODING 11848
SWIDTH 600 0
DWIDTH 10 0
BBX 6 3 2 4
BITMAP
30
B4
78
ENDCHAR
STARTCHAR 2E49
ENCODING 11849
SWIDTH 600 0
DWIDTH 10 0
BBX 3 9 3 0
BITMAP
60
60
40
C0
00
60
60
40
C0
ENDCHAR
STARTCHAR 2E4A
ENCODING 11850
SWIDTH 600 0
DWIDTH 10 0
BBX 6 12 2 0
BITMAP
0C
08
08
18
30
38
30
20
60
40
40
C0
ENDCHAR
STARTCHAR 2E4B
ENCODING 11851
SWIDTH 600 0
DWIDTH 10 0
BBX 6 13 2 0
BITMAP
30
30
A4
FC
30
30
FC
30
30
FC
A4
30
30
ENDCHAR
STARTCHAR 2E4C
ENCODING 11852
SWIDTH 600 0
DWIDTH 10 0
BBX 2 7 4 0
BITMAP
C0
40
40
C0
00
C0
C0
ENDCHAR
STARTCHAR 2E4D
ENCODING 11853
SWIDTH 600 0
DWIDTH 10 0
BBX 7 12 2 0
BITMAP
FE
8C
98
B0
E0
C0
80
80
80
80
80
80
ENDCHAR
STARTCHAR 2E4E
ENCODING 11854
SWIDTH 600 0
DWIDTH 10 0
BBX 3 6 4 0
BITMAP
A0
40
00
00
C0
C0
ENDCHAR
STARTCHAR 2E4F
ENCODING 11855
SWIDTH 600 0
DWIDTH 10 0
BBX 6 7 2 2
BITMAP
CC
18
20
CC
18
60
CC
ENDCHAR
STARTCHAR 2E50
ENCODING 11856
SWIDTH 600 0
DWIDTH 10 0
BBX 5 9 3 2
BITMAP
80
80
80
80
F8
80
80
80
80
ENDCHAR
STARTCHAR 2E51
ENCODING 11857
SWIDTH 600 0
DWIDTH 10 0
BBX 5 9 2 2
BITMAP
08
08
08
08
F8
08
08
08
08
ENDCHAR
STARTCHAR 2E52
ENCODING 11858
SWIDTH 600 0
DWIDTH 10 0
BBX 8 12 1 0
BITMAP
FF
01
02
02
06
04
0C
08
08
18
10
30
ENDCHAR
STARTCHAR 2E53
ENCODING 11859
SWIDTH 600 0
DWIDTH 10 0
BBX 8 12 1 0
BITMAP
01
03
06
04
0C
08
08
30
30
00
C0
C0
ENDCHAR
STARTCHAR 2E54
ENCODING 11860
SWIDTH 600 0
DWIDTH 10 0
BBX 6 12 2 0
BITMAP
08
0C
04
0C
18
30
60
C0
40
00
C0
C0
ENDCHAR
STARTCHAR 2E55
ENCODING 11861
SWIDTH 600 0
DWIDTH 10 0
BBX 6 14 2 -2
BITMAP
3C
20
20
20
20
20
20
F8
20
20
20
20
20
3C
ENDCHAR
STARTCHAR 2E56
ENCODING 11862
SWIDTH 600 0
DWIDTH 10 0
BBX 6 14 2 -2
BITMAP
F0
10
10
10
10
10
7C
10
10
10
10
10
10
F0
ENDCHAR
STARTCHAR 2E57
ENCODING 11863
SWIDTH 600 0
DWIDTH 10 0
BBX 6 14 2 -2
BITMAP
3C
20
20
20
20
20
F8
20
F8
20
20
20
20
3C
ENDCHAR
STARTCHAR 2E58
ENCODING 11864
SWIDTH 600 0
DWIDTH 10 0
BBX 6 14 2 -2
BITMAP
F0
10
10
10
10
10
7C
7C
10
10
10
10
10
F0
ENDCHAR
STARTCHAR 2E59
ENCODING 11865
SWIDTH 600 0
DWIDTH 10 0
BBX 4 7 3 5
BITMAP
30
20
60
40
40
C0
C0
ENDCHAR
STARTCHAR 2E5A
ENCODING 11866
SWIDTH 600 0
DWIDTH 10 0
BBX 4 7 3 5
BITMAP
C0
40
60
20
20
30
30
ENDCHAR
STARTCHAR 2E5B
ENCODING 11867
SWIDTH 600 0
DWIDTH 10 0
BBX 3 7 4 -3
BITMAP
80
80
80
C0
40
60
20
ENDCHAR
STARTCHAR 2E5C
ENCODING 11868
SWIDTH 600 0
DWIDTH 10 0
BBX 4 7 3 -3
BITMAP
30
30
20
20
60
40
C0
ENDCHAR
STARTCHAR 2E5D
ENCODING 11869
SWIDTH 600 0
DWIDTH 10 0
BBX 6 4 2 3
BITMAP
08
1C
30
C0
ENDCHAR
STARTCHAR A640
ENCODING 42560
SWIDTH 600 0
DWIDTH 10 0
BBX 6 15 2 -3
BITMAP
FC
04
0C
08
18
10
30
60
40
C0
80
FC
04
04
FC
ENDCHAR
STARTCHAR A641
ENCODING 42561
SWIDTH 600 0
DWIDTH 10 0
BBX 8 12 1 -3
BITMAP
7E
02
04
0C
18
30
20
60
FE
03
03
7E
ENDCHAR
STARTCHAR A642
ENCODING 42562
SWIDTH 600 0
DWIDTH 10 0
BBX 6 15 2 -3
BITMAP
FC
04
0C
08
18
10
FC
20
60
C0
80
FC
04
04
FC
ENDCHAR
STARTCHAR A643
ENCODING 42563
SWIDTH 600 0
DWIDTH 10 0
BBX 8 12 1 -3
BITMAP
7E
02
04
0C
7E
10
20
60
FE
03
03
7E
ENDCHAR
STARTCHAR A644
ENCODING 42564
SWIDTH 600 0
DWIDTH 10 0
BBX 8 12 0 0
BITMAP
7C
46
02
02
06
1C
70
C0
C0
C0
63
3F
ENDCHAR
STARTCHAR A645
ENCODING 42565
SWIDTH 600 0
DWIDTH 10 0
BBX 6 9 2 0
BITMAP
F8
8C
04
1C
70
C0
80
C4
7C
ENDCHAR
STARTCHAR A646
ENCODING 42566
SWIDTH 600 0
DWIDTH 10 0
BBX 8 12 1 0
BITMAP
FC
30
30
30
30
30
30
30
30
30
19
0F
ENDCHAR
STARTCHAR A647
ENCODING 42567
SWIDTH 600 0
DWIDTH 10 0
BBX 4 9 4 0
BITMAP
C0
C0
C0
C0
C0
C0
C0
C0
70
ENDCHAR
STARTCHAR A648
ENCODING 42568
SWIDTH 600 0
DWIDTH 10 0
BBX 8 12 1 0
BITMAP
18
18
FF
18
18
7C
42
C3
C3
C3
C3
C3
ENDCHAR
STARTCHAR A649
ENCODING 42569
SWIDTH 600 0
DWIDTH 10 0
BBX 8 9 1 0
BITMAP
18
7E
18
18
7E
42
C3
C3
C3
ENDCHAR
STARTCHAR A64A
ENCODING 42570
SWIDTH 600 0
DWIDTH 10 0
BBX 10 12 0 0
BITMAP
C0C0
6180
3300
1200
1E00
3F00
6D80
4C80
4080
4080
6180
1E00
ENDCHAR
STARTCHAR A64B
ENCODING 42571
SWIDTH 600 0
DWIDTH 10 0
BBX 7 13 1 0
BITMAP
02
02
C2
42
46
2C
18
38
24
46
46
66
3C
ENDCHAR
STARTCHAR A64C
ENCODING 42572
SWIDTH 600 0
DWIDTH 10 0
BBX 10 12 0 0
BITMAP
3F00
6D80
4080
4080
4080
C0C0
40C0
4C80
4C80
4C80
6D80
3F00
ENDCHAR
STARTCHAR A64D
ENCODING 42573
SWIDTH 600 0
DWIDTH 10 0
BBX 8 9 1 0
BITMAP
7E
C3
81
81
99
99
99
DB
7E
ENDCHAR
STARTCHAR A64E
ENCODING 42574
SWIDTH 600 0
DWIDTH 10 0
BBX 9 12 0 0
BITMAP
E000
6000
2000
2000
2000
3F00
2180
2080
2080
2080
2180
3F00
ENDCHAR
STARTCHAR A64F
ENCODING 42575
SWIDTH 600 0
DWIDTH 10 0
BBX 9 9 0 0
BITMAP
E000
2000
3000
3000
3F00
3180
3080
3180
3F00
ENDCHAR
STARTCHAR A650
ENCODING 42576
SWIDTH 600 0
DWIDTH 10 0
BBX 9 12 0 0
BITMAP
E080
6080
6080
6080
6080
7880
6C80
6680
6680
6480
6C80
7880
ENDCHAR
STARTCHAR A651
ENCODING 42577
SWIDTH 600 0
DWIDTH 10 0
BBX 9 9 0 0
BITMAP
E080
6080
6080
6080
7C80
6680
6680
6680
7C80
ENDCHAR
STARTCHAR A652
ENCODING 42578
SWIDTH 600 0
DWIDTH 10 0
BBX 9 12 1 0
BITMAP
8800
8800
FE00
8800
8800
8F00
8900
8980
8980
8980
8900
8F00
ENDCHAR
STARTCHAR A653
ENCODING 42579
SWIDTH 600 0
DWIDTH 10 0
BBX 8 11 1 0
BITMAP
98
98
FF
98
98
98
9E
99
99
99
9E
ENDCHAR
STARTCHAR A654
ENCODING 42580
SWIDTH 600 0
DWIDTH 10 0
BBX 9 12 0 0
BITMAP
3880
6C80
4480
4480
4480
C780
4480
4480
4480
4480
6C80
3880
ENDCHAR
STARTCHAR A655
ENCODING 42581
SWIDTH 600 0
DWIDTH 10 0
BBX 8 9 1 0
BITMAP
71
D9
89
89
8F
89
89
D9
71
ENDCHAR
STARTCHAR A656
ENCODING 42582
SWIDTH 1200 0
DWIDTH 20 0
BBX 16 12 3 0
BITMAP
8060
80E0
80B0
8190
8118
FFF8
8308
820C
8604
8406
8C02
8803
ENDCHAR
STARTCHAR A657
ENCODING 42583
SWIDTH 1200 0
DWIDTH 20 0
BBX 13 9 3 0
BITMAP
C1F0
C318
C008
C008
FFF8
C308
C618
C238
C3E8
ENDCHAR
STARTCHAR A658
ENCODING 42584
SWIDTH 600 0
DWIDTH 10 0
BBX 10 12 0 0
BITMAP
0C00
0C00
1E00
1200
1200
3300
3F00
2100
6180
6180
4080
FFC0
ENDCHAR
STARTCHAR A659
ENCODING 42585
SWIDTH 600 0
DWIDTH 10 0
BBX 10 9 0 0
BITMAP
0C00
1E00
1200
1200
3F00
2100
6180
4080
FFC0
ENDCHAR
STARTCHAR A65A
ENCODING 42586
SWIDTH 600 0
DWIDTH 10 0
BBX 10 12 0 0
BITMAP
7F80
2100
3300
1200
1E00
1E00
3300
6180
7F80
4C80
4C80
CCC0
ENDCHAR
STARTCHAR A65B
ENCODING 42587
SWIDTH 600 0
DWIDTH 10 0
BBX 10 9 0 0
BITMAP
7F80
2100
1200
1E00
3F00
6180
7F80
4C80
CCC0
ENDCHAR
STARTCHAR A65C
ENCODING 42588
SWIDTH 1200 0
DWIDTH 20 0
BBX 16 12 3 0
BITMAP
8060
80E0
80B0
8190
8198
FFF8
8308
820C
8604
8406
8C02
8FFF
ENDCHAR
STARTCHAR A65D
ENCODING 42589
SWIDTH 1200 0
DWIDTH 20 0
BBX 14 9 4 0
BITMAP
80C0
81C0
8120
8120
FFF0
8210
8618
8408
8FFC
ENDCHAR
STARTCHAR A65E
ENCODING 42590
SWIDTH 600 0
DWIDTH 10 0
BBX 10 14 0 -2
BITMAP
0E00
0E00
0E00
1F00
1500
1500
1500
3580
3480
2480
64C0
C4C0
0400
0400
ENDCHAR
STARTCHAR A65F
ENCODING 42591
SWIDTH 600 0
DWIDTH 10 0
BBX 10 13 0 -4
BITMAP
0E00
0E00
1E00
1500
1500
3580
2480
6480
C4C0
0400
0400
0400
0400
ENDCHAR
STARTCHAR A660
ENCODING 42592
SWIDTH 600 0
DWIDTH 10 0
BBX 9 15 0 -3
BITMAP
2180
2180
2180
2180
2180
2180
2180
2180
2180
2180
2180
FF80
C000
C000
C000
ENDCHAR
STARTCHAR A661
ENCODING 42593
SWIDTH 600 0
DWIDTH 10 0
BBX 9 11 0 -2
BITMAP
6180
6180
6180
6180
6180
6180
6180
6180
FF80
C000
C000
ENDCHAR
STARTCHAR A662
ENCODING 42594
SWIDTH 600 0
DWIDTH 10 0
BBX 10 15 0 -3
BITMAP
1FC0
1600
1600
3600
3600
3600
2600
2600
6600
6600
4600
FF00
8300
8300
8300
ENDCHAR
STARTCHAR A663
ENCODING 42595
SWIDTH 600 0
DWIDTH 10 0
BBX 10 12 0 -3
BITMAP
3FC0
2400
2400
2400
2400
2400
4400
4400
FE00
8200
8200
8200
ENDCHAR
STARTCHAR A664
ENCODING 42596
SWIDTH 600 0
DWIDTH 10 0
BBX 10 12 0 0
BITMAP
3FC0
2200
2200
2200
2200
2200
2200
2200
2200
6200
6200
C200
ENDCHAR
STARTCHAR A665
ENCODING 42597
SWIDTH 600 0
DWIDTH 10 0
BBX 10 9 0 0
BITMAP
3FC0
2200
2200
2200
2200
2200
6200
6200
C200
ENDCHAR
STARTCHAR A666
ENCODING 42598
SWIDTH 1200 0
DWIDTH 20 0
BBX 17 12 2 0
BITMAP
C07F80
C07000
E0F000
A0B000
B0B000
B1B000
913000
9B3000
8A3000
8A3000
8E3000
843000
ENDCHAR
STARTCHAR A667
ENCODING 42599
SWIDTH 1200 0
DWIDTH 20 0
BBX 15 9 3 0
BITMAP
C0FE
C0C0
E1C0
A140
B340
9240
9E40
8C40
8C40
ENDCHAR
STARTCHAR A668
ENCODING 42600
SWIDTH 600 0
DWIDTH 10 0
BBX 8 12 1 0
BITMAP
3C
66
C3
C3
81
99
99
81
C3
C3
66
3C
ENDCHAR
STARTCHAR A669
ENCODING 42601
SWIDTH 600 0
DWIDTH 10 0
BBX 8 9 1 0
BITMAP
3C
66
C3
83
99
9B
C3
66
3C
ENDCHAR
STARTCHAR A66A
ENCODING 42602
SWIDTH 600 0
DWIDTH 10 0
BBX 10 12 0 0
BITMAP
1E00
3300
6180
4080
40C0
DEC0
D2C0
4080
4080
6180
3300
1E00
ENDCHAR
STARTCHAR A66B
ENCODING 42603
SWIDTH 600 0
DWIDTH 10 0
BBX 10 9 0 0
BITMAP
1E00
6180
4080
D2C0
DEC0
40C0
4080
6180
1E00
ENDCHAR
STARTCHAR A66C
ENCODING 42604
SWIDTH 1200 0
DWIDTH 20 0
BBX 16 12 2 0
BITMAP
3C3C
63C6
4182
C183
C183
C993
D99B
C183
C183
4182
63C6
3C3C
ENDCHAR
STARTCHAR A66D
ENCODING 42605
SWIDTH 1200 0
DWIDTH 20 0
BBX 14 9 3 0
BITMAP
7CF0
C78C
8304
8304
9B64
9B64
8304
C78C
3CF8
ENDCHAR
STARTCHAR A66E
ENCODING 42606
SWIDTH 600 0
DWIDTH 10 0
BBX 10 14 0 -2
BITMAP
3700
4C80
5E80
4C80
4C80
B340
9240
DAC0
B340
EDC0
4C80
5E80
4C80
3F00
ENDCHAR
STARTCHAR A66F
ENCODING 42607
SWIDTH 0 0
DWIDTH 0 0
BBX 8 2 -4 9
BITMAP
FF
81
ENDCHAR
STARTCHAR A670
ENCODING 42608
SWIDTH 0 0
DWIDTH 0 0
BBX 18 18 -9 -5
BITMAP
00C000
288500
10C200
280700
000000
000000
000000
E001C0
400080
E00140
000000
000000
000000
280500
100200
38C700
004000
00C000
ENDCHAR
STARTCHAR A671
ENCODING 42609
SWIDTH 0 0
DWIDTH 0 0
BBX 14 16 -7 -3
BITMAP
FFFC
8004
8004
8004
0000
0000
0000
0000
0000
0000
0000
0000
0000
8004
8004
FFFC
ENDCHAR
STARTCHAR A672
ENCODING 42610
SWIDTH 0 0
DWIDTH 0 0
BBX 20 21 -10 -6
BITMAP
004000
004000
00F000
004000
004000
000000
000000
F801F0
000000
000000
F801F0
000000
000000
F801F0
000000
000000
022400
022400
022400
022400
022400
ENDCHAR
STARTCHAR A673
ENCODING 42611
SWIDTH 600 0
DWIDTH 10 0
BBX 6 8 2 4
BITMAP
20
30
CC
84
84
CC
30
20
ENDCHAR
STARTCHAR A674
ENCODING 42612
SWIDTH 0 0
DWIDTH 0 0
BBX 3 4 -1 10
BITMAP
E0
C0
80
E0
ENDCHAR
STARTCHAR A675
ENCODING 42613
SWIDTH 0 0
DWIDTH 0 0
BBX 3 4 -1 10
BITMAP
A0
E0
A0
A0
ENDCHAR
STARTCHAR A676
ENCODING 42614
SWIDTH 0 0
DWIDTH 0 0
BBX 3 5 -1 10
BITMAP
A0
80
40
40
E0
ENDCHAR
STARTCHAR A677
ENCODING 42615
SWIDTH 0 0
DWIDTH 0 0
BBX 4 5 -2 10
BITMAP
90
60
20
20
C0
ENDCHAR
STARTCHAR A678
ENCODING 42616
SWIDTH 0 0
DWIDTH 0 0
BBX 4 4 -2 10
BITMAP
C0
60
50
60
ENDCHAR
STARTCHAR A679
ENCODING 42617
SWIDTH 0 0
DWIDTH 0 0
BBX 4 4 -2 10
BITMAP
90
D0
B0
D0
ENDCHAR
STARTCHAR A67A
ENCODING 42618
SWIDTH 0 0
DWIDTH 0 0
BBX 3 4 -1 10
BITMAP
80
C0
A0
C0
ENDCHAR
STARTCHAR A67B
ENCODING 42619
SWIDTH 0 0
DWIDTH 0 0
BBX 4 4 -2 10
BITMAP
B0
B0
B0
50
ENDCHAR
STARTCHAR A67C
ENCODING 42620
SWIDTH 0 0
DWIDTH 0 0
BBX 6 2 -3 11
BITMAP
84
78
ENDCHAR
STARTCHAR A67D
ENCODING 42621
SWIDTH 0 0
DWIDTH 0 0
BBX 4 3 -2 10
BITMAP
90
F0
20
ENDCHAR
STARTCHAR A67E
ENCODING 42622
SWIDTH 600 0
DWIDTH 10 0
BBX 6 2 2 11
BITMAP
84
78
ENDCHAR
STARTCHAR A67F
ENCODING 42623
SWIDTH 600 0
DWIDTH 10 0
BBX 4 3 3 10
BITMAP
90
F0
20
ENDCHAR
STARTCHAR A680
ENCODING 42624
SWIDTH 600 0
DWIDTH 10 0
BBX 10 18 0 -3
BITMAP
1000
1000
1000
1F00
1100
1100
1100
1100
1100
1100
3100
3100
2100
6100
FFC0
C0C0
C0C0
C0C0
ENDCHAR
STARTCHAR A681
ENCODING 42625
SWIDTH 600 0
DWIDTH 10 0
BBX 9 14 0 -2
BITMAP
1000
1000
1000
1F00
1100
1100
1100
3100
3100
2100
6100
FF80
C080
C080
ENDCHAR
STARTCHAR A682
ENCODING 42626
SWIDTH 600 0
DWIDTH 10 0
BBX 8 16 1 -4
BITMAP
3F
62
40
C0
C0
40
60
38
1C
06
03
03
03
02
C6
7C
ENDCHAR
STARTCHAR A683
ENCODING 42627
SWIDTH 600 0
DWIDTH 10 0
BBX 6 13 2 -4
BITMAP
7C
C4
80
80
C0
60
38
0C
04
04
04
8C
F8
ENDCHAR
STARTCHAR A684
ENCODING 42628
SWIDTH 1200 0
DWIDTH 20 0
BBX 18 12 1 0
BITMAP
FC30C0
863080
033100
023300
063200
7FFC00
063600
033300
033100
033180
863080
FC30C0
ENDCHAR
STARTCHAR A685
ENCODING 42629
SWIDTH 600 0
DWIDTH 10 0
BBX 10 9 0 0
BITMAP
F6C0
9680
1780
1700
7F00
1700
1F80
9680
F6C0
ENDCHAR
STARTCHAR A686
ENCODING 42630
SWIDTH 600 0
DWIDTH 10 0
BBX 8 12 1 0
BITMAP
99
99
99
99
99
99
99
FF
01
01
01
01
ENDCHAR
STARTCHAR A687
ENCODING 42631
SWIDTH 600 0
DWIDTH 10 0
BBX 8 9 1 0
BITMAP
99
99
99
99
99
FF
01
01
01
ENDCHAR
STARTCHAR A688
ENCODING 42632
SWIDTH 600 0
DWIDTH 10 0
BBX 10 15 0 -3
BITMAP
1E00
1600
1600
3600
3600
2600
2600
2600
6600
4600
46C0
FF40
8080
8040
81C0
ENDCHAR
STARTCHAR A689
ENCODING 42633
SWIDTH 600 0
DWIDTH 10 0
BBX 10 12 0 -3
BITMAP
1E00
1600
1600
3600
2600
2600
6600
46C0
FF40
8080
8040
81C0
ENDCHAR
STARTCHAR A68A
ENCODING 42634
SWIDTH 600 0
DWIDTH 10 0
BBX 10 16 0 -4
BITMAP
FF00
3000
3000
3000
3000
3F80
3080
30C0
30C0
30C0
30C0
30C0
00C0
00C0
0080
0380
ENDCHAR
STARTCHAR A68B
ENCODING 42635
SWIDTH 600 0
DWIDTH 10 0
BBX 9 13 0 -4
BITMAP
F800
3000
3000
3F00
3180
3180
3180
3180
3180
0180
0180
0180
0700
ENDCHAR
STARTCHAR A68C
ENCODING 42636
SWIDTH 600 0
DWIDTH 10 0
BBX 8 12 1 0
BITMAP
FF
18
18
18
18
18
18
18
18
18
18
0E
ENDCHAR
STARTCHAR A68D
ENCODING 42637
SWIDTH 600 0
DWIDTH 10 0
BBX 8 9 1 0
BITMAP
FF
18
18
18
18
18
18
18
0E
ENDCHAR
STARTCHAR A68E
ENCODING 42638
SWIDTH 600 0
DWIDTH 10 0
BBX 9 16 1 -4
BITMAP
C300
C300
C300
C300
C300
C300
C300
C300
C300
C300
C300
FF00
0180
FD80
8180
FF00
ENDCHAR
STARTCHAR A68F
ENCODING 42639
SWIDTH 600 0
DWIDTH 10 0
BBX 9 13 1 -4
BITMAP
C300
C300
C300
C300
C300
C300
C300
C300
FF00
0180
FD80
8180
FF00
ENDCHAR
STARTCHAR A690
ENCODING 42640
SWIDTH 600 0
DWIDTH 10 0
BBX 8 15 1 -3
BITMAP
FF
18
18
18
18
18
18
18
18
18
18
38
60
40
70
ENDCHAR
STARTCHAR A691
ENCODING 42641
SWIDTH 600 0
DWIDTH 10 0
BBX 8 12 1 -3
BITMAP
FF
18
18
18
18
18
18
18
38
60
40
70
ENDCHAR
STARTCHAR A692
ENCODING 42642
SWIDTH 600 0
DWIDTH 10 0
BBX 9 12 0 0
BITMAP
F980
3180
3180
3180
3180
3180
3180
1F80
0180
0180
0180
0180
ENDCHAR
STARTCHAR A693
ENCODING 42643
SWIDTH 600 0
DWIDTH 10 0
BBX 9 9 0 0
BITMAP
F980
3180
3180
3180
3180
1F80
0180
0180
0180
ENDCHAR
STARTCHAR A694
ENCODING 42644
SWIDTH 600 0
DWIDTH 10 0
BBX 8 12 1 0
BITMAP
70
40
C0
C0
FE
E3
C3
C3
C3
C3
C3
C3
ENDCHAR
STARTCHAR A695
ENCODING 42645
SWIDTH 600 0
DWIDTH 10 0
BBX 8 13 1 0
BITMAP
70
C0
C0
C0
DE
E6
C3
C3
C3
C3
C3
C3
C3
ENDCHAR
STARTCHAR A696
ENCODING 42646
SWIDTH 600 0
DWIDTH 10 0
BBX 9 16 1 -4
BITMAP
9300
9300
9300
9300
9300
9300
9300
9300
9300
9300
9300
FF00
0180
3C80
2180
3F00
ENDCHAR
STARTCHAR A697
ENCODING 42647
SWIDTH 600 0
DWIDTH 10 0
BBX 9 13 1 -4
BITMAP
9300
9300
9300
9300
9300
9300
9300
9300
FF00
0180
3C80
2180
3F00
ENDCHAR
STARTCHAR A698
ENCODING 42648
SWIDTH 1200 0
DWIDTH 20 0
BBX 16 12 2 0
BITMAP
3E7C
63C6
4182
C182
C183
C183
C183
C183
C182
4182
63C6
3E7C
ENDCHAR
STARTCHAR A699
ENCODING 42649
SWIDTH 1200 0
DWIDTH 20 0
BBX 14 9 3 0
BITMAP
3CF0
C78C
8304
8304
8304
8304
8304
C78C
3CF0
ENDCHAR
STARTCHAR A69A
ENCODING 42650
SWIDTH 600 0
DWIDTH 10 0
BBX 8 12 1 0
BITMAP
3C
7E
DB
99
99
FF
99
99
99
DB
7E
3C
ENDCHAR
STARTCHAR A69B
ENCODING 42651
SWIDTH 600 0
DWIDTH 10 0
BBX 8 9 1 0
BITMAP
3C
7E
DB
99
FF
99
DB
5A
3C
ENDCHAR
STARTCHAR A69C
ENCODING 42652
SWIDTH 600 0
DWIDTH 10 0
BBX 6 5 2 5
BITMAP
E0
20
38
24
38
ENDCHAR
STARTCHAR A69D
ENCODING 42653
SWIDTH 600 0
DWIDTH 10 0
BBX 5 6 2 5
BITMAP
80
80
F0
88
88
F0
ENDCHAR
STARTCHAR A69E
ENCODING 42654
SWIDTH 0 0
DWIDTH 0 0
BBX 4 7 -2 9
BITMAP
40
40
60
D0
D0
60
40
ENDCHAR
STARTCHAR A69F
ENCODING 42655
SWIDTH 0 0
DWIDTH 0 0
BBX 4 4 -2 10
BITMAP
B0
F0
A0
90
ENDCHAR
STARTCHAR A700
ENCODING 42752
SWIDTH 600 0
DWIDTH 10 0
BBX 4 5 3 -2
BITMAP
70
80
80
80
70
ENDCHAR
STARTCHAR A701
ENCODING 42753
SWIDTH 600 0
DWIDTH 10 0
BBX 4 7 3 -4
BITMAP
70
80
80
80
70
00
F0
ENDCHAR
STARTCHAR A702
ENCODING 42754
SWIDTH 600 0
DWIDTH 10 0
BBX 4 5 3 7
BITMAP
70
80
80
80
70
ENDCHAR
STARTCHAR A703
ENCODING 42755
SWIDTH 600 0
DWIDTH 10 0
BBX 4 7 3 5
BITMAP
70
80
80
80
70
00
F0
ENDCHAR
STARTCHAR A704
ENCODING 42756
SWIDTH 600 0
DWIDTH 10 0
BBX 4 5 3 7
BITMAP
E0
10
10
10
E0
ENDCHAR
STARTCHAR A705
ENCODING 42757
SWIDTH 600 0
DWIDTH 10 0
BBX 4 7 3 5
BITMAP
E0
10
10
10
E0
00
F0
ENDCHAR
STARTCHAR A706
ENCODING 42758
SWIDTH 600 0
DWIDTH 10 0
BBX 4 5 3 -2
BITMAP
E0
10
10
10
E0
ENDCHAR
STARTCHAR A707
ENCODING 42759
SWIDTH 600 0
DWIDTH 10 0
BBX 4 7 3 -4
BITMAP
E0
10
10
10
E0
00
F0
ENDCHAR
STARTCHAR A708
ENCODING 42760
SWIDTH 600 0
DWIDTH 10 0
BBX 4 11 3 1
BITMAP
90
D0
10
10
10
10
10
10
10
10
10
ENDCHAR
STARTCHAR A709
ENCODING 42761
SWIDTH 600 0
DWIDTH 10 0
BBX 4 12 3 0
BITMAP
10
10
10
90
D0
10
10
10
10
10
10
10
ENDCHAR
STARTCHAR A70A
ENCODING 42762
SWIDTH 600 0
DWIDTH 10 0
BBX 4 12 3 0
BITMAP
10
10
10
10
10
90
D0
10
10
10
10
10
ENDCHAR
STARTCHAR A70B
ENCODING 42763
SWIDTH 600 0
DWIDTH 10 0
BBX 4 11 3 0
BITMAP
10
10
10
10
10
10
10
90
D0
10
10
ENDCHAR
STARTCHAR A70C
ENCODING 42764
SWIDTH 600 0
DWIDTH 10 0
BBX 4 12 3 0
BITMAP
10
10
10
10
10
10
10
10
10
10
90
D0
ENDCHAR
STARTCHAR A70D
ENCODING 42765
SWIDTH 600 0
DWIDTH 10 0
BBX 4 11 3 1
BITMAP
90
B0
80
80
80
80
80
80
80
80
80
ENDCHAR
STARTCHAR A70E
ENCODING 42766
SWIDTH 600 0
DWIDTH 10 0
BBX 4 12 3 0
BITMAP
80
80
80
90
B0
80
80
80
80
80
80
80
ENDCHAR
STARTCHAR A70F
ENCODING 42767
SWIDTH 600 0
DWIDTH 10 0
BBX 4 12 3 0
BITMAP
80
80
80
80
80
90
B0
80
80
80
80
80
ENDCHAR
STARTCHAR A710
ENCODING 42768
SWIDTH 600 0
DWIDTH 10 0
BBX 4 11 3 0
BITMAP
80
80
80
80
80
80
80
90
B0
80
80
ENDCHAR
STARTCHAR A711
ENCODING 42769
SWIDTH 600 0
DWIDTH 10 0
BBX 4 12 3 0
BITMAP
80
80
80
80
80
80
80
80
80
80
90
B0
ENDCHAR
STARTCHAR A712
ENCODING 42770
SWIDTH 600 0
DWIDTH 10 0
BBX 5 12 3 0
BITMAP
F8
C0
C0
C0
C0
C0
C0
C0
C0
C0
C0
C0
ENDCHAR
STARTCHAR A713
ENCODING 42771
SWIDTH 600 0
DWIDTH 10 0
BBX 5 12 3 0
BITMAP
C0
C0
C0
F8
C0
C0
C0
C0
C0
C0
C0
C0
ENDCHAR
STARTCHAR A714
ENCODING 42772
SWIDTH 600 0
DWIDTH 10 0
BBX 5 12 3 0
BITMAP
C0
C0
C0
C0
C0
F8
C0
C0
C0
C0
C0
C0
ENDCHAR
STARTCHAR A715
ENCODING 42773
SWIDTH 600 0
DWIDTH 10 0
BBX 5 11 3 0
BITMAP
C0
C0
C0
C0
C0
C0
C0
F8
C0
C0
C0
ENDCHAR
STARTCHAR A716
ENCODING 42774
SWIDTH 600 0
DWIDTH 10 0
BBX 5 11 3 0
BITMAP
C0
C0
C0
C0
C0
C0
C0
C0
C0
C0
F8
ENDCHAR
STARTCHAR A717
ENCODING 42775
SWIDTH 600 0
DWIDTH 10 0
BBX 4 5 3 11
BITMAP
10
10
D0
D0
10
ENDCHAR
STARTCHAR A718
ENCODING 42776
SWIDTH 600 0
DWIDTH 10 0
BBX 4 5 3 9
BITMAP
80
90
20
40
80
ENDCHAR
STARTCHAR A719
ENCODING 42777
SWIDTH 600 0
DWIDTH 10 0
BBX 4 4 3 10
BITMAP
60
60
00
F0
ENDCHAR
STARTCHAR A71A
ENCODING 42778
SWIDTH 600 0
DWIDTH 10 0
BBX 4 3 3 10
BITMAP
10
10
F0
ENDCHAR
STARTCHAR A71B
ENCODING 42779
SWIDTH 600 0
DWIDTH 10 0
BBX 6 5 2 10
BITMAP
30
78
FC
30
30
ENDCHAR
STARTCHAR A71C
ENCODING 42780
SWIDTH 600 0
DWIDTH 10 0
BBX 6 5 2 10
BITMAP
30
30
FC
78
30
ENDCHAR
STARTCHAR A71D
ENCODING 42781
SWIDTH 600 0
DWIDTH 10 0
BBX 2 9 4 5
BITMAP
C0
C0
C0
C0
C0
40
00
C0
C0
ENDCHAR
STARTCHAR A71E
ENCODING 42782
SWIDTH 600 0
DWIDTH 10 0
BBX 2 9 4 5
BITMAP
C0
C0
00
80
C0
C0
C0
C0
C0
ENDCHAR
STARTCHAR A71F
ENCODING 42783
SWIDTH 600 0
DWIDTH 10 0
BBX 2 9 4 2
BITMAP
C0
C0
00
80
C0
C0
C0
C0
C0
ENDCHAR
STARTCHAR A720
ENCODING 42784
SWIDTH 600 0
DWIDTH 10 0
BBX 6 4 2 8
BITMAP
80
F0
AC
A0
ENDCHAR
STARTCHAR A721
ENCODING 42785
SWIDTH 600 0
DWIDTH 10 0
BBX 6 5 2 0
BITMAP
80
A0
E0
38
04
ENDCHAR
STARTCHAR A722
ENCODING 42786
SWIDTH 600 0
DWIDTH 10 0
BBX 6 12 2 0
BITMAP
F8
0C
04
0C
78
00
00
F0
08
08
08
70
ENDCHAR
STARTCHAR A723
ENCODING 42787
SWIDTH 600 0
DWIDTH 10 0
BBX 5 10 2 0
BITMAP
F8
08
08
78
00
00
70
08
08
70
ENDCHAR
STARTCHAR A724
ENCODING 42788
SWIDTH 600 0
DWIDTH 10 0
BBX 6 7 2 5
BITMAP
3C
60
C0
80
C0
60
38
ENDCHAR
STARTCHAR A725
ENCODING 42789
SWIDTH 600 0
DWIDTH 10 0
BBX 6 7 2 2
BITMAP
3C
60
40
C0
40
60
38
ENDCHAR
STARTCHAR A726
ENCODING 42790
SWIDTH 600 0
DWIDTH 10 0
BBX 8 15 1 -3
BITMAP
C3
C3
C3
C3
C3
FF
C3
C3
C3
C3
C3
C3
03
03
06
ENDCHAR
STARTCHAR A727
ENCODING 42791
SWIDTH 600 0
DWIDTH 10 0
BBX 8 17 1 -4
BITMAP
C0
C0
C0
C0
DE
E6
C3
C3
C3
C3
C3
C3
C3
03
03
03
0E
ENDCHAR
STARTCHAR A728
ENCODING 42792
SWIDTH 1200 0
DWIDTH 20 0
BBX 15 16 2 -4
BITMAP
FF80
0800
0800
0800
0FFC
080C
0818
0830
0860
0878
080C
0806
0006
0006
010C
01F8
ENDCHAR
STARTCHAR A729
ENCODING 42793
SWIDTH 1200 0
DWIDTH 20 0
BBX 17 15 1 -4
BITMAP
180000
180000
FFFF80
180180
180300
180600
180C00
181F00
180180
180080
0F0080
000080
000080
002380
003E00
ENDCHAR
STARTCHAR A72A
ENCODING 42794
SWIDTH 600 0
DWIDTH 10 0
BBX 8 12 1 0
BITMAP
1F
31
40
70
18
1E
70
C0
C0
C0
61
3F
ENDCHAR
STARTCHAR A72B
ENCODING 42795
SWIDTH 600 0
DWIDTH 10 0
BBX 8 13 1 0
BITMAP
1E
33
40
60
18
0C
3E
60
C0
C0
C0
61
3F
ENDCHAR
STARTCHAR A72C
ENCODING 42796
SWIDTH 600 0
DWIDTH 10 0
BBX 7 12 1 0
BITMAP
06
0A
1A
12
22
62
C2
FE
02
02
06
1C
ENDCHAR
STARTCHAR A72D
ENCODING 42797
SWIDTH 600 0
DWIDTH 10 0
BBX 7 13 1 -4
BITMAP
06
0E
0A
12
32
22
42
82
FE
02
02
06
1C
ENDCHAR
STARTCHAR A72E
ENCODING 42798
SWIDTH 600 0
DWIDTH 10 0
BBX 10 12 0 0
BITMAP
0600
0E00
0A00
1200
3200
2200
4200
FF80
0200
02C0
0680
1C80
ENDCHAR
STARTCHAR A72F
ENCODING 42799
SWIDTH 600 0
DWIDTH 10 0
BBX 10 13 0 -4
BITMAP
0600
0600
0A00
1200
1200
2200
6200
4200
FFC0
0200
02C0
0680
1C80
ENDCHAR
STARTCHAR A730
ENCODING 42800
SWIDTH 600 0
DWIDTH 10 0
BBX 6 9 2 0
BITMAP
FC
C0
C0
C0
F8
C0
C0
C0
C0
ENDCHAR
STARTCHAR A731
ENCODING 42801
SWIDTH 600 0
DWIDTH 10 0
BBX 6 9 2 0
BITMAP
7C
C4
80
E0
38
0C
04
8C
F8
ENDCHAR
STARTCHAR A732
ENCODING 42802
SWIDTH 1200 0
DWIDTH 20 0
BBX 18 12 1 0
BITMAP
0C0C00
1C0E00
140A00
161A00
361B00
221100
223100
7F3F80
612180
412080
C1E0C0
C0C0C0
ENDCHAR
STARTCHAR A733
ENCODING 42803
SWIDTH 600 0
DWIDTH 10 0
BBX 10 9 0 0
BITMAP
7F80
4C80
0C80
0CC0
7FC0
CCC0
CCC0
CCC0
77C0
ENDCHAR
STARTCHAR A734
ENCODING 42804
SWIDTH 1200 0
DWIDTH 20 0
BBX 16 12 2 0
BITMAP
0C78
1CCE
1582
1783
3303
2303
2303
7F03
4182
4182
C0CC
8078
ENDCHAR
STARTCHAR A735
ENCODING 42805
SWIDTH 600 0
DWIDTH 10 0
BBX 10 9 0 0
BITMAP
7B80
4C80
0CC0
0CC0
7CC0
CCC0
CCC0
CC80
7380
ENDCHAR
STARTCHAR A736
ENCODING 42806
SWIDTH 1200 0
DWIDTH 20 0
BBX 14 12 3 0
BITMAP
1804
1804
1C04
3404
2404
2604
6204
7E04
4304
C104
818C
80F8
ENDCHAR
STARTCHAR A737
ENCODING 42807
SWIDTH 600 0
DWIDTH 10 0
BBX 10 9 0 0
BITMAP
78C0
48C0
0CC0
0CC0
7CC0
CCC0
CCC0
CCC0
77C0
ENDCHAR
STARTCHAR A738
ENCODING 42808
SWIDTH 1200 0
DWIDTH 20 0
BBX 14 12 3 0
BITMAP
0C04
0E0C
1E0C
1208
1318
3118
2110
3FB0
60A0
40A0
C0A0
C040
ENDCHAR
STARTCHAR A739
ENCODING 42809
SWIDTH 600 0
DWIDTH 10 0
BBX 10 9 0 0
BITMAP
78C0
4C80
0480
0580
7D00
C500
C600
CE00
7600
ENDCHAR
STARTCHAR A73A
ENCODING 42810
SWIDTH 1200 0
DWIDTH 20 0
BBX 14 12 3 0
BITMAP
0C0C
0C08
1E08
1A18
1210
3310
3FFC
2120
61A0
60A0
40C0
C0C0
ENDCHAR
STARTCHAR A73B
ENCODING 42811
SWIDTH 600 0
DWIDTH 10 0
BBX 10 9 0 0
BITMAP
78C0
4C80
0580
0780
7D00
C700
C600
CE00
7600
ENDCHAR
STARTCHAR A73C
ENCODING 42812
SWIDTH 1200 0
DWIDTH 20 0
BBX 14 16 3 -4
BITMAP
0C04
0E0C
1E0C
1208
1318
3118
2110
3FB0
60A0
40A0
C0E0
C040
00C0
00C0
0980
0F00
ENDCHAR
STARTCHAR A73D
ENCODING 42813
SWIDTH 600 0
DWIDTH 10 0
BBX 10 13 0 -4
BITMAP
78C0
4C80
0480
0580
7D00
C500
C600
CE00
7600
0400
0400
0C00
3800
ENDCHAR
STARTCHAR A73E
ENCODING 42814
SWIDTH 600 0
DWIDTH 10 0
BBX 8 12 1 0
BITMAP
F8
8C
06
03
03
33
33
03
03
02
8E
F8
ENDCHAR
STARTCHAR A73F
ENCODING 42815
SWIDTH 600 0
DWIDTH 10 0
BBX 7 9 2 0
BITMAP
F8
8C
04
66
66
06
04
8C
F8
ENDCHAR
STARTCHAR A740
ENCODING 42816
SWIDTH 600 0
DWIDTH 10 0
BBX 9 12 0 0
BITMAP
6180
6300
F200
6600
6C00
7800
7C00
6400
6600
6300
6300
6180
ENDCHAR
STARTCHAR A741
ENCODING 42817
SWIDTH 600 0
DWIDTH 10 0
BBX 10 13 0 0
BITMAP
2000
2000
FC00
2000
2180
2300
2600
2C00
2C00
3600
2300
2100
21C0
ENDCHAR
STARTCHAR A742
ENCODING 42818
SWIDTH 600 0
DWIDTH 10 0
BBX 8 12 1 0
BITMAP
C3
C6
CC
C8
D8
F0
FA
CB
CC
CE
D2
C3
ENDCHAR
STARTCHAR A743
ENCODING 42819
SWIDTH 600 0
DWIDTH 10 0
BBX 8 13 2 0
BITMAP
80
80
80
80
86
8C
98
B0
B6
DC
9C
B4
87
ENDCHAR
STARTCHAR A744
ENCODING 42820
SWIDTH 600 0
DWIDTH 10 0
BBX 9 12 0 0
BITMAP
6180
6300
F200
6600
6C00
7800
7C00
6580
6700
6700
6F00
6180
ENDCHAR
STARTCHAR A745
ENCODING 42821
SWIDTH 600 0
DWIDTH 10 0
BBX 10 13 0 0
BITMAP
2000
2000
FC00
2000
2180
2300
2600
2C00
2D80
3700
2700
2D00
21C0
ENDCHAR
STARTCHAR A746
ENCODING 42822
SWIDTH 600 0
DWIDTH 10 0
BBX 7 12 2 0
BITMAP
80
80
80
80
E0
E0
60
60
60
60
60
7E
ENDCHAR
STARTCHAR A747
ENCODING 42823
SWIDTH 600 0
DWIDTH 10 0
BBX 10 13 0 0
BITMAP
F800
0800
0800
0800
0800
0E00
0E00
0600
0600
0600
0600
0600
3FC0
ENDCHAR
STARTCHAR A748
ENCODING 42824
SWIDTH 600 0
DWIDTH 10 0
BBX 8 12 1 0
BITMAP
20
20
F8
20
20
20
20
20
20
20
20
3F
ENDCHAR
STARTCHAR A749
ENCODING 42825
SWIDTH 600 0
DWIDTH 10 0
BBX 8 13 1 0
BITMAP
F8
18
18
7E
18
18
18
18
18
18
18
18
FF
ENDCHAR
STARTCHAR A74A
ENCODING 42826
SWIDTH 600 0
DWIDTH 10 0
BBX 10 12 0 0
BITMAP
1E00
3300
6180
6080
4080
FFC0
4080
4080
6180
6180
3300
1E00
ENDCHAR
STARTCHAR A74B
ENCODING 42827
SWIDTH 600 0
DWIDTH 10 0
BBX 10 9 0 0
BITMAP
1E00
3300
6180
6180
FFC0
4080
6180
3300
1E00
ENDCHAR
STARTCHAR A74C
ENCODING 42828
SWIDTH 600 0
DWIDTH 10 0
BBX 12 12 1 0
BITMAP
3CE0
6730
C310
C310
81E0
8100
8100
8100
C300
C300
6600
3C00
ENDCHAR
STARTCHAR A74D
ENCODING 42829
SWIDTH 600 0
DWIDTH 10 0
BBX 10 9 1 0
BITMAP
3DC0
6640
C3C0
8300
8100
8300
C300
6600
3C00
ENDCHAR
STARTCHAR A74E
ENCODING 42830
SWIDTH 1200 0
DWIDTH 20 0
BBX 16 12 2 0
BITMAP
3E7C
63C6
4182
C182
C183
C183
C183
C183
C182
4182
63C6
3E7C
ENDCHAR
STARTCHAR A74F
ENCODING 42831
SWIDTH 1200 0
DWIDTH 20 0
BBX 14 9 3 0
BITMAP
3CF0
C78C
8304
8304
8304
8304
8304
C78C
3CF0
ENDCHAR
STARTCHAR A750
ENCODING 42832
SWIDTH 600 0
DWIDTH 10 0
BBX 9 12 0 0
BITMAP
3F00
2380
2180
2080
2180
2180
3F00
2000
2000
F800
2000
2000
ENDCHAR
STARTCHAR A751
ENCODING 42833
SWIDTH 600 0
DWIDTH 10 0
BBX 9 13 0 -4
BITMAP
6E00
7300
6180
6180
6080
6180
6180
7300
6E00
6000
FC00
6000
6000
ENDCHAR
STARTCHAR A752
ENCODING 42834
SWIDTH 600 0
DWIDTH 10 0
BBX 9 12 0 0
BITMAP
1F00
1180
1180
1080
1180
1180
7F00
9000
9000
1000
1000
1000
ENDCHAR
STARTCHAR A753
ENCODING 42835
SWIDTH 600 0
DWIDTH 10 0
BBX 9 13 0 -4
BITMAP
1700
1980
1180
1080
1080
1080
1180
7100
DF00
9000
1000
1000
1000
ENDCHAR
STARTCHAR A754
ENCODING 42836
SWIDTH 600 0
DWIDTH 10 0
BBX 10 12 0 0
BITMAP
CF00
6980
6880
68C0
6880
6880
3F00
0800
0800
0800
0800
0800
ENDCHAR
STARTCHAR A755
ENCODING 42837
SWIDTH 600 0
DWIDTH 10 0
BBX 10 13 0 -4
BITMAP
CB80
6C80
6CC0
68C0
68C0
68C0
68C0
3980
1F00
0800
0800
0800
0800
ENDCHAR
STARTCHAR A756
ENCODING 42838
SWIDTH 600 0
DWIDTH 10 0
BBX 9 15 1 -3
BITMAP
3C00
6600
C300
C300
8100
8100
8100
8100
C300
C300
6600
3C00
0780
0E00
1B00
ENDCHAR
STARTCHAR A757
ENCODING 42839
SWIDTH 600 0
DWIDTH 10 0
BBX 9 13 1 -4
BITMAP
3B00
6700
C300
C300
8300
C300
C300
6700
3B00
0300
1F80
0300
0300
ENDCHAR
STARTCHAR A758
ENCODING 42840
SWIDTH 600 0
DWIDTH 10 0
BBX 11 16 1 -4
BITMAP
3C00
6600
C300
C300
8100
8100
8140
8120
C320
C320
6640
3D80
0600
0E00
1300
2000
ENDCHAR
STARTCHAR A759
ENCODING 42841
SWIDTH 600 0
DWIDTH 10 0
BBX 11 13 1 -4
BITMAP
3B40
6720
C320
C320
8340
C380
C380
6700
3B00
0300
0700
0B00
0B00
ENDCHAR
STARTCHAR A75A
ENCODING 42842
SWIDTH 600 0
DWIDTH 10 0
BBX 7 12 2 0
BITMAP
F8
0C
04
06
04
0C
78
18
08
0C
06
06
ENDCHAR
STARTCHAR A75B
ENCODING 42843
SWIDTH 600 0
DWIDTH 10 0
BBX 7 9 1 0
BITMAP
FC
06
06
06
3C
08
0C
06
02
ENDCHAR
STARTCHAR A75C
ENCODING 42844
SWIDTH 600 0
DWIDTH 10 0
BBX 9 14 1 -2
BITMAP
7C00
C600
0200
0200
0600
0600
0C00
1800
3200
6200
C200
FF80
0200
0200
ENDCHAR
STARTCHAR A75D
ENCODING 42845
SWIDTH 600 0
DWIDTH 10 0
BBX 8 11 1 -2
BITMAP
70
98
08
08
18
36
66
C6
FF
06
06
ENDCHAR
STARTCHAR A75E
ENCODING 42846
SWIDTH 600 0
DWIDTH 10 0
BBX 10 14 0 -1
BITMAP
0200
C2C0
4480
6580
2500
2900
3B00
3B00
1A00
1A00
1E00
1C00
2C00
2000
ENDCHAR
STARTCHAR A75F
ENCODING 42847
SWIDTH 600 0
DWIDTH 10 0
BBX 8 12 1 -1
BITMAP
08
08
91
D3
52
66
66
24
7C
78
58
80
ENDCHAR
STARTCHAR A760
ENCODING 42848
SWIDTH 600 0
DWIDTH 10 0
BBX 10 16 0 -4
BITMAP
C0C0
4080
4080
4C80
4C80
4C80
5E80
5280
7280
7380
3380
2100
0100
0100
0300
1E00
ENDCHAR
STARTCHAR A761
ENCODING 42849
SWIDTH 600 0
DWIDTH 10 0
BBX 10 13 0 -4
BITMAP
CCC0
CCC0
4C80
5E80
5280
5280
7300
3300
3100
0100
0200
0200
0C00
ENDCHAR
STARTCHAR A762
ENCODING 42850
SWIDTH 600 0
DWIDTH 10 0
BBX 8 17 1 -4
BITMAP
78
C8
80
80
C0
7E
06
0C
18
30
3C
07
03
01
03
86
FC
ENDCHAR
STARTCHAR A763
ENCODING 42851
SWIDTH 600 0
DWIDTH 10 0
BBX 8 16 1 -4
BITMAP
78
48
C0
C0
C0
7E
04
08
30
3C
06
03
03
03
86
FC
ENDCHAR
STARTCHAR A764
ENCODING 42852
SWIDTH 600 0
DWIDTH 10 0
BBX 9 12 0 0
BITMAP
2400
3C00
3000
FE00
2380
2180
2080
2180
2180
3F00
2000
2000
ENDCHAR
STARTCHAR A765
ENCODING 42853
SWIDTH 600 0
DWIDTH 10 0
BBX 9 17 0 -4
BITMAP
6000
6400
7800
7000
EE00
F300
6180
6180
6080
6180
6180
7300
6E00
6000
6000
6000
6000
ENDCHAR
STARTCHAR A766
ENCODING 42854
SWIDTH 600 0
DWIDTH 10 0
BBX 9 12 0 0
BITMAP
2000
2000
3F00
2380
2180
2080
2180
2180
3F00
2000
F800
2000
ENDCHAR
STARTCHAR A767
ENCODING 42855
SWIDTH 600 0
DWIDTH 10 0
BBX 9 17 0 -4
BITMAP
6000
6000
6000
6000
6E00
7300
6180
6180
6080
6180
6180
7300
6E00
6000
FC00
6000
6000
ENDCHAR
STARTCHAR A768
ENCODING 42856
SWIDTH 600 0
DWIDTH 10 0
BBX 8 16 1 -4
BITMAP
C1
C3
C6
C6
CC
CC
D8
D0
F0
E0
E0
C0
C0
C0
C0
C0
ENDCHAR
STARTCHAR A769
ENCODING 42857
SWIDTH 600 0
DWIDTH 10 0
BBX 8 13 2 -4
BITMAP
83
86
8C
98
90
B0
E0
C0
80
80
80
80
80
ENDCHAR
STARTCHAR A76A
ENCODING 42858
SWIDTH 600 0
DWIDTH 10 0
BBX 8 12 1 0
BITMAP
7C
C6
03
03
06
78
06
03
03
03
86
FC
ENDCHAR
STARTCHAR A76B
ENCODING 42859
SWIDTH 600 0
DWIDTH 10 0
BBX 8 13 1 -4
BITMAP
3C
46
02
02
02
06
38
06
02
03
02
86
7C
ENDCHAR
STARTCHAR A76C
ENCODING 42860
SWIDTH 600 0
DWIDTH 10 0
BBX 8 12 1 0
BITMAP
0E
1B
11
13
FE
10
10
10
10
10
30
E0
ENDCHAR
STARTCHAR A76D
ENCODING 42861
SWIDTH 600 0
DWIDTH 10 0
BBX 8 16 1 -4
BITMAP
0E
1B
11
11
13
FE
10
10
10
10
10
10
10
10
30
E0
ENDCHAR
STARTCHAR A76E
ENCODING 42862
SWIDTH 600 0
DWIDTH 10 0
BBX 8 12 1 0
BITMAP
3C
46
C3
81
81
C1
79
01
03
02
0E
38
ENDCHAR
STARTCHAR A76F
ENCODING 42863
SWIDTH 600 0
DWIDTH 10 0
BBX 8 13 1 -4
BITMAP
3C
66
C3
83
81
81
C1
79
03
03
06
0C
38
ENDCHAR
STARTCHAR A770
ENCODING 42864
SWIDTH 600 0
DWIDTH 10 0
BBX 6 8 2 2
BITMAP
78
88
84
84
74
08
08
30
ENDCHAR
STARTCHAR A771
ENCODING 42865
SWIDTH 600 0
DWIDTH 10 0
BBX 10 15 0 -2
BITMAP
0C00
0C00
0C00
0C00
3C00
4C00
4C00
4C00
CC00
4C80
4C80
6D00
37C0
0200
0600
ENDCHAR
STARTCHAR A772
ENCODING 42866
SWIDTH 600 0
DWIDTH 10 0
BBX 8 15 1 -2
BITMAP
F8
18
18
18
18
18
18
18
18
19
1B
1A
FF
04
0C
ENDCHAR
STARTCHAR A773
ENCODING 42867
SWIDTH 1200 0
DWIDTH 20 0
BBX 18 11 1 -2
BITMAP
DE7000
E29800
C30C00
C30C00
C30C00
C30C80
C30C80
C30D00
C30FC0
000200
000600
ENDCHAR
STARTCHAR A774
ENCODING 42868
SWIDTH 600 0
DWIDTH 10 0
BBX 8 11 1 -2
BITMAP
F0
D8
88
88
88
89
8B
8A
8F
04
0C
ENDCHAR
STARTCHAR A775
ENCODING 42869
SWIDTH 600 0
DWIDTH 10 0
BBX 7 12 2 0
BITMAP
06
04
04
BE
E8
C8
D8
C0
C0
C0
C0
C0
ENDCHAR
STARTCHAR A776
ENCODING 42870
SWIDTH 600 0
DWIDTH 10 0
BBX 9 11 1 -2
BITMAP
F800
8C00
8C00
8800
F800
B100
9900
8A00
8F80
0600
0C00
ENDCHAR
STARTCHAR A777
ENCODING 42871
SWIDTH 600 0
DWIDTH 10 0
BBX 10 12 0 0
BITMAP
0380
26C0
26C0
FF80
6600
6600
6600
6600
6600
6600
6600
3E00
ENDCHAR
STARTCHAR A778
ENCODING 42872
SWIDTH 600 0
DWIDTH 10 0
BBX 8 12 1 0
BITMAP
3C
66
C6
46
6C
38
3E
62
C3
03
06
FC
ENDCHAR
STARTCHAR A779
ENCODING 42873
SWIDTH 600 0
DWIDTH 10 0
BBX 9 12 0 0
BITMAP
FE00
3300
6180
6180
4080
4080
4080
4080
6180
6180
3300
1E00
ENDCHAR
STARTCHAR A77A
ENCODING 42874
SWIDTH 600 0
DWIDTH 10 0
BBX 8 12 1 0
BITMAP
C0
60
30
1C
3E
67
C3
81
81
C3
66
3C
ENDCHAR
STARTCHAR A77B
ENCODING 42875
SWIDTH 600 0
DWIDTH 10 0
BBX 8 15 1 -3
BITMAP
DF
F1
E0
C0
C0
C0
FF
C0
C0
C0
C0
C0
C0
C0
C0
ENDCHAR
STARTCHAR A77C
ENCODING 42876
SWIDTH 600 0
DWIDTH 10 0
BBX 8 13 1 -4
BITMAP
CF
F1
E0
C0
C0
C0
C0
C0
FF
C0
C0
C0
C0
ENDCHAR
STARTCHAR A77D
ENCODING 42877
SWIDTH 600 0
DWIDTH 10 0
BBX 8 12 1 0
BITMAP
FE
30
20
30
1C
76
C3
C3
C3
C3
66
3C
ENDCHAR
STARTCHAR A77E
ENCODING 42878
SWIDTH 600 0
DWIDTH 10 0
BBX 8 12 1 0
BITMAP
3C
66
C3
C3
C3
C3
66
38
0C
04
0C
7F
ENDCHAR
STARTCHAR A77F
ENCODING 42879
SWIDTH 600 0
DWIDTH 10 0
BBX 8 13 1 0
BITMAP
3C
66
C3
81
81
C3
C3
7E
18
0C
18
60
FF
ENDCHAR
STARTCHAR A780
ENCODING 42880
SWIDTH 600 0
DWIDTH 10 0
BBX 7 12 1 0
BITMAP
FE
02
02
02
02
02
02
02
02
02
02
02
ENDCHAR
STARTCHAR A781
ENCODING 42881
SWIDTH 600 0
DWIDTH 10 0
BBX 8 13 1 -4
BITMAP
FF
10
10
10
10
10
10
10
10
10
10
10
1F
ENDCHAR
STARTCHAR A782
ENCODING 42882
SWIDTH 600 0
DWIDTH 10 0
BBX 9 15 1 -3
BITMAP
BC00
E600
C200
C200
C200
C200
C200
C200
C200
C200
C200
C380
C000
C000
C000
ENDCHAR
STARTCHAR A783
ENCODING 42883
SWIDTH 600 0
DWIDTH 10 0
BBX 9 13 1 -4
BITMAP
DC00
E600
C600
C600
C600
C600
C600
C200
C380
C000
C000
C000
C000
ENDCHAR
STARTCHAR A784
ENCODING 42884
SWIDTH 600 0
DWIDTH 10 0
BBX 8 15 1 -3
BITMAP
DF
F1
E0
C0
C0
C0
C0
C0
C0
C0
C0
C0
C0
C0
C0
ENDCHAR
STARTCHAR A785
ENCODING 42885
SWIDTH 600 0
DWIDTH 10 0
BBX 8 13 1 -4
BITMAP
CF
F1
E0
C0
C0
C0
C0
C0
C0
C0
C0
C0
C0
ENDCHAR
STARTCHAR A786
ENCODING 42886
SWIDTH 600 0
DWIDTH 10 0
BBX 8 12 1 0
BITMAP
FF
30
60
C0
C0
80
80
80
C0
40
71
1F
ENDCHAR
STARTCHAR A787
ENCODING 42887
SWIDTH 600 0
DWIDTH 10 0
BBX 8 9 1 0
BITMAP
FF
30
60
40
40
40
60
31
1E
ENDCHAR
STARTCHAR A788
ENCODING 42888
SWIDTH 600 0
DWIDTH 10 0
BBX 6 3 2 -4
BITMAP
30
78
CC
ENDCHAR
STARTCHAR A789
ENCODING 42889
SWIDTH 600 0
DWIDTH 10 0
BBX 2 7 4 2
BITMAP
C0
C0
00
00
00
C0
C0
ENDCHAR
STARTCHAR A78A
ENCODING 42890
SWIDTH 600 0
DWIDTH 10 0
BBX 6 4 2 3
BITMAP
FC
00
00
FC
ENDCHAR
STARTCHAR A78B
ENCODING 42891
SWIDTH 600 0
DWIDTH 10 0
BBX 2 8 4 4
BITMAP
C0
C0
C0
C0
C0
C0
C0
80
ENDCHAR
STARTCHAR A78C
ENCODING 42892
SWIDTH 600 0
DWIDTH 10 0
BBX 2 5 4 7
BITMAP
C0
C0
C0
C0
C0
ENDCHAR
STARTCHAR A78D
ENCODING 42893
SWIDTH 600 0
DWIDTH 10 0
BBX 8 12 1 0
BITMAP
C3
C3
C3
C3
C3
FF
03
03
03
03
03
03
ENDCHAR
STARTCHAR A78E
ENCODING 42894
SWIDTH 600 0
DWIDTH 10 0
BBX 8 15 1 -2
BITMAP
18
18
18
18
78
98
98
7E
18
18
18
18
18
08
0F
ENDCHAR
STARTCHAR A78F
ENCODING 42895
SWIDTH 600 0
DWIDTH 10 0
BBX 2 3 4 4
BITMAP
C0
C0
C0
ENDCHAR
STARTCHAR A790
ENCODING 42896
SWIDTH 600 0
DWIDTH 10 0
BBX 8 15 1 -3
BITMAP
C3
E3
A3
F3
D3
DB
CB
CB
CF
C7
C7
C3
03
03
03
ENDCHAR
STARTCHAR A791
ENCODING 42897
SWIDTH 600 0
DWIDTH 10 0
BBX 9 12 1 -3
BITMAP
DE00
E200
C300
C300
C300
C300
C300
C300
C380
0180
0180
0180
ENDCHAR
STARTCHAR A792
ENCODING 42898
SWIDTH 600 0
DWIDTH 10 0
BBX 9 12 0 0
BITMAP
0F80
3880
2000
6000
6000
FC00
6000
6000
2000
3000
1880
0F80
ENDCHAR
STARTCHAR A793
ENCODING 42899
SWIDTH 600 0
DWIDTH 10 0
BBX 8 9 1 0
BITMAP
1F
31
20
60
FC
60
20
31
1F
ENDCHAR
STARTCHAR A794
ENCODING 42900
SWIDTH 600 0
DWIDTH 10 0
BBX 7 12 1 -3
BITMAP
3E
62
40
C0
C0
C0
40
62
3E
02
02
0E
ENDCHAR
STARTCHAR A795
ENCODING 42901
SWIDTH 600 0
DWIDTH 10 0
BBX 8 16 1 -3
BITMAP
C0
C0
C0
C0
DE
E6
C3
C3
C3
C3
C3
C3
C3
03
03
0E
ENDCHAR
STARTCHAR A796
ENCODING 42902
SWIDTH 600 0
DWIDTH 10 0
BBX 10 12 0 0
BITMAP
1F00
1180
1080
1080
1180
7E00
D180
D0C0
10C0
10C0
1180
1F00
ENDCHAR
STARTCHAR A797
ENCODING 42903
SWIDTH 600 0
DWIDTH 10 0
BBX 8 15 1 -2
BITMAP
10
10
10
10
3C
76
53
D1
D1
91
93
9B
DE
C0
70
ENDCHAR
STARTCHAR A798
ENCODING 42904
SWIDTH 600 0
DWIDTH 10 0
BBX 9 12 0 0
BITMAP
3F80
2000
2000
F800
2000
2000
3F00
2000
2000
2000
2000
2000
ENDCHAR
STARTCHAR A799
ENCODING 42905
SWIDTH 600 0
DWIDTH 10 0
BBX 9 13 1 0
BITMAP
0F80
1880
1800
1800
FF00
1800
1800
7C00
1800
1800
1800
1800
1800
ENDCHAR
STARTCHAR A79A
ENCODING 42906
SWIDTH 600 0
DWIDTH 10 0
BBX 8 12 1 0
BITMAP
79
47
C3
C3
43
3B
C3
83
83
83
C7
79
ENDCHAR
STARTCHAR A79B
ENCODING 42907
SWIDTH 600 0
DWIDTH 10 0
BBX 8 9 1 0
BITMAP
7B
C7
C3
43
33
C3
83
C7
7B
ENDCHAR
STARTCHAR A79C
ENCODING 42908
SWIDTH 600 0
DWIDTH 10 0
BBX 8 12 1 0
BITMAP
7C
46
C3
C3
41
39
C1
81
83
83
C6
7C
ENDCHAR
STARTCHAR A79D
ENCODING 42909
SWIDTH 600 0
DWIDTH 10 0
BBX 8 9 1 0
BITMAP
7C
C6
83
C3
31
C3
83
C6
7C
ENDCHAR
STARTCHAR A79E
ENCODING 42910
SWIDTH 600 0
DWIDTH 10 0
BBX 8 12 1 0
BITMAP
C3
C3
C3
C3
43
3B
C3
83
83
83
C7
79
ENDCHAR
STARTCHAR A79F
ENCODING 42911
SWIDTH 600 0
DWIDTH 10 0
BBX 8 9 1 0
BITMAP
C3
C3
C3
43
33
C3
83
C7
7B
ENDCHAR
STARTCHAR A7A0
ENCODING 42912
SWIDTH 600 0
DWIDTH 10 0
BBX 10 12 0 0
BITMAP
1F80
3100
2000
63C0
7C00
C000
4780
4180
6180
6180
3180
1F80
ENDCHAR
STARTCHAR A7A1
ENCODING 42913
SWIDTH 600 0
DWIDTH 10 0
BBX 10 13 0 -4
BITMAP
1D80
3380
6180
61C0
5F80
E180
6180
3380
1F80
0180
0180
6300
3E00
ENDCHAR
STARTCHAR A7A2
ENCODING 42914
SWIDTH 600 0
DWIDTH 10 0
BBX 10 12 0 0
BITMAP
6180
6300
6600
6400
6C00
7FC0
FC00
6400
6600
6300
6100
6180
ENDCHAR
STARTCHAR A7A3
ENCODING 42915
SWIDTH 600 0
DWIDTH 10 0
BBX 10 13 0 0
BITMAP
2000
2000
2000
2000
2180
2300
2640
2FC0
FC00
B600
2300
2100
21C0
ENDCHAR
STARTCHAR A7A4
ENCODING 42916
SWIDTH 600 0
DWIDTH 10 0
BBX 10 12 0 0
BITMAP
6180
7180
5180
7980
6980
6FC0
FD80
6580
6780
6380
6380
6180
ENDCHAR
STARTCHAR A7A5
ENCODING 42917
SWIDTH 600 0
DWIDTH 10 0
BBX 10 9 0 0
BITMAP
6F00
7300
6180
61C0
6F80
F180
6180
6180
6180
ENDCHAR
STARTCHAR A7A6
ENCODING 42918
SWIDTH 600 0
DWIDTH 10 0
BBX 10 12 0 0
BITMAP
3E00
2300
2140
3F80
F100
2300
3E00
2600
2200
2300
2180
2080
ENDCHAR
STARTCHAR A7A7
ENCODING 42919
SWIDTH 600 0
DWIDTH 10 0
BBX 10 9 0 0
BITMAP
7BC0
0E40
0C00
08C0
1F00
E800
0800
0800
7F00
ENDCHAR
STARTCHAR A7A8
ENCODING 42920
SWIDTH 600 0
DWIDTH 10 0
BBX 10 12 0 0
BITMAP
1F80
3100
2000
2000
3000
1FC0
FF00
0180
0180
0180
6300
3E00
ENDCHAR
STARTCHAR A7A9
ENCODING 42921
SWIDTH 600 0
DWIDTH 10 0
BBX 10 9 0 0
BITMAP
1F00
3100
2000
33C0
7E00
8300
0100
2300
3E00
ENDCHAR
STARTCHAR A7AA
ENCODING 42922
SWIDTH 600 0
DWIDTH 10 0
BBX 10 12 -1 0
BITMAP
78C0
D8C0
98C0
18C0
18C0
1FC0
18C0
18C0
18C0
18C0
18C0
18C0
ENDCHAR
STARTCHAR A7AB
ENCODING 42923
SWIDTH 600 0
DWIDTH 10 0
BBX 8 12 1 0
BITMAP
7C
C6
03
03
06
78
06
03
03
03
86
FC
ENDCHAR
STARTCHAR A7AC
ENCODING 42924
SWIDTH 600 0
DWIDTH 10 0
BBX 8 16 1 -4
BITMAP
3D
67
C3
C3
83
83
83
83
C3
67
7F
03
03
03
C6
7C
ENDCHAR
STARTCHAR A7AD
ENCODING 42925
SWIDTH 600 0
DWIDTH 10 0
BBX 9 12 0 0
BITMAP
1800
1800
1800
7800
9800
9800
7C00
1800
1800
1800
1800
1F80
ENDCHAR
STARTCHAR A7AE
ENCODING 42926
SWIDTH 600 0
DWIDTH 10 0
BBX 8 12 1 0
BITMAP
FF
18
18
18
18
18
18
18
18
18
18
FF
ENDCHAR
STARTCHAR A7AF
ENCODING 42927
SWIDTH 600 0
DWIDTH 10 0
BBX 8 12 1 -2
BITMAP
3C
66
C3
81
81
81
81
C3
66
3C
06
03
ENDCHAR
STARTCHAR A7B0
ENCODING 42928
SWIDTH 600 0
DWIDTH 10 0
BBX 8 12 1 0
BITMAP
C3
43
63
33
13
1F
0F
1B
13
33
63
C3
ENDCHAR
STARTCHAR A7B1
ENCODING 42929
SWIDTH 600 0
DWIDTH 10 0
BBX 8 12 1 0
BITMAP
18
18
18
18
18
18
18
18
18
18
18
FF
ENDCHAR
STARTCHAR A7B2
ENCODING 42930
SWIDTH 600 0
DWIDTH 10 0
BBX 8 16 1 -4
BITMAP
0C
0C
0C
0C
0C
0C
0C
0C
0C
0C
0C
FC
8C
8E
FA
03
ENDCHAR
STARTCHAR A7B3
ENCODING 42931
SWIDTH 600 0
DWIDTH 10 0
BBX 10 16 0 -4
BITMAP
E0C0
2080
3100
1100
1200
1A00
0C00
0C00
0C00
1C00
1600
3200
2200
6300
4100
C1C0
ENDCHAR
STARTCHAR A7B4
ENCODING 42932
SWIDTH 600 0
DWIDTH 10 0
BBX 7 16 2 -4
BITMAP
F8
8C
86
86
84
F8
84
86
82
86
86
F8
80
80
80
80
ENDCHAR
STARTCHAR A7B5
ENCODING 42933
SWIDTH 600 0
DWIDTH 10 0
BBX 8 17 1 -4
BITMAP
3C
66
C3
C3
C3
C6
D8
C7
C1
C1
C1
E3
FE
C0
C0
C0
C0
ENDCHAR
STARTCHAR A7B6
ENCODING 42934
SWIDTH 600 0
DWIDTH 10 0
BBX 10 12 0 0
BITMAP
3F00
6D80
4080
4080
4080
C0C0
40C0
4C80
4C80
4C80
6D80
3F00
ENDCHAR
STARTCHAR A7B7
ENCODING 42935
SWIDTH 600 0
DWIDTH 10 0
BBX 8 9 1 0
BITMAP
7E
C3
81
81
99
99
99
DB
7E
ENDCHAR
STARTCHAR A7B8
ENCODING 42936
SWIDTH 600 0
DWIDTH 10 0
BBX 10 13 0 0
BITMAP
0040
61C0
6180
6180
6380
6380
6580
6D80
7980
7180
6180
7300
DE00
ENDCHAR
STARTCHAR A7B9
ENCODING 42937
SWIDTH 600 0
DWIDTH 10 0
BBX 9 10 1 -1
BITMAP
C380
C300
C700
CF00
DB00
D300
E300
4700
FB00
8000
ENDCHAR
STARTCHAR A7BA
ENCODING 42938
SWIDTH 600 0
DWIDTH 10 0
BBX 9 12 0 0
BITMAP
6300
1300
1500
6500
0900
0980
1180
1F80
3080
6080
6080
C080
ENDCHAR
STARTCHAR A7BB
ENCODING 42939
SWIDTH 600 0
DWIDTH 10 0
BBX 8 14 1 0
BITMAP
0E
02
02
0C
00
3D
65
43
C2
82
86
86
CE
74
ENDCHAR
STARTCHAR A7BC
ENCODING 42940
SWIDTH 600 0
DWIDTH 10 0
BBX 8 12 1 0
BITMAP
EF
26
24
C4
04
0C
0C
08
08
08
18
3C
ENDCHAR
STARTCHAR A7BD
ENCODING 42941
SWIDTH 600 0
DWIDTH 10 0
BBX 8 14 1 0
BITMAP
0E
02
02
0E
00
3C
04
0C
0C
0C
08
08
18
FF
ENDCHAR
STARTCHAR A7BE
ENCODING 42942
SWIDTH 600 0
DWIDTH 10 0
BBX 10 12 0 0
BITMAP
CCC0
28C0
2880
D880
1980
1180
1180
3100
3100
3300
3200
1C00
ENDCHAR
STARTCHAR A7BF
ENCODING 42943
SWIDTH 600 0
DWIDTH 10 0
BBX 8 14 1 0
BITMAP
0E
02
02
0E
00
61
43
43
42
C2
C6
86
CE
74
ENDCHAR
STARTCHAR A7C0
ENCODING 42944
SWIDTH 600 0
DWIDTH 10 0
BBX 8 16 1 -2
BITMAP
18
18
3C
62
C3
C3
81
81
81
81
C3
C3
62
3C
18
18
ENDCHAR
STARTCHAR A7C1
ENCODING 42945
SWIDTH 600 0
DWIDTH 10 0
BBX 8 12 1 -2
BITMAP
18
18
7E
C3
C3
81
81
C3
C3
7E
18
18
ENDCHAR
STARTCHAR A7C2
ENCODING 42946
SWIDTH 600 0
DWIDTH 10 0
BBX 10 14 0 0
BITMAP
0200
0400
8780
C4C0
C440
4C40
4C80
4F00
4CC0
7440
7440
3440
34C0
3380
ENDCHAR
STARTCHAR A7C3
ENCODING 42947
SWIDTH 600 0
DWIDTH 10 0
BBX 10 11 0 0
BITMAP
0400
0400
C780
C4C0
44C0
4C80
4D00
6CC0
3440
34C0
3380
ENDCHAR
STARTCHAR A7C4
ENCODING 42948
SWIDTH 600 0
DWIDTH 10 0
BBX 8 15 1 -3
BITMAP
1F
31
60
C0
C0
C0
C0
C0
C0
40
71
1F
03
03
06
ENDCHAR
STARTCHAR A7C5
ENCODING 42949
SWIDTH 600 0
DWIDTH 10 0
BBX 8 15 1 -3
BITMAP
3F
62
40
40
60
38
0E
03
03
03
C6
FC
C0
40
70
ENDCHAR
STARTCHAR A7C6
ENCODING 42950
SWIDTH 600 0
DWIDTH 10 0
BBX 6 15 2 -3
BITMAP
FC
04
0C
08
18
10
30
60
40
C0
80
FC
04
04
1C
ENDCHAR
STARTCHAR A7C7
ENCODING 42951
SWIDTH 600 0
DWIDTH 10 0
BBX 8 12 1 0
BITMAP
F8
C6
C3
C3
C1
FF
C1
C1
C3
C2
CE
F8
ENDCHAR
STARTCHAR A7C8
ENCODING 42952
SWIDTH 600 0
DWIDTH 10 0
BBX 8 13 1 0
BITMAP
03
03
03
03
3B
67
C3
C3
FF
83
C3
67
3B
ENDCHAR
STARTCHAR A7C9
ENCODING 42953
SWIDTH 600 0
DWIDTH 10 0
BBX 8 12 1 0
BITMAP
3F
62
40
40
60
FF
0E
03
03
03
C6
7C
ENDCHAR
STARTCHAR A7CA
ENCODING 42954
SWIDTH 600 0
DWIDTH 10 0
BBX 8 9 1 0
BITMAP
3E
62
40
60
FF
0E
02
46
7C
ENDCHAR
STARTCHAR A7D0
ENCODING 42960
SWIDTH 600 0
DWIDTH 10 0
BBX 8 12 1 0
BITMAP
FF
26
62
62
3E
1C
06
C3
C3
C3
66
3C
ENDCHAR
STARTCHAR A7D1
ENCODING 42961
SWIDTH 600 0
DWIDTH 10 0
BBX 8 13 1 -4
BITMAP
FF
26
62
62
26
1C
0E
02
C3
81
C3
66
3C
ENDCHAR
STARTCHAR A7D3
ENCODING 42963
SWIDTH 600 0
DWIDTH 10 0
BBX 8 17 1 -4
BITMAP
C0
C0
C0
C0
DE
E3
C1
C3
FC
C3
C1
E3
DE
C0
C0
C0
C0
ENDCHAR
STARTCHAR A7D5
ENCODING 42965
SWIDTH 600 0
DWIDTH 10 0
BBX 8 13 1 -4
BITMAP
DE
E3
C3
C2
DF
E3
C3
C6
FC
C0
C0
C0
C0
ENDCHAR
STARTCHAR A7D6
ENCODING 42966
SWIDTH 600 0
DWIDTH 10 0
BBX 8 12 1 0
BITMAP
3C
67
46
C4
CC
CC
C6
C3
C1
C1
C3
C0
ENDCHAR
STARTCHAR A7D7
ENCODING 42967
SWIDTH 600 0
DWIDTH 10 0
BBX 8 13 1 0
BITMAP
3C
66
43
C6
CC
CC
C6
C6
C3
C1
C1
C3
C0
ENDCHAR
STARTCHAR A7D8
ENCODING 42968
SWIDTH 600 0
DWIDTH 10 0
BBX 8 12 1 0
BITMAP
3F
62
40
40
60
3C
4E
C3
81
C3
C3
3C
ENDCHAR
STARTCHAR A7D9
ENCODING 42969
SWIDTH 600 0
DWIDTH 10 0
BBX 7 9 1 0
BITMAP
3E
62
60
70
3C
46
C2
46
3C
ENDCHAR
STARTCHAR A7F2
ENCODING 42994
SWIDTH 600 0
DWIDTH 10 0
BBX 6 8 2 4
BITMAP
38
64
40
80
80
40
40
38
ENDCHAR
STARTCHAR A7F3
ENCODING 42995
SWIDTH 600 0
DWIDTH 10 0
BBX 4 7 3 5
BITMAP
F0
80
80
F0
80
80
80
ENDCHAR
STARTCHAR A7F4
ENCODING 42996
SWIDTH 600 0
DWIDTH 10 0
BBX 6 9 2 3
BITMAP
70
48
88
84
84
84
C8
70
08
ENDCHAR
STARTCHAR A7F5
ENCODING 42997
SWIDTH 600 0
DWIDTH 10 0
BBX 8 12 1 0
BITMAP
03
03
03
03
03
FF
03
03
03
03
03
03
ENDCHAR
STARTCHAR A7F6
ENCODING 42998
SWIDTH 600 0
DWIDTH 10 0
BBX 5 9 2 0
BITMAP
08
08
08
08
F8
08
08
08
08
ENDCHAR
STARTCHAR A7F7
ENCODING 42999
SWIDTH 600 0
DWIDTH 10 0
BBX 10 6 0 1
BITMAP
8040
C0C0
FFC0
C0C0
8040
8040
ENDCHAR
STARTCHAR A7F8
ENCODING 43000
SWIDTH 600 0
DWIDTH 10 0
BBX 6 7 2 5
BITMAP
84
FC
84
7C
84
84
84
ENDCHAR
STARTCHAR A7F9
ENCODING 43001
SWIDTH 600 0
DWIDTH 10 0
BBX 6 5 2 5
BITMAP
7C
94
9C
90
7C
ENDCHAR
STARTCHAR A7FA
ENCODING 43002
SWIDTH 600 0
DWIDTH 10 0
BBX 8 9 1 0
BITMAP
DB
DB
DB
DB
DB
DB
DB
DB
FF
ENDCHAR
STARTCHAR A7FB
ENCODING 43003
SWIDTH 600 0
DWIDTH 10 0
BBX 8 12 1 0
BITMAP
FF
03
03
03
03
03
7F
03
03
03
03
03
ENDCHAR
STARTCHAR A7FC
ENCODING 43004
SWIDTH 600 0
DWIDTH 10 0
BBX 7 12 1 0
BITMAP
7E
E2
C2
82
C2
C2
7E
02
02
02
02
02
ENDCHAR
STARTCHAR A7FD
ENCODING 43005
SWIDTH 600 0
DWIDTH 10 0
BBX 8 12 1 0
BITMAP
81
81
81
99
99
99
BD
A5
A5
E7
C3
C3
ENDCHAR
STARTCHAR A7FE
ENCODING 43006
SWIDTH 600 0
DWIDTH 10 0
BBX 6 16 2 0
BITMAP
FC
FC
30
30
30
30
30
30
30
30
30
30
30
30
30
FC
ENDCHAR
STARTCHAR A7FF
ENCODING 43007
SWIDTH 1200 0
DWIDTH 20 0
BBX 20 12 0 0
BITMAP
0C1830
1C3820
143820
142C60
362C40
326440
2244C0
2246C0
634280
61C280
418380
C18300
ENDCHAR
STARTCHAR A92E
ENCODING 43310
SWIDTH 600 0
DWIDTH 10 0
BBX 8 2 1 4
BITMAP
7E
81
ENDCHAR
STARTCHAR AB30
ENCODING 43824
SWIDTH 600 0
DWIDTH 10 0
BBX 10 9 0 0
BITMAP
1D80
3380
6180
6180
FFC0
4180
6180
2380
1CC0
ENDCHAR
STARTCHAR AB31
ENCODING 43825
SWIDTH 600 0
DWIDTH 10 0
BBX 10 9 0 0
BITMAP
7B80
4E40
0C00
0C00
7FC0
CCC0
CCC0
CC80
7380
ENDCHAR
STARTCHAR AB32
ENCODING 43826
SWIDTH 600 0
DWIDTH 10 0
BBX 6 9 2 0
BITMAP
10
38
58
CC
D0
E0
E4
78
30
ENDCHAR
STARTCHAR AB33
ENCODING 43827
SWIDTH 600 0
DWIDTH 10 0
BBX 10 9 0 0
BITMAP
1E00
3300
2180
7F80
6000
FFC0
6000
3080
1F00
ENDCHAR
STARTCHAR AB34
ENCODING 43828
SWIDTH 600 0
DWIDTH 10 0
BBX 10 9 0 0
BITMAP
0700
0D80
0880
08C0
7FC0
D800
8800
6C40
0780
ENDCHAR
STARTCHAR AB35
ENCODING 43829
SWIDTH 600 0
DWIDTH 10 0
BBX 9 12 1 1
BITMAP
0F80
1880
1800
1800
FF00
1800
1800
1800
1800
1800
1800
1800
ENDCHAR
STARTCHAR AB36
ENCODING 43830
SWIDTH 600 0
DWIDTH 10 0
BBX 8 13 1 -4
BITMAP
3D
67
C3
C3
C3
C3
43
7F
03
7B
47
46
3D
ENDCHAR
STARTCHAR AB37
ENCODING 43831
SWIDTH 600 0
DWIDTH 10 0
BBX 8 13 1 0
BITMAP
F8
08
0A
09
09
7E
48
48
28
08
08
08
FF
ENDCHAR
STARTCHAR AB38
ENCODING 43832
SWIDTH 600 0
DWIDTH 10 0
BBX 8 13 1 0
BITMAP
F8
08
08
08
39
4E
08
39
4E
08
08
08
FF
ENDCHAR
STARTCHAR AB39
ENCODING 43833
SWIDTH 600 0
DWIDTH 10 0
BBX 8 13 1 0
BITMAP
F8
08
08
08
3C
2A
2A
2A
3C
08
08
08
FF
ENDCHAR
STARTCHAR AB3A
ENCODING 43834
SWIDTH 600 0
DWIDTH 10 0
BBX 9 9 1 0
BITMAP
B700
D900
9900
9900
9900
9B80
9D80
9D00
9B00
ENDCHAR
STARTCHAR AB3B
ENCODING 43835
SWIDTH 600 0
DWIDTH 10 0
BBX 9 9 1 0
BITMAP
DE00
E300
C300
C300
C300
CF80
CB80
CB00
CE00
ENDCHAR
STARTCHAR AB3C
ENCODING 43836
SWIDTH 600 0
DWIDTH 10 0
BBX 9 13 1 -4
BITMAP
DE00
E200
C300
C300
C300
C300
C300
C300
C300
1F00
1300
1300
0E80
ENDCHAR
STARTCHAR AB3D
ENCODING 43837
SWIDTH 600 0
DWIDTH 10 0
BBX 6 9 2 0
BITMAP
08
38
D8
CC
CC
CC
C8
F0
30
ENDCHAR
STARTCHAR AB3E
ENCODING 43838
SWIDTH 600 0
DWIDTH 10 0
BBX 6 10 2 -1
BITMAP
0C
3C
D8
CC
DC
EC
E8
F0
B0
80
ENDCHAR
STARTCHAR AB3F
ENCODING 43839
SWIDTH 600 0
DWIDTH 10 0
BBX 8 9 1 0
BITMAP
3F
46
07
0B
1B
53
E3
66
FC
ENDCHAR
STARTCHAR AB40
ENCODING 43840
SWIDTH 600 0
DWIDTH 10 0
BBX 10 9 0 0
BITMAP
3B80
4E40
4C00
C400
C7C0
C4C0
4CC0
4E80
3B80
ENDCHAR
STARTCHAR AB41
ENCODING 43841
SWIDTH 600 0
DWIDTH 10 0
BBX 10 9 0 0
BITMAP
7780
9D80
0D80
09C0
FAC0
CAC0
CE80
5C80
7700
ENDCHAR
STARTCHAR AB42
ENCODING 43842
SWIDTH 600 0
DWIDTH 10 0
BBX 10 9 0 0
BITMAP
7700
9C80
0C80
08C0
FFC0
C8C0
CC80
5C80
7700
ENDCHAR
STARTCHAR AB43
ENCODING 43843
SWIDTH 600 0
DWIDTH 10 0
BBX 10 9 0 0
BITMAP
3700
4580
4C80
4C80
CCC0
4C80
4C80
6C80
3F00
ENDCHAR
STARTCHAR AB44
ENCODING 43844
SWIDTH 600 0
DWIDTH 10 0
BBX 10 11 0 -1
BITMAP
0080
3780
4580
4D80
4D80
CEC0
4E80
4E80
6C80
3F00
0400
ENDCHAR
STARTCHAR AB45
ENCODING 43845
SWIDTH 600 0
DWIDTH 10 0
BBX 8 9 1 0
BITMAP
18
18
18
18
7E
C3
C3
C3
C3
ENDCHAR
STARTCHAR AB46
ENCODING 43846
SWIDTH 600 0
DWIDTH 10 0
BBX 9 13 1 -4
BITMAP
FC00
C600
C600
C600
FC00
CC00
C600
C600
C600
0600
0600
0600
0380
ENDCHAR
STARTCHAR AB47
ENCODING 43847
SWIDTH 600 0
DWIDTH 10 0
BBX 7 9 1 0
BITMAP
72
1C
18
18
18
18
18
18
FE
ENDCHAR
STARTCHAR AB48
ENCODING 43848
SWIDTH 600 0
DWIDTH 10 0
BBX 9 9 1 0
BITMAP
DB80
E400
C000
C000
C000
C000
C000
C000
C000
ENDCHAR
STARTCHAR AB49
ENCODING 43849
SWIDTH 600 0
DWIDTH 10 0
BBX 9 9 1 0
BITMAP
F780
1C80
1800
1000
1000
7C00
9000
9000
7000
ENDCHAR
STARTCHAR AB4A
ENCODING 43850
SWIDTH 600 0
DWIDTH 10 0
BBX 10 9 0 0
BITMAP
37C0
3900
3000
3000
3000
7800
B800
B000
6000
ENDCHAR
STARTCHAR AB4B
ENCODING 43851
SWIDTH 600 0
DWIDTH 10 0
BBX 7 9 1 0
BITMAP
FE
06
06
06
06
06
06
06
06
ENDCHAR
STARTCHAR AB4C
ENCODING 43852
SWIDTH 600 0
DWIDTH 10 0
BBX 10 9 0 0
BITMAP
F800
0800
0800
0800
0B80
0C80
08C0
0C80
0780
ENDCHAR
STARTCHAR AB4D
ENCODING 43853
SWIDTH 600 0
DWIDTH 10 0
BBX 8 13 1 0
BITMAP
0F
19
18
18
18
18
18
18
18
18
18
18
F0
ENDCHAR
STARTCHAR AB4E
ENCODING 43854
SWIDTH 600 0
DWIDTH 10 0
BBX 8 9 1 0
BITMAP
C0
C0
C0
C0
C3
C3
C3
47
7B
ENDCHAR
STARTCHAR AB4F
ENCODING 43855
SWIDTH 600 0
DWIDTH 10 0
BBX 10 9 0 0
BITMAP
6000
6000
6000
6000
FFC0
6180
6180
2380
3D80
ENDCHAR
STARTCHAR AB50
ENCODING 43856
SWIDTH 600 0
DWIDTH 10 0
BBX 8 9 1 0
BITMAP
99
99
81
99
99
99
99
9B
ED
ENDCHAR
STARTCHAR AB51
ENCODING 43857
SWIDTH 600 0
DWIDTH 10 0
BBX 8 9 1 0
BITMAP
B7
D9
99
99
99
99
81
99
99
ENDCHAR
STARTCHAR AB52
ENCODING 43858
SWIDTH 600 0
DWIDTH 10 0
BBX 9 9 0 0
BITMAP
E180
A180
3180
3180
3180
3180
3180
3380
1D80
ENDCHAR
STARTCHAR AB53
ENCODING 43859
SWIDTH 600 0
DWIDTH 10 0
BBX 8 13 1 -4
BITMAP
E3
22
36
34
1C
18
18
38
28
6C
44
C6
C3
ENDCHAR
STARTCHAR AB54
ENCODING 43860
SWIDTH 600 0
DWIDTH 10 0
BBX 9 13 1 -4
BITMAP
6300
2600
3400
1400
1C00
1800
1800
1800
3800
2B80
6C80
4480
C780
ENDCHAR
STARTCHAR AB55
ENCODING 43861
SWIDTH 600 0
DWIDTH 10 0
BBX 9 13 0 -4
BITMAP
7180
1100
1300
1A00
0A00
0C00
0C00
0C00
0E00
1A00
9200
B300
E180
ENDCHAR
STARTCHAR AB56
ENCODING 43862
SWIDTH 600 0
DWIDTH 10 0
BBX 10 9 0 0
BITMAP
C300
6600
3400
1C00
1800
3D80
2640
6240
C380
ENDCHAR
STARTCHAR AB57
ENCODING 43863
SWIDTH 600 0
DWIDTH 10 0
BBX 8 13 0 -4
BITMAP
33
12
1E
0C
0C
0C
1E
12
33
20
60
40
C0
ENDCHAR
STARTCHAR AB58
ENCODING 43864
SWIDTH 600 0
DWIDTH 10 0
BBX 9 13 0 -4
BITMAP
6200
2600
3400
1C00
1800
1F80
1680
3680
2380
6000
6000
4000
C000
ENDCHAR
STARTCHAR AB59
ENCODING 43865
SWIDTH 600 0
DWIDTH 10 0
BBX 9 13 0 -4
BITMAP
3180
1B00
0A00
0E00
0400
0E00
0A00
1B00
1100
3000
A000
E000
C000
ENDCHAR
STARTCHAR AB5A
ENCODING 43866
SWIDTH 600 0
DWIDTH 10 0
BBX 7 13 1 -4
BITMAP
80
C0
40
62
26
24
34
18
18
18
10
30
E0
ENDCHAR
STARTCHAR AB5B
ENCODING 43867
SWIDTH 600 0
DWIDTH 10 0
BBX 6 5 2 8
BITMAP
CC
78
00
00
FC
ENDCHAR
STARTCHAR AB5C
ENCODING 43868
SWIDTH 600 0
DWIDTH 10 0
BBX 4 10 3 2
BITMAP
80
80
F0
90
90
90
90
10
10
30
ENDCHAR
STARTCHAR AB5D
ENCODING 43869
SWIDTH 600 0
DWIDTH 10 0
BBX 5 7 2 5
BITMAP
70
18
78
50
10
10
F8
ENDCHAR
STARTCHAR AB5E
ENCODING 43870
SWIDTH 600 0
DWIDTH 10 0
BBX 5 7 2 5
BITMAP
70
10
38
58
10
10
F8
ENDCHAR
STARTCHAR AB5F
ENCODING 43871
SWIDTH 600 0
DWIDTH 10 0
BBX 6 5 2 5
BITMAP
C4
44
44
44
3C
ENDCHAR
STARTCHAR AB60
ENCODING 43872
SWIDTH 600 0
DWIDTH 10 0
BBX 9 9 1 0
BITMAP
F800
8800
8800
8800
8F00
8980
8880
8980
8F00
ENDCHAR
STARTCHAR AB61
ENCODING 43873
SWIDTH 600 0
DWIDTH 10 0
BBX 10 9 0 0
BITMAP
C700
CD80
C880
C8C0
FFC0
D800
C800
CC80
C780
ENDCHAR
STARTCHAR AB62
ENCODING 43874
SWIDTH 600 0
DWIDTH 10 0
BBX 8 9 1 0
BITMAP
E6
39
19
19
1F
18
18
B9
E7
ENDCHAR
STARTCHAR AB63
ENCODING 43875
SWIDTH 600 0
DWIDTH 10 0
BBX 9 9 1 0
BITMAP
9E00
9900
9900
9980
9980
9980
9900
9900
F600
ENDCHAR
STARTCHAR AB64
ENCODING 43876
SWIDTH 600 0
DWIDTH 10 0
BBX 9 9 1 0
BITMAP
3980
6700
C300
C300
8300
C300
C300
6700
3B00
ENDCHAR
STARTCHAR AB65
ENCODING 43877
SWIDTH 600 0
DWIDTH 10 0
BBX 8 9 1 0
BITMAP
3C
66
C3
81
81
81
42
66
E7
ENDCHAR
STARTCHAR AB66
ENCODING 43878
SWIDTH 600 0
DWIDTH 10 0
BBX 11 16 0 -3
BITMAP
0C00
0C00
0C00
0C00
7FC0
4CC0
CC80
CD80
CD00
CD00
CE00
4E00
7FC0
00C0
0040
0060
ENDCHAR
STARTCHAR AB67
ENCODING 43879
SWIDTH 600 0
DWIDTH 10 0
BBX 9 14 0 -3
BITMAP
2000
6000
FF80
6C80
6800
6C00
6300
6180
6080
6080
3F80
0C00
0C00
0700
ENDCHAR
STARTCHAR AB68
ENCODING 43880
SWIDTH 600 0
DWIDTH 10 0
BBX 9 9 0 0
BITMAP
3F80
0400
0400
1D00
2700
0C00
0C00
9400
F700
ENDCHAR
STARTCHAR AB69
ENCODING 43881
SWIDTH 600 0
DWIDTH 10 0
BBX 6 6 2 5
BITMAP
48
48
B4
B4
B4
84
ENDCHAR
STARTCHAR AB6A
ENCODING 43882
SWIDTH 600 0
DWIDTH 10 0
BBX 3 3 3 3
BITMAP
20
E0
20
ENDCHAR
STARTCHAR AB6B
ENCODING 43883
SWIDTH 600 0
DWIDTH 10 0
BBX 3 3 4 3
BITMAP
80
E0
80
ENDCHAR
STARTCHAR FE00
ENCODING 65024
SWIDTH 0 0
DWIDTH 0 0
BBX 0 0 0 0
BITMAP
ENDCHAR
STARTCHAR FE20
ENCODING 65056
SWIDTH 0 0
DWIDTH 0 0
BBX 6 3 -3 10
BITMAP
1C
70
80
ENDCHAR
STARTCHAR FE21
ENCODING 65057
SWIDTH 0 0
DWIDTH 0 0
BBX 6 3 -3 10
BITMAP
E0
38
04
ENDCHAR
STARTCHAR FE22
ENCODING 65058
SWIDTH 0 0
DWIDTH 0 0
BBX 6 2 -3 10
BITMAP
7C
84
ENDCHAR
STARTCHAR FE23
ENCODING 65059
SWIDTH 0 0
DWIDTH 0 0
BBX 6 2 -3 10
BITMAP
04
F8
ENDCHAR
STARTCHAR FE24
ENCODING 65060
SWIDTH 0 0
DWIDTH 0 0
BBX 5 1 0 10
BITMAP
F8
ENDCHAR
STARTCHAR FE25
ENCODING 65061
SWIDTH 0 0
DWIDTH 0 0
BBX 5 1 -5 10
BITMAP
F8
ENDCHAR
STARTCHAR FE26
ENCODING 65062
SWIDTH 0 0
DWIDTH 0 0
BBX 10 1 -5 11
BITMAP
FFC0
ENDCHAR
STARTCHAR FE27
ENCODING 65063
SWIDTH 0 0
DWIDTH 0 0
BBX 6 3 -3 -4
BITMAP
80
60
3C
ENDCHAR
STARTCHAR FE28
ENCODING 65064
SWIDTH 0 0
DWIDTH 0 0
BBX 6 3 -3 -4
BITMAP
04
18
F0
ENDCHAR
STARTCHAR FE29
ENCODING 65065
SWIDTH 0 0
DWIDTH 0 0
BBX 6 2 -3 -4
BITMAP
7C
84
ENDCHAR
STARTCHAR FE2A
ENCODING 65066
SWIDTH 0 0
DWIDTH 0 0
BBX 6 2 -3 -4
BITMAP
04
F8
ENDCHAR
STARTCHAR FE2B
ENCODING 65067
SWIDTH 0 0
DWIDTH 0 0
BBX 5 1 0 -1
BITMAP
F8
ENDCHAR
STARTCHAR FE2C
ENCODING 65068
SWIDTH 0 0
DWIDTH 0 0
BBX 5 1 -5 -1
BITMAP
F8
ENDCHAR
STARTCHAR FE2D
ENCODING 65069
SWIDTH 0 0
DWIDTH 0 0
BBX 10 1 -5 -2
BITMAP
FFC0
ENDCHAR
STARTCHAR FE2E
ENCODING 65070
SWIDTH 0 0
DWIDTH 0 0
BBX 6 2 -3 9
BITMAP
FC
40
ENDCHAR
STARTCHAR FE2F
ENCODING 65071
SWIDTH 0 0
DWIDTH 0 0
BBX 6 2 -3 10
BITMAP
08
FC
ENDCHAR
STARTCHAR FEFF
ENCODING 65279
SWIDTH 0 0
DWIDTH 0 0
BBX 0 0 0 0
BITMAP
ENDCHAR
STARTCHAR FF5B
ENCODING 65371
SWIDTH 1200 0
DWIDTH 20 0
BBX 6 14 12 -2
BITMAP
0C
10
30
30
30
30
30
C0
30
30
30
30
30
1C
ENDCHAR
STARTCHAR FF5D
ENCODING 65373
SWIDTH 1200 0
DWIDTH 20 0
BBX 6 14 2 -2
BITMAP
E0
30
30
30
30
30
0C
10
30
30
30
30
20
E0
ENDCHAR
STARTCHAR FFFC
ENCODING 65532
SWIDTH 1200 0
DWIDTH 20 0
BBX 16 16 2 -3
BITMAP
EDB7
8001
8001
0000
8001
9DC9
3768
A3C9
B529
1DD8
8001
8001
0000
8001
8001
EDB7
ENDCHAR
STARTCHAR FFFD
ENCODING 65533
SWIDTH 1200 0
DWIDTH 20 0
BBX 16 16 2 -3
BITMAP
0100
0180
03C0
07E0
0830
1D98
3F9C
FF3F
7E7E
3E7C
1FF8
0E70
0660
03C0
0180
0100
ENDCHAR
ENDFONT
